epoch,lr-AdamW/pg1,lr-AdamW/pg2,step,train/acc,train/loss_epoch,train/loss_step,val/acc,val/auroc,val/f1,val/loss,val/macro_precision,val/mcc,val/precision_c0,val/precision_c1,val/precision_c2,val/precision_c3,val/recall
,2.9999999999999997e-05,2.9999999999999997e-05,0,,,,,,,,,,,,,,
0,,,19,,,1.4075373411178589,,,,,,,,,,,
0,,,39,,,1.3496781587600708,,,,,,,,,,,
0,,,59,,,1.2407397031784058,,,,,,,,,,,
0,,,79,,,1.346971035003662,,,,,,,,,,,
0,,,99,,,1.1221508979797363,,,,,,,,,,,
0,,,119,,,1.0816885232925415,,,,,,,,,,,
0,,,139,,,1.0412083864212036,,,,,,,,,,,
0,,,159,,,1.025644302368164,,,,,,,,,,,
0,,,179,,,0.8882569670677185,,,,,,,,,,,
0,,,199,,,0.7700163125991821,,,,,,,,,,,
0,,,219,,,1.1473196744918823,,,,,,,,,,,
0,,,239,,,1.0764074325561523,,,,,,,,,,,
0,,,259,,,0.9015344977378845,,,,,,,,,,,
0,,,279,,,1.0574921369552612,,,,,,,,,,,
0,,,299,,,0.7173056602478027,,,,,,,,,,,
0,,,319,,,0.990398108959198,,,,,,,,,,,
0,,,339,,,0.7009149193763733,,,,,,,,,,,
0,,,359,,,0.9756749868392944,,,,,,,,,,,
0,,,379,,,0.6489516496658325,,,,,,,,,,,
0,,,399,,,0.7465460300445557,,,,,,,,,,,
0,,,419,,,0.9042984247207642,,,,,,,,,,,
0,,,439,,,0.8642362952232361,,,,,,,,,,,
0,,,459,,,0.8049554228782654,,,,,,,,,,,
0,,,479,,,0.9001157879829407,,,,,,,,,,,
0,,,499,,,0.7675116062164307,,,,,,,,,,,
0,,,519,,,0.8231042623519897,,,,,,,,,,,
0,,,539,,,0.678036630153656,,,,,,,,,,,
0,,,559,,,0.7772871255874634,,,,,,,,,,,
0,,,579,,,0.9093189239501953,,,,,,,,,,,
0,,,599,,,0.8226211071014404,,,,,,,,,,,
0,,,619,,,0.8353716135025024,,,,,,,,,,,
0,,,639,,,0.6928394436836243,,,,,,,,,,,
0,,,659,,,0.6506924629211426,,,,,,,,,,,
0,,,679,,,0.615206241607666,,,,,,,,,,,
0,,,699,,,0.6735670566558838,,,,,,,,,,,
0,,,719,,,0.7678475975990295,,,,,,,,,,,
0,,,739,,,0.8421741724014282,,,,,,,,,,,
0,,,759,,,0.7143058776855469,,,,,,,,,,,
0,,,779,,,0.6851469278335571,,,,,,,,,,,
0,,,799,,,0.623119592666626,,,,,,,,,,,
0,,,819,,,0.6875420212745667,,,,,,,,,,,
0,,,839,,,0.9587646722793579,,,,,,,,,,,
0,,,859,,,0.6615136861801147,,,,,,,,,,,
0,,,879,,,0.6269556283950806,,,,,,,,,,,
0,,,899,,,0.7172634601593018,,,,,,,,,,,
0,,,919,,,0.5296726226806641,,,,,,,,,,,
0,,,939,,,0.6827872395515442,,,,,,,,,,,
0,,,959,,,0.8096225261688232,,,,,,,,,,,
0,,,979,,,0.650667130947113,,,,,,,,,,,
0,,,999,,,0.6404122114181519,,,,,,,,,,,
0,,,1019,,,0.5954487323760986,,,,,,,,,,,
0,,,1039,,,0.7492590546607971,,,,,,,,,,,
0,,,1059,,,0.7570666074752808,,,,,,,,,,,
0,,,1079,,,0.6059726476669312,,,,,,,,,,,
0,,,1099,,,0.7418779134750366,,,,,,,,,,,
0,,,1119,,,0.620808482170105,,,,,,,,,,,
0,,,1139,,,0.4886924624443054,,,,,,,,,,,
0,,,1159,,,0.6187624931335449,,,,,,,,,,,
0,,,1179,,,0.5864794254302979,,,,,,,,,,,
0,,,1199,,,0.8046740293502808,,,,,,,,,,,
0,,,1219,,,0.6444397568702698,,,,,,,,,,,
0,,,1239,,,0.5896759629249573,,,,,,,,,,,
0,,,1259,,,0.5206687450408936,,,,,,,,,,,
0,,,1279,,,0.7802737951278687,,,,,,,,,,,
0,,,1299,,,0.6305856108665466,,,,,,,,,,,
0,,,1319,,,0.5673202276229858,,,,,,,,,,,
0,,,1339,,,0.7490353584289551,,,,,,,,,,,
0,,,1359,,,0.6107438802719116,,,,,,,,,,,
0,,,1379,,,0.5718429684638977,,,,,,,,,,,
0,,,1399,,,0.6778014898300171,,,,,,,,,,,
0,,,1419,,,0.8149923086166382,,,,,,,,,,,
0,,,1439,,,0.563849151134491,,,,,,,,,,,
0,,,1459,,,0.6327030062675476,,,,,,,,,,,
0,,,1479,,,0.6741840839385986,,,,,,,,,,,
0,,,1499,,,0.9266664981842041,,,,,,,,,,,
0,,,1519,,,0.47497838735580444,,,,,,,,,,,
0,,,1539,,,0.8037523627281189,,,,,,,,,,,
0,,,1559,,,0.6040868163108826,,,,,,,,,,,
0,,,1579,,,0.8747925162315369,,,,,,,,,,,
0,,,1599,,,0.5888339877128601,,,,,,,,,,,
0,,,1619,,,0.4249107837677002,,,,,,,,,,,
0,,,1639,,,0.530307948589325,,,,,,,,,,,
0,,,1659,,,0.8644906282424927,,,,,,,,,,,
0,,,1679,,,0.6308602094650269,,,,,,,,,,,
0,,,1699,,,0.7022437453269958,,,,,,,,,,,
0,,,1719,,,0.6281493902206421,,,,,,,,,,,
0,,,1739,,,0.4615825414657593,,,,,,,,,,,
0,,,1759,,,0.5146561861038208,,,,,,,,,,,
0,,,1779,,,0.6660168170928955,,,,,,,,,,,
0,,,1799,,,0.6515494585037231,,,,,,,,,,,
0,,,1819,,,0.6994056701660156,,,,,,,,,,,
0,,,1839,,,0.44905006885528564,,,,,,,,,,,
0,,,1859,,,0.6208714246749878,,,,,,,,,,,
0,,,1879,,,0.5431046485900879,,,,,,,,,,,
0,,,1899,,,0.7986579537391663,,,,,,,,,,,
0,,,1919,,,0.5977098941802979,,,,,,,,,,,
0,,,1939,,,0.6009133458137512,,,,,,,,,,,
0,,,1959,,,0.9120698571205139,,,,,,,,,,,
0,,,1979,,,0.5188992023468018,,,,,,,,,,,
0,,,1999,,,0.6200423836708069,,,,,,,,,,,
0,,,2019,,,0.6001226902008057,,,,,,,,,,,
0,,,2039,,,0.7259382009506226,,,,,,,,,,,
0,,,2059,,,0.5302304029464722,,,,,,,,,,,
0,,,2079,,,0.7041043639183044,,,,,,,,,,,
0,,,2099,,,0.5778957009315491,,,,,,,,,,,
0,,,2119,,,0.649492621421814,,,,,,,,,,,
0,,,2139,,,0.39422842860221863,,,,,,,,,,,
0,,,2159,,,0.49903324246406555,,,,,,,,,,,
0,,,2179,,,0.7658518552780151,,,,,,,,,,,
0,,,2199,,,0.5795074105262756,,,,,,,,,,,
0,,,2219,,,0.5997124314308167,,,,,,,,,,,
0,,,2239,,,0.37214595079421997,,,,,,,,,,,
0,,,2259,,,0.5226240158081055,,,,,,,,,,,
0,,,2279,,,0.4372369050979614,,,,,,,,,,,
0,,,2299,,,0.38287273049354553,,,,,,,,,,,
0,,,2319,,,0.5122262239456177,,,,,,,,,,,
0,,,2339,,,0.7674413323402405,,,,,,,,,,,
0,,,2359,,,0.6306052803993225,,,,,,,,,,,
0,,,2379,,,0.5093131065368652,,,,,,,,,,,
0,,,2399,,,0.4954216778278351,,,,,,,,,,,
0,,,2419,,,0.5023474097251892,,,,,,,,,,,
0,,,2439,,,0.5257463455200195,,,,,,,,,,,
0,,,2459,,,0.5995181798934937,,,,,,,,,,,
0,,,2479,,,0.45585936307907104,,,,,,,,,,,
0,,,2499,,,0.6038509011268616,,,,,,,,,,,
0,,,2519,,,0.5331945419311523,,,,,,,,,,,
0,,,2539,,,0.5913058519363403,,,,,,,,,,,
0,,,2559,,,0.6813029646873474,,,,,,,,,,,
0,,,2579,,,0.5043107867240906,,,,,,,,,,,
0,,,2599,,,0.5616871118545532,,,,,,,,,,,
0,,,2619,,,0.6096240282058716,,,,,,,,,,,
0,,,2639,,,0.6918679475784302,,,,,,,,,,,
0,,,2659,,,0.6711738109588623,,,,,,,,,,,
0,,,2679,,,0.8291706442832947,,,,,,,,,,,
0,,,2699,,,0.5960792899131775,,,,,,,,,,,
0,,,2719,,,0.42902871966362,,,,,,,,,,,
0,,,2739,,,0.553097128868103,,,,,,,,,,,
0,,,2759,,,0.6022893190383911,,,,,,,,,,,
0,,,2779,,,0.643583357334137,,,,,,,,,,,
0,,,2799,,,0.46709954738616943,,,,,,,,,,,
0,,,2819,,,0.43814101815223694,,,,,,,,,,,
0,,,2839,,,0.5799869298934937,,,,,,,,,,,
0,,,2859,,,0.4059361219406128,,,,,,,,,,,
0,,,2879,,,0.5888205766677856,,,,,,,,,,,
0,,,2899,,,0.626622200012207,,,,,,,,,,,
0,,,2919,,,0.6351771950721741,,,,,,,,,,,
0,,,2939,,,0.39345812797546387,,,,,,,,,,,
0,,,2959,,,0.7498800754547119,,,,,,,,,,,
0,,,2979,,,0.516789436340332,,,,,,,,,,,
0,,,2999,,,0.6168445944786072,,,,,,,,,,,
0,,,3019,,,0.5411120057106018,,,,,,,,,,,
0,,,3039,,,0.40906962752342224,,,,,,,,,,,
0,,,3059,,,0.4975912570953369,,,,,,,,,,,
0,,,3079,,,0.6026990413665771,,,,,,,,,,,
0,,,3099,,,0.623367428779602,,,,,,,,,,,
0,,,3119,,,0.4852060377597809,,,,,,,,,,,
0,,,3139,,,1.0061354637145996,,,,,,,,,,,
0,,,3159,,,0.5275652408599854,,,,,,,,,,,
0,,,3179,,,0.464786171913147,,,,,,,,,,,
0,,,3199,,,0.5271384716033936,,,,,,,,,,,
0,,,3219,,,0.5337703227996826,,,,,,,,,,,
0,,,3239,,,0.6514459252357483,,,,,,,,,,,
0,,,3259,,,0.5007110834121704,,,,,,,,,,,
0,,,3279,,,0.5492011308670044,,,,,,,,,,,
0,,,3299,,,0.3812730014324188,,,,,,,,,,,
0,,,3319,,,0.8057151436805725,,,,,,,,,,,
0,,,3339,,,0.44672712683677673,,,,,,,,,,,
0,,,3359,,,0.8467121124267578,,,,,,,,,,,
0,,,3379,,,0.7670080661773682,,,,,,,,,,,
0,,,3399,,,0.5702724456787109,,,,,,,,,,,
0,,,3419,,,0.5562888383865356,,,,,,,,,,,
0,,,3439,,,0.4355817139148712,,,,,,,,,,,
0,,,3459,,,0.6707116961479187,,,,,,,,,,,
0,,,3479,,,0.31363868713378906,,,,,,,,,,,
0,,,3481,,,,0.6016003489494324,0.8574943542480469,0.5416057705879211,0.9985949397087097,0.6150064468383789,0.44218382239341736,0.5356988310813904,0.895182728767395,0.7495132088661194,0.27963119745254517,0.6016003489494324
0,,,3481,0.6894534826278687,0.6734150648117065,,,,,,,,,,,,
,5.9999999999999995e-05,5.9999999999999995e-05,3482,,,,,,,,,,,,,,
1,,,3499,,,0.35627344250679016,,,,,,,,,,,
1,,,3519,,,0.5284998416900635,,,,,,,,,,,
1,,,3539,,,0.581851601600647,,,,,,,,,,,
1,,,3559,,,0.5284742116928101,,,,,,,,,,,
1,,,3579,,,0.4954684376716614,,,,,,,,,,,
1,,,3599,,,0.7727025151252747,,,,,,,,,,,
1,,,3619,,,0.6186139583587646,,,,,,,,,,,
1,,,3639,,,0.4020133912563324,,,,,,,,,,,
1,,,3659,,,0.30145731568336487,,,,,,,,,,,
1,,,3679,,,0.5820183753967285,,,,,,,,,,,
1,,,3699,,,0.5469673871994019,,,,,,,,,,,
1,,,3719,,,0.5299743413925171,,,,,,,,,,,
1,,,3739,,,0.4733750522136688,,,,,,,,,,,
1,,,3759,,,0.3890610635280609,,,,,,,,,,,
1,,,3779,,,0.4923053979873657,,,,,,,,,,,
1,,,3799,,,0.49773135781288147,,,,,,,,,,,
1,,,3819,,,0.5619370341300964,,,,,,,,,,,
1,,,3839,,,0.8144878149032593,,,,,,,,,,,
1,,,3859,,,0.5986177325248718,,,,,,,,,,,
1,,,3879,,,0.4400117099285126,,,,,,,,,,,
1,,,3899,,,0.4750926196575165,,,,,,,,,,,
1,,,3919,,,0.5337961316108704,,,,,,,,,,,
1,,,3939,,,0.6373193860054016,,,,,,,,,,,
1,,,3959,,,0.29749226570129395,,,,,,,,,,,
1,,,3979,,,0.547918975353241,,,,,,,,,,,
1,,,3999,,,0.39272356033325195,,,,,,,,,,,
1,,,4019,,,0.38674378395080566,,,,,,,,,,,
1,,,4039,,,0.5220503807067871,,,,,,,,,,,
1,,,4059,,,0.7529779076576233,,,,,,,,,,,
1,,,4079,,,0.4317609965801239,,,,,,,,,,,
1,,,4099,,,0.5344747304916382,,,,,,,,,,,
1,,,4119,,,0.3748018145561218,,,,,,,,,,,
1,,,4139,,,0.3685227334499359,,,,,,,,,,,
1,,,4159,,,0.3564595878124237,,,,,,,,,,,
1,,,4179,,,0.41344785690307617,,,,,,,,,,,
1,,,4199,,,0.40302783250808716,,,,,,,,,,,
1,,,4219,,,0.44319435954093933,,,,,,,,,,,
1,,,4239,,,0.4687335789203644,,,,,,,,,,,
1,,,4259,,,0.64376300573349,,,,,,,,,,,
1,,,4279,,,0.6590465903282166,,,,,,,,,,,
1,,,4299,,,0.4676781892776489,,,,,,,,,,,
1,,,4319,,,0.5145946741104126,,,,,,,,,,,
1,,,4339,,,0.382154256105423,,,,,,,,,,,
1,,,4359,,,0.7794668078422546,,,,,,,,,,,
1,,,4379,,,0.5305052399635315,,,,,,,,,,,
1,,,4399,,,0.42735058069229126,,,,,,,,,,,
1,,,4419,,,0.8051563501358032,,,,,,,,,,,
1,,,4439,,,0.5314462184906006,,,,,,,,,,,
1,,,4459,,,0.4082505404949188,,,,,,,,,,,
1,,,4479,,,0.4577004313468933,,,,,,,,,,,
1,,,4499,,,0.5486080646514893,,,,,,,,,,,
1,,,4519,,,0.3524754047393799,,,,,,,,,,,
1,,,4539,,,0.5679265260696411,,,,,,,,,,,
1,,,4559,,,0.30577442049980164,,,,,,,,,,,
1,,,4579,,,0.23387955129146576,,,,,,,,,,,
1,,,4599,,,0.4982925057411194,,,,,,,,,,,
1,,,4619,,,0.3838198184967041,,,,,,,,,,,
1,,,4639,,,0.3445736765861511,,,,,,,,,,,
1,,,4659,,,0.462779700756073,,,,,,,,,,,
1,,,4679,,,0.436759889125824,,,,,,,,,,,
1,,,4699,,,0.4439511299133301,,,,,,,,,,,
1,,,4719,,,0.7013833522796631,,,,,,,,,,,
1,,,4739,,,0.37365859746932983,,,,,,,,,,,
1,,,4759,,,0.7091795802116394,,,,,,,,,,,
1,,,4779,,,0.4134792983531952,,,,,,,,,,,
1,,,4799,,,0.5167931914329529,,,,,,,,,,,
1,,,4819,,,0.3879070281982422,,,,,,,,,,,
1,,,4839,,,0.5153688788414001,,,,,,,,,,,
1,,,4859,,,0.4483833611011505,,,,,,,,,,,
1,,,4879,,,0.645624041557312,,,,,,,,,,,
1,,,4899,,,0.37033310532569885,,,,,,,,,,,
1,,,4919,,,0.3805758059024811,,,,,,,,,,,
1,,,4939,,,0.5012789368629456,,,,,,,,,,,
1,,,4959,,,0.5496907234191895,,,,,,,,,,,
1,,,4979,,,0.5150217413902283,,,,,,,,,,,
1,,,4999,,,0.5144211053848267,,,,,,,,,,,
1,,,5019,,,0.5245632529258728,,,,,,,,,,,
1,,,5039,,,0.507576584815979,,,,,,,,,,,
1,,,5059,,,0.4413178861141205,,,,,,,,,,,
1,,,5079,,,0.38930827379226685,,,,,,,,,,,
1,,,5099,,,0.4763900935649872,,,,,,,,,,,
1,,,5119,,,0.48752057552337646,,,,,,,,,,,
1,,,5139,,,0.4845753014087677,,,,,,,,,,,
1,,,5159,,,0.5238166451454163,,,,,,,,,,,
1,,,5179,,,0.3825439214706421,,,,,,,,,,,
1,,,5199,,,0.40012532472610474,,,,,,,,,,,
1,,,5219,,,0.5361284017562866,,,,,,,,,,,
1,,,5239,,,0.37276390194892883,,,,,,,,,,,
1,,,5259,,,0.516873300075531,,,,,,,,,,,
1,,,5279,,,0.7186117768287659,,,,,,,,,,,
1,,,5299,,,0.32195284962654114,,,,,,,,,,,
1,,,5319,,,0.43750593066215515,,,,,,,,,,,
1,,,5339,,,0.34304535388946533,,,,,,,,,,,
1,,,5359,,,0.40878599882125854,,,,,,,,,,,
1,,,5379,,,0.3255594074726105,,,,,,,,,,,
1,,,5399,,,0.3203984797000885,,,,,,,,,,,
1,,,5419,,,0.3749743700027466,,,,,,,,,,,
1,,,5439,,,0.3329761028289795,,,,,,,,,,,
1,,,5459,,,0.4659958779811859,,,,,,,,,,,
1,,,5479,,,0.390486478805542,,,,,,,,,,,
1,,,5499,,,0.38559603691101074,,,,,,,,,,,
1,,,5519,,,0.6194531917572021,,,,,,,,,,,
1,,,5539,,,0.6502819061279297,,,,,,,,,,,
1,,,5559,,,0.3157694935798645,,,,,,,,,,,
1,,,5579,,,0.6043806076049805,,,,,,,,,,,
1,,,5599,,,0.4199526309967041,,,,,,,,,,,
1,,,5619,,,0.5223031640052795,,,,,,,,,,,
1,,,5639,,,0.4102964699268341,,,,,,,,,,,
1,,,5659,,,0.7329619526863098,,,,,,,,,,,
1,,,5679,,,0.6375075578689575,,,,,,,,,,,
1,,,5699,,,0.4047662913799286,,,,,,,,,,,
1,,,5719,,,0.582872748374939,,,,,,,,,,,
1,,,5739,,,0.518700897693634,,,,,,,,,,,
1,,,5759,,,0.5119130611419678,,,,,,,,,,,
1,,,5779,,,0.6316792368888855,,,,,,,,,,,
1,,,5799,,,0.7571530938148499,,,,,,,,,,,
1,,,5819,,,0.3943585455417633,,,,,,,,,,,
1,,,5839,,,0.6142680644989014,,,,,,,,,,,
1,,,5859,,,0.4090219736099243,,,,,,,,,,,
1,,,5879,,,0.4668925404548645,,,,,,,,,,,
1,,,5899,,,0.4776815176010132,,,,,,,,,,,
1,,,5919,,,0.41320186853408813,,,,,,,,,,,
1,,,5939,,,0.46189266443252563,,,,,,,,,,,
1,,,5959,,,0.6359422206878662,,,,,,,,,,,
1,,,5979,,,0.5165979266166687,,,,,,,,,,,
1,,,5999,,,0.28427693247795105,,,,,,,,,,,
1,,,6019,,,0.4681994318962097,,,,,,,,,,,
1,,,6039,,,0.745910108089447,,,,,,,,,,,
1,,,6059,,,0.35636866092681885,,,,,,,,,,,
1,,,6079,,,0.17923171818256378,,,,,,,,,,,
1,,,6099,,,0.29125553369522095,,,,,,,,,,,
1,,,6119,,,0.7531538605690002,,,,,,,,,,,
1,,,6139,,,0.39630675315856934,,,,,,,,,,,
1,,,6159,,,0.2850096821784973,,,,,,,,,,,
1,,,6179,,,0.5587127208709717,,,,,,,,,,,
1,,,6199,,,0.3770484924316406,,,,,,,,,,,
1,,,6219,,,0.4064166247844696,,,,,,,,,,,
1,,,6239,,,0.3867069482803345,,,,,,,,,,,
1,,,6259,,,0.4461666941642761,,,,,,,,,,,
1,,,6279,,,0.5804100036621094,,,,,,,,,,,
1,,,6299,,,0.34672316908836365,,,,,,,,,,,
1,,,6319,,,0.29623401165008545,,,,,,,,,,,
1,,,6339,,,0.5278321504592896,,,,,,,,,,,
1,,,6359,,,0.3039197325706482,,,,,,,,,,,
1,,,6379,,,0.6152675747871399,,,,,,,,,,,
1,,,6399,,,0.6003759503364563,,,,,,,,,,,
1,,,6419,,,0.5038431882858276,,,,,,,,,,,
1,,,6439,,,0.4461488425731659,,,,,,,,,,,
1,,,6459,,,0.28175511956214905,,,,,,,,,,,
1,,,6479,,,0.6272825002670288,,,,,,,,,,,
1,,,6499,,,0.32795441150665283,,,,,,,,,,,
1,,,6519,,,0.2565959692001343,,,,,,,,,,,
1,,,6539,,,0.40953347086906433,,,,,,,,,,,
1,,,6559,,,0.789792537689209,,,,,,,,,,,
1,,,6579,,,0.6306614875793457,,,,,,,,,,,
1,,,6599,,,0.31419646739959717,,,,,,,,,,,
1,,,6619,,,0.38149869441986084,,,,,,,,,,,
1,,,6639,,,0.29840534925460815,,,,,,,,,,,
1,,,6659,,,0.5256283283233643,,,,,,,,,,,
1,,,6679,,,0.7121180295944214,,,,,,,,,,,
1,,,6699,,,0.549780547618866,,,,,,,,,,,
1,,,6719,,,0.4441494047641754,,,,,,,,,,,
1,,,6739,,,0.6141282320022583,,,,,,,,,,,
1,,,6759,,,0.5326640009880066,,,,,,,,,,,
1,,,6779,,,0.5340230464935303,,,,,,,,,,,
1,,,6799,,,0.4505905210971832,,,,,,,,,,,
1,,,6819,,,0.517922580242157,,,,,,,,,,,
1,,,6839,,,0.356856107711792,,,,,,,,,,,
1,,,6859,,,0.21352794766426086,,,,,,,,,,,
1,,,6879,,,0.6587530374526978,,,,,,,,,,,
1,,,6899,,,0.4375705122947693,,,,,,,,,,,
1,,,6919,,,0.36815130710601807,,,,,,,,,,,
1,,,6939,,,0.522139847278595,,,,,,,,,,,
1,,,6959,,,0.2736166715621948,,,,,,,,,,,
1,,,6963,,,,0.6457275748252869,0.8798308372497559,0.5957549810409546,0.8311785459518433,0.6180475950241089,0.4946727752685547,0.5955666899681091,0.7263593077659607,0.8246779441833496,0.32558634877204895,0.6457275748252869
1,,,6963,0.771440863609314,0.4902195930480957,,,,,,,,,,,,
,8.999999999999999e-05,8.999999999999999e-05,6964,,,,,,,,,,,,,,
2,,,6979,,,0.5884110927581787,,,,,,,,,,,
2,,,6999,,,0.47478434443473816,,,,,,,,,,,
2,,,7019,,,0.49177759885787964,,,,,,,,,,,
2,,,7039,,,0.5149894952774048,,,,,,,,,,,
2,,,7059,,,0.41821935772895813,,,,,,,,,,,
2,,,7079,,,0.6272095441818237,,,,,,,,,,,
2,,,7099,,,0.5120452642440796,,,,,,,,,,,
2,,,7119,,,0.42522671818733215,,,,,,,,,,,
2,,,7139,,,0.35395076870918274,,,,,,,,,,,
2,,,7159,,,0.4524952173233032,,,,,,,,,,,
2,,,7179,,,0.48626044392585754,,,,,,,,,,,
2,,,7199,,,0.3225548565387726,,,,,,,,,,,
2,,,7219,,,0.7476992607116699,,,,,,,,,,,
2,,,7239,,,0.48895519971847534,,,,,,,,,,,
2,,,7259,,,0.45252183079719543,,,,,,,,,,,
2,,,7279,,,0.5234392881393433,,,,,,,,,,,
2,,,7299,,,0.5545638799667358,,,,,,,,,,,
2,,,7319,,,0.38923734426498413,,,,,,,,,,,
2,,,7339,,,0.5269212126731873,,,,,,,,,,,
2,,,7359,,,0.4311727285385132,,,,,,,,,,,
2,,,7379,,,0.3868306577205658,,,,,,,,,,,
2,,,7399,,,0.4772472679615021,,,,,,,,,,,
2,,,7419,,,0.388945996761322,,,,,,,,,,,
2,,,7439,,,0.587408185005188,,,,,,,,,,,
2,,,7459,,,0.47432318329811096,,,,,,,,,,,
2,,,7479,,,0.4688360393047333,,,,,,,,,,,
2,,,7499,,,0.5625321865081787,,,,,,,,,,,
2,,,7519,,,0.26784417033195496,,,,,,,,,,,
2,,,7539,,,0.47307443618774414,,,,,,,,,,,
2,,,7559,,,0.543709397315979,,,,,,,,,,,
2,,,7579,,,0.4030732810497284,,,,,,,,,,,
2,,,7599,,,0.5274840593338013,,,,,,,,,,,
2,,,7619,,,0.5706088542938232,,,,,,,,,,,
2,,,7639,,,0.19494883716106415,,,,,,,,,,,
2,,,7659,,,0.5257906317710876,,,,,,,,,,,
2,,,7679,,,0.5929374694824219,,,,,,,,,,,
2,,,7699,,,0.4248591363430023,,,,,,,,,,,
2,,,7719,,,0.6227712631225586,,,,,,,,,,,
2,,,7739,,,0.2768312096595764,,,,,,,,,,,
2,,,7759,,,0.3839383125305176,,,,,,,,,,,
2,,,7779,,,0.42596715688705444,,,,,,,,,,,
2,,,7799,,,0.2735820412635803,,,,,,,,,,,
2,,,7819,,,0.4066701829433441,,,,,,,,,,,
2,,,7839,,,0.5081676244735718,,,,,,,,,,,
2,,,7859,,,0.399996817111969,,,,,,,,,,,
2,,,7879,,,0.34227079153060913,,,,,,,,,,,
2,,,7899,,,0.3645024597644806,,,,,,,,,,,
2,,,7919,,,0.3661903142929077,,,,,,,,,,,
2,,,7939,,,0.4518883228302002,,,,,,,,,,,
2,,,7959,,,0.26270341873168945,,,,,,,,,,,
2,,,7979,,,0.7122706174850464,,,,,,,,,,,
2,,,7999,,,0.6908353567123413,,,,,,,,,,,
2,,,8019,,,0.3422333598136902,,,,,,,,,,,
2,,,8039,,,0.3572719395160675,,,,,,,,,,,
2,,,8059,,,0.3896676003932953,,,,,,,,,,,
2,,,8079,,,0.42885735630989075,,,,,,,,,,,
2,,,8099,,,0.34253478050231934,,,,,,,,,,,
2,,,8119,,,0.5253762006759644,,,,,,,,,,,
2,,,8139,,,0.6838005185127258,,,,,,,,,,,
2,,,8159,,,0.551892101764679,,,,,,,,,,,
2,,,8179,,,0.4640064537525177,,,,,,,,,,,
2,,,8199,,,0.6409430503845215,,,,,,,,,,,
2,,,8219,,,0.23277796804904938,,,,,,,,,,,
2,,,8239,,,0.33037203550338745,,,,,,,,,,,
2,,,8259,,,0.48678645491600037,,,,,,,,,,,
2,,,8279,,,0.41628170013427734,,,,,,,,,,,
2,,,8299,,,0.7484040856361389,,,,,,,,,,,
2,,,8319,,,0.5421000719070435,,,,,,,,,,,
2,,,8339,,,0.47789573669433594,,,,,,,,,,,
2,,,8359,,,0.4669947326183319,,,,,,,,,,,
2,,,8379,,,0.46639370918273926,,,,,,,,,,,
2,,,8399,,,0.21983475983142853,,,,,,,,,,,
2,,,8419,,,0.21108661592006683,,,,,,,,,,,
2,,,8439,,,0.5429860353469849,,,,,,,,,,,
2,,,8459,,,0.6197216510772705,,,,,,,,,,,
2,,,8479,,,0.2875908315181732,,,,,,,,,,,
2,,,8499,,,0.35641124844551086,,,,,,,,,,,
2,,,8519,,,0.2873521149158478,,,,,,,,,,,
2,,,8539,,,0.3683343827724457,,,,,,,,,,,
2,,,8559,,,0.6201268434524536,,,,,,,,,,,
2,,,8579,,,0.25059932470321655,,,,,,,,,,,
2,,,8599,,,0.3162596523761749,,,,,,,,,,,
2,,,8619,,,0.3179563581943512,,,,,,,,,,,
2,,,8639,,,0.3329577147960663,,,,,,,,,,,
2,,,8659,,,0.3376923203468323,,,,,,,,,,,
2,,,8679,,,0.2398221641778946,,,,,,,,,,,
2,,,8699,,,0.4664098024368286,,,,,,,,,,,
2,,,8719,,,0.47563645243644714,,,,,,,,,,,
2,,,8739,,,0.273938924074173,,,,,,,,,,,
2,,,8759,,,0.3107335865497589,,,,,,,,,,,
2,,,8779,,,0.2811567485332489,,,,,,,,,,,
2,,,8799,,,0.3292445242404938,,,,,,,,,,,
2,,,8819,,,0.3940727710723877,,,,,,,,,,,
2,,,8839,,,0.4853987991809845,,,,,,,,,,,
2,,,8859,,,0.7364271879196167,,,,,,,,,,,
2,,,8879,,,0.3684551417827606,,,,,,,,,,,
2,,,8899,,,0.39923277497291565,,,,,,,,,,,
2,,,8919,,,0.3673122525215149,,,,,,,,,,,
2,,,8939,,,0.428764671087265,,,,,,,,,,,
2,,,8959,,,0.36854085326194763,,,,,,,,,,,
2,,,8979,,,0.33437231183052063,,,,,,,,,,,
2,,,8999,,,0.3401302099227905,,,,,,,,,,,
2,,,9019,,,0.334494411945343,,,,,,,,,,,
2,,,9039,,,0.4388342797756195,,,,,,,,,,,
2,,,9059,,,0.2845301926136017,,,,,,,,,,,
2,,,9079,,,0.4188079535961151,,,,,,,,,,,
2,,,9099,,,0.3311223089694977,,,,,,,,,,,
2,,,9119,,,0.33619198203086853,,,,,,,,,,,
2,,,9139,,,0.21368244290351868,,,,,,,,,,,
2,,,9159,,,0.7672397494316101,,,,,,,,,,,
2,,,9179,,,0.2509547173976898,,,,,,,,,,,
2,,,9199,,,0.42420703172683716,,,,,,,,,,,
2,,,9219,,,0.34027886390686035,,,,,,,,,,,
2,,,9239,,,0.26633989810943604,,,,,,,,,,,
2,,,9259,,,0.4559387266635895,,,,,,,,,,,
2,,,9279,,,0.32141348719596863,,,,,,,,,,,
2,,,9299,,,0.591891884803772,,,,,,,,,,,
2,,,9319,,,0.5367830395698547,,,,,,,,,,,
2,,,9339,,,0.29680123925209045,,,,,,,,,,,
2,,,9359,,,0.7330989241600037,,,,,,,,,,,
2,,,9379,,,0.4044130742549896,,,,,,,,,,,
2,,,9399,,,0.4471755623817444,,,,,,,,,,,
2,,,9419,,,0.5700545907020569,,,,,,,,,,,
2,,,9439,,,0.3848118484020233,,,,,,,,,,,
2,,,9459,,,0.7166034579277039,,,,,,,,,,,
2,,,9479,,,0.4234875440597534,,,,,,,,,,,
2,,,9499,,,0.5105843544006348,,,,,,,,,,,
2,,,9519,,,0.38992536067962646,,,,,,,,,,,
2,,,9539,,,0.29932940006256104,,,,,,,,,,,
2,,,9559,,,0.48375073075294495,,,,,,,,,,,
2,,,9579,,,0.4115642011165619,,,,,,,,,,,
2,,,9599,,,0.4462405741214752,,,,,,,,,,,
2,,,9619,,,0.5435106754302979,,,,,,,,,,,
2,,,9639,,,0.35875648260116577,,,,,,,,,,,
2,,,9659,,,0.2887876331806183,,,,,,,,,,,
2,,,9679,,,0.45867764949798584,,,,,,,,,,,
2,,,9699,,,0.33340510725975037,,,,,,,,,,,
2,,,9719,,,0.3909434974193573,,,,,,,,,,,
2,,,9739,,,0.3171282112598419,,,,,,,,,,,
2,,,9759,,,0.4717983305454254,,,,,,,,,,,
2,,,9779,,,0.7043910026550293,,,,,,,,,,,
2,,,9799,,,0.38175851106643677,,,,,,,,,,,
2,,,9819,,,0.4908193051815033,,,,,,,,,,,
2,,,9839,,,0.39981964230537415,,,,,,,,,,,
2,,,9859,,,0.48150572180747986,,,,,,,,,,,
2,,,9879,,,0.49999475479125977,,,,,,,,,,,
2,,,9899,,,0.23943546414375305,,,,,,,,,,,
2,,,9919,,,0.32955288887023926,,,,,,,,,,,
2,,,9939,,,0.18303699791431427,,,,,,,,,,,
2,,,9959,,,0.7042198181152344,,,,,,,,,,,
2,,,9979,,,0.3009989857673645,,,,,,,,,,,
2,,,9999,,,0.5392035841941833,,,,,,,,,,,
2,,,10019,,,0.484434574842453,,,,,,,,,,,
2,,,10039,,,0.36613187193870544,,,,,,,,,,,
2,,,10059,,,0.16123218834400177,,,,,,,,,,,
2,,,10079,,,0.5806688666343689,,,,,,,,,,,
2,,,10099,,,0.43261367082595825,,,,,,,,,,,
2,,,10119,,,0.4177388846874237,,,,,,,,,,,
2,,,10139,,,0.38074666261672974,,,,,,,,,,,
2,,,10159,,,0.21746256947517395,,,,,,,,,,,
2,,,10179,,,0.6350889801979065,,,,,,,,,,,
2,,,10199,,,0.4252910912036896,,,,,,,,,,,
2,,,10219,,,0.47273457050323486,,,,,,,,,,,
2,,,10239,,,0.3397924304008484,,,,,,,,,,,
2,,,10259,,,0.26422348618507385,,,,,,,,,,,
2,,,10279,,,0.4035355746746063,,,,,,,,,,,
2,,,10299,,,0.4007391035556793,,,,,,,,,,,
2,,,10319,,,0.27618634700775146,,,,,,,,,,,
2,,,10339,,,0.6859216094017029,,,,,,,,,,,
2,,,10359,,,0.3238009214401245,,,,,,,,,,,
2,,,10379,,,0.47215643525123596,,,,,,,,,,,
2,,,10399,,,0.42296314239501953,,,,,,,,,,,
2,,,10419,,,0.4757842421531677,,,,,,,,,,,
2,,,10439,,,0.25586289167404175,,,,,,,,,,,
2,,,10445,,,,0.5792057514190674,0.8847393989562988,0.5755767822265625,1.143192172050476,0.6486635208129883,0.46742329001426697,0.5295763611793518,0.5513181686401367,0.8708419799804688,0.6429175138473511,0.5792057514190674
2,,,10445,0.8042216300964355,0.41516634821891785,,,,,,,,,,,,
,0.00011999999999999999,0.00011999999999999999,10446,,,,,,,,,,,,,,
3,,,10459,,,0.5065712928771973,,,,,,,,,,,
3,,,10479,,,0.40713807940483093,,,,,,,,,,,
3,,,10499,,,0.277995228767395,,,,,,,,,,,
3,,,10519,,,0.30240872502326965,,,,,,,,,,,
3,,,10539,,,0.31585946679115295,,,,,,,,,,,
3,,,10559,,,0.43021851778030396,,,,,,,,,,,
3,,,10579,,,0.46743205189704895,,,,,,,,,,,
3,,,10599,,,0.23258841037750244,,,,,,,,,,,
3,,,10619,,,0.3817470669746399,,,,,,,,,,,
3,,,10639,,,0.25747236609458923,,,,,,,,,,,
3,,,10659,,,0.39823463559150696,,,,,,,,,,,
3,,,10679,,,0.3711194097995758,,,,,,,,,,,
3,,,10699,,,0.22909441590309143,,,,,,,,,,,
3,,,10719,,,0.6025151014328003,,,,,,,,,,,
3,,,10739,,,0.23079393804073334,,,,,,,,,,,
3,,,10759,,,0.3618946075439453,,,,,,,,,,,
3,,,10779,,,0.25453710556030273,,,,,,,,,,,
3,,,10799,,,0.419921875,,,,,,,,,,,
3,,,10819,,,0.3494323492050171,,,,,,,,,,,
3,,,10839,,,0.38241440057754517,,,,,,,,,,,
3,,,10859,,,0.31862038373947144,,,,,,,,,,,
3,,,10879,,,0.38260412216186523,,,,,,,,,,,
3,,,10899,,,0.46407705545425415,,,,,,,,,,,
3,,,10919,,,0.1254810392856598,,,,,,,,,,,
3,,,10939,,,0.29187363386154175,,,,,,,,,,,
3,,,10959,,,0.41321688890457153,,,,,,,,,,,
3,,,10979,,,0.44759315252304077,,,,,,,,,,,
3,,,10999,,,0.6226450800895691,,,,,,,,,,,
3,,,11019,,,0.3264863193035126,,,,,,,,,,,
3,,,11039,,,0.2360832244157791,,,,,,,,,,,
3,,,11059,,,0.29190683364868164,,,,,,,,,,,
3,,,11079,,,0.18048404157161713,,,,,,,,,,,
3,,,11099,,,0.38019806146621704,,,,,,,,,,,
3,,,11119,,,0.40379729866981506,,,,,,,,,,,
3,,,11139,,,0.24641744792461395,,,,,,,,,,,
3,,,11159,,,0.24148069322109222,,,,,,,,,,,
3,,,11179,,,0.38543978333473206,,,,,,,,,,,
3,,,11199,,,0.1968943029642105,,,,,,,,,,,
3,,,11219,,,0.24276085197925568,,,,,,,,,,,
3,,,11239,,,0.2603491246700287,,,,,,,,,,,
3,,,11259,,,0.5204535722732544,,,,,,,,,,,
3,,,11279,,,0.2147345244884491,,,,,,,,,,,
3,,,11299,,,0.32010340690612793,,,,,,,,,,,
3,,,11319,,,0.39929863810539246,,,,,,,,,,,
3,,,11339,,,0.4036283493041992,,,,,,,,,,,
3,,,11359,,,0.35800448060035706,,,,,,,,,,,
3,,,11379,,,0.4736679196357727,,,,,,,,,,,
3,,,11399,,,0.4236631393432617,,,,,,,,,,,
3,,,11419,,,0.3077255189418793,,,,,,,,,,,
3,,,11439,,,0.3426772952079773,,,,,,,,,,,
3,,,11459,,,0.18702341616153717,,,,,,,,,,,
3,,,11479,,,0.367813378572464,,,,,,,,,,,
3,,,11499,,,0.37252581119537354,,,,,,,,,,,
3,,,11519,,,0.2596532106399536,,,,,,,,,,,
3,,,11539,,,0.4290068745613098,,,,,,,,,,,
3,,,11559,,,0.4396674335002899,,,,,,,,,,,
3,,,11579,,,0.19078370928764343,,,,,,,,,,,
3,,,11599,,,0.3798675537109375,,,,,,,,,,,
3,,,11619,,,0.3731630742549896,,,,,,,,,,,
3,,,11639,,,0.38122132420539856,,,,,,,,,,,
3,,,11659,,,0.5359298586845398,,,,,,,,,,,
3,,,11679,,,0.17969442903995514,,,,,,,,,,,
3,,,11699,,,0.2892308831214905,,,,,,,,,,,
3,,,11719,,,0.4129200279712677,,,,,,,,,,,
3,,,11739,,,0.284667432308197,,,,,,,,,,,
3,,,11759,,,0.3700333535671234,,,,,,,,,,,
3,,,11779,,,0.25708386301994324,,,,,,,,,,,
3,,,11799,,,0.18950243294239044,,,,,,,,,,,
3,,,11819,,,0.2678699195384979,,,,,,,,,,,
3,,,11839,,,0.5910601019859314,,,,,,,,,,,
3,,,11859,,,0.32357707619667053,,,,,,,,,,,
3,,,11879,,,0.24799777567386627,,,,,,,,,,,
3,,,11899,,,0.3844112157821655,,,,,,,,,,,
3,,,11919,,,0.38780176639556885,,,,,,,,,,,
3,,,11939,,,0.2577613294124603,,,,,,,,,,,
3,,,11959,,,0.33621519804000854,,,,,,,,,,,
3,,,11979,,,0.1914636194705963,,,,,,,,,,,
3,,,11999,,,0.4765239953994751,,,,,,,,,,,
3,,,12019,,,0.47206971049308777,,,,,,,,,,,
3,,,12039,,,0.34837213158607483,,,,,,,,,,,
3,,,12059,,,0.18134024739265442,,,,,,,,,,,
3,,,12079,,,0.4378460943698883,,,,,,,,,,,
3,,,12099,,,0.3251681327819824,,,,,,,,,,,
3,,,12119,,,0.3752219080924988,,,,,,,,,,,
3,,,12139,,,0.23652386665344238,,,,,,,,,,,
3,,,12159,,,0.6170923709869385,,,,,,,,,,,
3,,,12179,,,0.18057817220687866,,,,,,,,,,,
3,,,12199,,,0.30694863200187683,,,,,,,,,,,
3,,,12219,,,0.5870039463043213,,,,,,,,,,,
3,,,12239,,,0.34245267510414124,,,,,,,,,,,
3,,,12259,,,0.32758012413978577,,,,,,,,,,,
3,,,12279,,,0.36854687333106995,,,,,,,,,,,
3,,,12299,,,0.39365968108177185,,,,,,,,,,,
3,,,12319,,,0.13629408180713654,,,,,,,,,,,
3,,,12339,,,0.2651352286338806,,,,,,,,,,,
3,,,12359,,,0.4102843403816223,,,,,,,,,,,
3,,,12379,,,0.15669342875480652,,,,,,,,,,,
3,,,12399,,,0.2979409396648407,,,,,,,,,,,
3,,,12419,,,0.39747050404548645,,,,,,,,,,,
3,,,12439,,,0.4491198658943176,,,,,,,,,,,
3,,,12459,,,0.5051527619361877,,,,,,,,,,,
3,,,12479,,,0.28230181336402893,,,,,,,,,,,
3,,,12499,,,0.302763432264328,,,,,,,,,,,
3,,,12519,,,0.3131905198097229,,,,,,,,,,,
3,,,12539,,,0.38881877064704895,,,,,,,,,,,
3,,,12559,,,0.2236274629831314,,,,,,,,,,,
3,,,12579,,,0.28689640760421753,,,,,,,,,,,
3,,,12599,,,0.26149463653564453,,,,,,,,,,,
3,,,12619,,,0.22072361409664154,,,,,,,,,,,
3,,,12639,,,0.4120999574661255,,,,,,,,,,,
3,,,12659,,,0.26208603382110596,,,,,,,,,,,
3,,,12679,,,0.1605791300535202,,,,,,,,,,,
3,,,12699,,,0.2573021948337555,,,,,,,,,,,
3,,,12719,,,0.2530200481414795,,,,,,,,,,,
3,,,12739,,,0.21703076362609863,,,,,,,,,,,
3,,,12759,,,0.4323315918445587,,,,,,,,,,,
3,,,12779,,,0.38701072335243225,,,,,,,,,,,
3,,,12799,,,0.1954910159111023,,,,,,,,,,,
3,,,12819,,,0.3220785856246948,,,,,,,,,,,
3,,,12839,,,0.6266220211982727,,,,,,,,,,,
3,,,12859,,,0.2516884505748749,,,,,,,,,,,
3,,,12879,,,0.3717242479324341,,,,,,,,,,,
3,,,12899,,,0.4648403227329254,,,,,,,,,,,
3,,,12919,,,0.40361523628234863,,,,,,,,,,,
3,,,12939,,,0.2958148717880249,,,,,,,,,,,
3,,,12959,,,0.37646958231925964,,,,,,,,,,,
3,,,12979,,,0.24295766651630402,,,,,,,,,,,
3,,,12999,,,0.2824229598045349,,,,,,,,,,,
3,,,13019,,,0.15135200321674347,,,,,,,,,,,
3,,,13039,,,0.3012600243091583,,,,,,,,,,,
3,,,13059,,,0.26168307662010193,,,,,,,,,,,
3,,,13079,,,0.3498018980026245,,,,,,,,,,,
3,,,13099,,,0.2776103913784027,,,,,,,,,,,
3,,,13119,,,0.6028451919555664,,,,,,,,,,,
3,,,13139,,,0.30558502674102783,,,,,,,,,,,
3,,,13159,,,0.17594335973262787,,,,,,,,,,,
3,,,13179,,,0.30415651202201843,,,,,,,,,,,
3,,,13199,,,0.3201635479927063,,,,,,,,,,,
3,,,13219,,,0.6305925250053406,,,,,,,,,,,
3,,,13239,,,0.2383737713098526,,,,,,,,,,,
3,,,13259,,,0.21543464064598083,,,,,,,,,,,
3,,,13279,,,0.5437558889389038,,,,,,,,,,,
3,,,13299,,,0.25474849343299866,,,,,,,,,,,
3,,,13319,,,0.46448564529418945,,,,,,,,,,,
3,,,13339,,,0.3141461908817291,,,,,,,,,,,
3,,,13359,,,0.26174166798591614,,,,,,,,,,,
3,,,13379,,,0.2336971014738083,,,,,,,,,,,
3,,,13399,,,0.2394607961177826,,,,,,,,,,,
3,,,13419,,,0.33103179931640625,,,,,,,,,,,
3,,,13439,,,0.31122657656669617,,,,,,,,,,,
3,,,13459,,,0.4113970994949341,,,,,,,,,,,
3,,,13479,,,0.5394338965415955,,,,,,,,,,,
3,,,13499,,,0.24559155106544495,,,,,,,,,,,
3,,,13519,,,0.2378477156162262,,,,,,,,,,,
3,,,13539,,,0.18463070690631866,,,,,,,,,,,
3,,,13559,,,0.2433948665857315,,,,,,,,,,,
3,,,13579,,,0.47913089394569397,,,,,,,,,,,
3,,,13599,,,0.26039257645606995,,,,,,,,,,,
3,,,13619,,,0.7608197331428528,,,,,,,,,,,
3,,,13639,,,0.1889381855726242,,,,,,,,,,,
3,,,13659,,,0.5246255993843079,,,,,,,,,,,
3,,,13679,,,0.48677465319633484,,,,,,,,,,,
3,,,13699,,,0.535118043422699,,,,,,,,,,,
3,,,13719,,,0.3370607793331146,,,,,,,,,,,
3,,,13739,,,0.35518398880958557,,,,,,,,,,,
3,,,13759,,,0.1729682981967926,,,,,,,,,,,
3,,,13779,,,0.28986024856567383,,,,,,,,,,,
3,,,13799,,,0.5862981081008911,,,,,,,,,,,
3,,,13819,,,0.647983193397522,,,,,,,,,,,
3,,,13839,,,0.17932020127773285,,,,,,,,,,,
3,,,13859,,,0.3564876914024353,,,,,,,,,,,
3,,,13879,,,0.2721647620201111,,,,,,,,,,,
3,,,13899,,,0.3931298553943634,,,,,,,,,,,
3,,,13919,,,0.3253413140773773,,,,,,,,,,,
3,,,13927,,,,0.5440086126327515,0.8715161681175232,0.5515565872192383,1.6151436567306519,0.6720867156982422,0.4737134575843811,0.6696729063987732,0.47848913073539734,0.8705207109451294,0.6696639657020569,0.5440086126327515
3,,,13927,0.8305326104164124,0.3573992848396301,,,,,,,,,,,,
,0.00015,0.00015,13928,,,,,,,,,,,,,,
4,,,13939,,,0.3139902949333191,,,,,,,,,,,
4,,,13959,,,0.25686582922935486,,,,,,,,,,,
4,,,13979,,,0.35595765709877014,,,,,,,,,,,
4,,,13999,,,0.33012813329696655,,,,,,,,,,,
4,,,14019,,,0.3495451807975769,,,,,,,,,,,
4,,,14039,,,0.2757519483566284,,,,,,,,,,,
4,,,14059,,,0.3351048529148102,,,,,,,,,,,
4,,,14079,,,0.17357070744037628,,,,,,,,,,,
4,,,14099,,,0.16479526460170746,,,,,,,,,,,
4,,,14119,,,0.3619215488433838,,,,,,,,,,,
4,,,14139,,,0.3861495554447174,,,,,,,,,,,
4,,,14159,,,0.44510236382484436,,,,,,,,,,,
4,,,14179,,,0.4135797321796417,,,,,,,,,,,
4,,,14199,,,0.2237790822982788,,,,,,,,,,,
4,,,14219,,,0.2975882589817047,,,,,,,,,,,
4,,,14239,,,0.22319206595420837,,,,,,,,,,,
4,,,14259,,,0.5005030035972595,,,,,,,,,,,
4,,,14279,,,0.24240796267986298,,,,,,,,,,,
4,,,14299,,,0.2736485004425049,,,,,,,,,,,
4,,,14319,,,0.23408758640289307,,,,,,,,,,,
4,,,14339,,,0.36502206325531006,,,,,,,,,,,
4,,,14359,,,0.29206201434135437,,,,,,,,,,,
4,,,14379,,,0.3016485571861267,,,,,,,,,,,
4,,,14399,,,0.2740193009376526,,,,,,,,,,,
4,,,14419,,,0.2335229068994522,,,,,,,,,,,
4,,,14439,,,0.23942983150482178,,,,,,,,,,,
4,,,14459,,,0.9247419238090515,,,,,,,,,,,
4,,,14479,,,0.33548712730407715,,,,,,,,,,,
4,,,14499,,,0.2999330461025238,,,,,,,,,,,
4,,,14519,,,0.294006884098053,,,,,,,,,,,
4,,,14539,,,0.6213282346725464,,,,,,,,,,,
4,,,14559,,,0.41037577390670776,,,,,,,,,,,
4,,,14579,,,0.22197376191616058,,,,,,,,,,,
4,,,14599,,,0.372819721698761,,,,,,,,,,,
4,,,14619,,,0.631520688533783,,,,,,,,,,,
4,,,14639,,,0.18987473845481873,,,,,,,,,,,
4,,,14659,,,0.3235262930393219,,,,,,,,,,,
4,,,14679,,,0.19362622499465942,,,,,,,,,,,
4,,,14699,,,0.3167317807674408,,,,,,,,,,,
4,,,14719,,,0.22190788388252258,,,,,,,,,,,
4,,,14739,,,0.17544381320476532,,,,,,,,,,,
4,,,14759,,,0.5473312735557556,,,,,,,,,,,
4,,,14779,,,0.11950696259737015,,,,,,,,,,,
4,,,14799,,,0.28793865442276,,,,,,,,,,,
4,,,14819,,,0.4591032862663269,,,,,,,,,,,
4,,,14839,,,0.6769083738327026,,,,,,,,,,,
4,,,14859,,,0.3014380633831024,,,,,,,,,,,
4,,,14879,,,0.2775140702724457,,,,,,,,,,,
4,,,14899,,,0.3272489607334137,,,,,,,,,,,
4,,,14919,,,0.27672675251960754,,,,,,,,,,,
4,,,14939,,,0.21313881874084473,,,,,,,,,,,
4,,,14959,,,0.3546582758426666,,,,,,,,,,,
4,,,14979,,,0.376402884721756,,,,,,,,,,,
4,,,14999,,,0.26978564262390137,,,,,,,,,,,
4,,,15019,,,0.35814228653907776,,,,,,,,,,,
4,,,15039,,,0.2454483062028885,,,,,,,,,,,
4,,,15059,,,0.2221706509590149,,,,,,,,,,,
4,,,15079,,,0.19683189690113068,,,,,,,,,,,
4,,,15099,,,0.33154410123825073,,,,,,,,,,,
4,,,15119,,,0.1765679270029068,,,,,,,,,,,
4,,,15139,,,0.3745200037956238,,,,,,,,,,,
4,,,15159,,,0.5110321044921875,,,,,,,,,,,
4,,,15179,,,0.353283554315567,,,,,,,,,,,
4,,,15199,,,0.4528689682483673,,,,,,,,,,,
4,,,15219,,,0.3949713706970215,,,,,,,,,,,
4,,,15239,,,0.1534816473722458,,,,,,,,,,,
4,,,15259,,,0.25108784437179565,,,,,,,,,,,
4,,,15279,,,0.4810779392719269,,,,,,,,,,,
4,,,15299,,,0.22876498103141785,,,,,,,,,,,
4,,,15319,,,0.3349529802799225,,,,,,,,,,,
4,,,15339,,,0.2878965735435486,,,,,,,,,,,
4,,,15359,,,0.5403836965560913,,,,,,,,,,,
4,,,15379,,,0.32076287269592285,,,,,,,,,,,
4,,,15399,,,0.35600486397743225,,,,,,,,,,,
4,,,15419,,,0.3365749716758728,,,,,,,,,,,
4,,,15439,,,0.24665629863739014,,,,,,,,,,,
4,,,15459,,,0.19401653110980988,,,,,,,,,,,
4,,,15479,,,0.47831255197525024,,,,,,,,,,,
4,,,15499,,,0.4836505353450775,,,,,,,,,,,
4,,,15519,,,0.3764379620552063,,,,,,,,,,,
4,,,15539,,,0.1372395157814026,,,,,,,,,,,
4,,,15559,,,0.38501209020614624,,,,,,,,,,,
4,,,15579,,,0.4452383816242218,,,,,,,,,,,
4,,,15599,,,0.5575392246246338,,,,,,,,,,,
4,,,15619,,,0.28757068514823914,,,,,,,,,,,
4,,,15639,,,0.12536755204200745,,,,,,,,,,,
4,,,15659,,,0.16361117362976074,,,,,,,,,,,
4,,,15679,,,0.27963152527809143,,,,,,,,,,,
4,,,15699,,,0.32973647117614746,,,,,,,,,,,
4,,,15719,,,0.3042347729206085,,,,,,,,,,,
4,,,15739,,,0.38109299540519714,,,,,,,,,,,
4,,,15759,,,0.4919804632663727,,,,,,,,,,,
4,,,15779,,,0.31212061643600464,,,,,,,,,,,
4,,,15799,,,0.489608496427536,,,,,,,,,,,
4,,,15819,,,0.46041569113731384,,,,,,,,,,,
4,,,15839,,,0.4745270311832428,,,,,,,,,,,
4,,,15859,,,0.27226173877716064,,,,,,,,,,,
4,,,15879,,,0.29988977313041687,,,,,,,,,,,
4,,,15899,,,0.4041290879249573,,,,,,,,,,,
4,,,15919,,,0.2509641647338867,,,,,,,,,,,
4,,,15939,,,0.33346617221832275,,,,,,,,,,,
4,,,15959,,,0.46494314074516296,,,,,,,,,,,
4,,,15979,,,0.2180224359035492,,,,,,,,,,,
4,,,15999,,,0.2426001876592636,,,,,,,,,,,
4,,,16019,,,0.14151525497436523,,,,,,,,,,,
4,,,16039,,,0.3116052746772766,,,,,,,,,,,
4,,,16059,,,0.17953625321388245,,,,,,,,,,,
4,,,16079,,,0.4075479507446289,,,,,,,,,,,
4,,,16099,,,0.16157297790050507,,,,,,,,,,,
4,,,16119,,,0.24118468165397644,,,,,,,,,,,
4,,,16139,,,0.32144418358802795,,,,,,,,,,,
4,,,16159,,,0.5712657570838928,,,,,,,,,,,
4,,,16179,,,0.3463931977748871,,,,,,,,,,,
4,,,16199,,,0.2915024161338806,,,,,,,,,,,
4,,,16219,,,0.23664896190166473,,,,,,,,,,,
4,,,16239,,,0.31898486614227295,,,,,,,,,,,
4,,,16259,,,0.23990102112293243,,,,,,,,,,,
4,,,16279,,,0.10212833434343338,,,,,,,,,,,
4,,,16299,,,0.0583779402077198,,,,,,,,,,,
4,,,16319,,,0.1781788021326065,,,,,,,,,,,
4,,,16339,,,0.33203402161598206,,,,,,,,,,,
4,,,16359,,,0.3730694651603699,,,,,,,,,,,
4,,,16379,,,0.16251260042190552,,,,,,,,,,,
4,,,16399,,,0.36282140016555786,,,,,,,,,,,
4,,,16419,,,0.2928336262702942,,,,,,,,,,,
4,,,16439,,,0.408415287733078,,,,,,,,,,,
4,,,16459,,,0.41871631145477295,,,,,,,,,,,
4,,,16479,,,0.23330619931221008,,,,,,,,,,,
4,,,16499,,,0.3387385904788971,,,,,,,,,,,
4,,,16519,,,0.30145952105522156,,,,,,,,,,,
4,,,16539,,,0.38194626569747925,,,,,,,,,,,
4,,,16559,,,0.41190239787101746,,,,,,,,,,,
4,,,16579,,,0.23498918116092682,,,,,,,,,,,
4,,,16599,,,0.2214142382144928,,,,,,,,,,,
4,,,16619,,,0.17056095600128174,,,,,,,,,,,
4,,,16639,,,0.12432224303483963,,,,,,,,,,,
4,,,16659,,,0.37358734011650085,,,,,,,,,,,
4,,,16679,,,0.19555671513080597,,,,,,,,,,,
4,,,16699,,,0.38891106843948364,,,,,,,,,,,
4,,,16719,,,0.3051287829875946,,,,,,,,,,,
4,,,16739,,,0.40391096472740173,,,,,,,,,,,
4,,,16759,,,0.3289506435394287,,,,,,,,,,,
4,,,16779,,,0.18688440322875977,,,,,,,,,,,
4,,,16799,,,0.2903236448764801,,,,,,,,,,,
4,,,16819,,,0.24688269197940826,,,,,,,,,,,
4,,,16839,,,0.2775161862373352,,,,,,,,,,,
4,,,16859,,,0.3594212532043457,,,,,,,,,,,
4,,,16879,,,0.21548143029212952,,,,,,,,,,,
4,,,16899,,,0.4031536281108856,,,,,,,,,,,
4,,,16919,,,0.24499082565307617,,,,,,,,,,,
4,,,16939,,,0.27817806601524353,,,,,,,,,,,
4,,,16959,,,0.5818813443183899,,,,,,,,,,,
4,,,16979,,,0.18364015221595764,,,,,,,,,,,
4,,,16999,,,0.21173490583896637,,,,,,,,,,,
4,,,17019,,,0.2515102028846741,,,,,,,,,,,
4,,,17039,,,0.2442827969789505,,,,,,,,,,,
4,,,17059,,,0.12126705050468445,,,,,,,,,,,
4,,,17079,,,0.10795925557613373,,,,,,,,,,,
4,,,17099,,,0.4909498989582062,,,,,,,,,,,
4,,,17119,,,0.5544165968894958,,,,,,,,,,,
4,,,17139,,,0.24170374870300293,,,,,,,,,,,
4,,,17159,,,0.3857327699661255,,,,,,,,,,,
4,,,17179,,,0.3700134754180908,,,,,,,,,,,
4,,,17199,,,0.23877333104610443,,,,,,,,,,,
4,,,17219,,,0.29149961471557617,,,,,,,,,,,
4,,,17239,,,0.17069092392921448,,,,,,,,,,,
4,,,17259,,,0.20444966852664948,,,,,,,,,,,
4,,,17279,,,0.3766469359397888,,,,,,,,,,,
4,,,17299,,,0.20692260563373566,,,,,,,,,,,
4,,,17319,,,0.3542325794696808,,,,,,,,,,,
4,,,17339,,,0.18493811786174774,,,,,,,,,,,
4,,,17359,,,0.42670300602912903,,,,,,,,,,,
4,,,17379,,,0.5329915881156921,,,,,,,,,,,
4,,,17399,,,0.4672023355960846,,,,,,,,,,,
4,,,17409,,,,0.7044587135314941,0.9087347388267517,0.670295238494873,0.7730250358581543,0.6760121583938599,0.5887880921363831,0.6556312441825867,0.8397288918495178,0.792005717754364,0.41668274998664856,0.7044587135314941
4,,,17409,0.8498554229736328,0.317359983921051,,,,,,,,,,,,
,0.00017999999999999998,0.00017999999999999998,17410,,,,,,,,,,,,,,
5,,,17419,,,0.15537011623382568,,,,,,,,,,,
5,,,17439,,,0.33861225843429565,,,,,,,,,,,
5,,,17459,,,0.24230241775512695,,,,,,,,,,,
5,,,17479,,,0.3155435025691986,,,,,,,,,,,
5,,,17499,,,0.27506375312805176,,,,,,,,,,,
5,,,17519,,,0.46829575300216675,,,,,,,,,,,
5,,,17539,,,0.1979397088289261,,,,,,,,,,,
5,,,17559,,,0.08180101215839386,,,,,,,,,,,
5,,,17579,,,0.304425448179245,,,,,,,,,,,
5,,,17599,,,0.2051130086183548,,,,,,,,,,,
5,,,17619,,,0.21599048376083374,,,,,,,,,,,
5,,,17639,,,0.32066306471824646,,,,,,,,,,,
5,,,17659,,,0.22270573675632477,,,,,,,,,,,
5,,,17679,,,0.3913576900959015,,,,,,,,,,,
5,,,17699,,,0.33116236329078674,,,,,,,,,,,
5,,,17719,,,0.3199082911014557,,,,,,,,,,,
5,,,17739,,,0.2584336996078491,,,,,,,,,,,
5,,,17759,,,0.24676527082920074,,,,,,,,,,,
5,,,17779,,,0.34361380338668823,,,,,,,,,,,
5,,,17799,,,0.3479030430316925,,,,,,,,,,,
5,,,17819,,,0.22513891756534576,,,,,,,,,,,
5,,,17839,,,0.4597313106060028,,,,,,,,,,,
5,,,17859,,,0.16762378811836243,,,,,,,,,,,
5,,,17879,,,0.18740224838256836,,,,,,,,,,,
5,,,17899,,,0.6611125469207764,,,,,,,,,,,
5,,,17919,,,0.36745190620422363,,,,,,,,,,,
5,,,17939,,,0.2481500655412674,,,,,,,,,,,
5,,,17959,,,0.2950935959815979,,,,,,,,,,,
5,,,17979,,,0.2988823652267456,,,,,,,,,,,
5,,,17999,,,0.513809859752655,,,,,,,,,,,
5,,,18019,,,0.2810665965080261,,,,,,,,,,,
5,,,18039,,,0.5254228711128235,,,,,,,,,,,
5,,,18059,,,0.25915196537971497,,,,,,,,,,,
5,,,18079,,,0.3386319875717163,,,,,,,,,,,
5,,,18099,,,0.25146302580833435,,,,,,,,,,,
5,,,18119,,,0.2923997640609741,,,,,,,,,,,
5,,,18139,,,0.1399259865283966,,,,,,,,,,,
5,,,18159,,,0.4095149636268616,,,,,,,,,,,
5,,,18179,,,0.16748644411563873,,,,,,,,,,,
5,,,18199,,,0.2460986077785492,,,,,,,,,,,
5,,,18219,,,0.24996070563793182,,,,,,,,,,,
5,,,18239,,,0.16644223034381866,,,,,,,,,,,
5,,,18259,,,0.5275447368621826,,,,,,,,,,,
5,,,18279,,,0.33501508831977844,,,,,,,,,,,
5,,,18299,,,0.38760873675346375,,,,,,,,,,,
5,,,18319,,,0.189740851521492,,,,,,,,,,,
5,,,18339,,,0.14665134251117706,,,,,,,,,,,
5,,,18359,,,0.5060102939605713,,,,,,,,,,,
5,,,18379,,,0.2852672338485718,,,,,,,,,,,
5,,,18399,,,0.2145555317401886,,,,,,,,,,,
5,,,18419,,,0.22376742959022522,,,,,,,,,,,
5,,,18439,,,0.271056205034256,,,,,,,,,,,
5,,,18459,,,0.4178568720817566,,,,,,,,,,,
5,,,18479,,,0.14978265762329102,,,,,,,,,,,
5,,,18499,,,0.3979707956314087,,,,,,,,,,,
5,,,18519,,,0.59212327003479,,,,,,,,,,,
5,,,18539,,,0.2952073812484741,,,,,,,,,,,
5,,,18559,,,0.18790096044540405,,,,,,,,,,,
5,,,18579,,,0.37679100036621094,,,,,,,,,,,
5,,,18599,,,0.21652425825595856,,,,,,,,,,,
5,,,18619,,,0.218614861369133,,,,,,,,,,,
5,,,18639,,,0.34438297152519226,,,,,,,,,,,
5,,,18659,,,0.354391485452652,,,,,,,,,,,
5,,,18679,,,0.3989136815071106,,,,,,,,,,,
5,,,18699,,,0.4545149505138397,,,,,,,,,,,
5,,,18719,,,0.21951086819171906,,,,,,,,,,,
5,,,18739,,,0.44497835636138916,,,,,,,,,,,
5,,,18759,,,0.18262389302253723,,,,,,,,,,,
5,,,18779,,,0.3450773060321808,,,,,,,,,,,
5,,,18799,,,0.21253447234630585,,,,,,,,,,,
5,,,18819,,,0.23241695761680603,,,,,,,,,,,
5,,,18839,,,0.12515093386173248,,,,,,,,,,,
5,,,18859,,,0.2278769612312317,,,,,,,,,,,
5,,,18879,,,0.28158503770828247,,,,,,,,,,,
5,,,18899,,,0.2311987280845642,,,,,,,,,,,
5,,,18919,,,0.11976402252912521,,,,,,,,,,,
5,,,18939,,,0.3751145899295807,,,,,,,,,,,
5,,,18959,,,0.08388753235340118,,,,,,,,,,,
5,,,18979,,,0.21858887374401093,,,,,,,,,,,
5,,,18999,,,0.36979880928993225,,,,,,,,,,,
5,,,19019,,,0.1890966296195984,,,,,,,,,,,
5,,,19039,,,0.3118581175804138,,,,,,,,,,,
5,,,19059,,,0.26477473974227905,,,,,,,,,,,
5,,,19079,,,0.2755776643753052,,,,,,,,,,,
5,,,19099,,,0.18149270117282867,,,,,,,,,,,
5,,,19119,,,0.22862958908081055,,,,,,,,,,,
5,,,19139,,,0.27329638600349426,,,,,,,,,,,
5,,,19159,,,0.21234530210494995,,,,,,,,,,,
5,,,19179,,,0.2946131229400635,,,,,,,,,,,
5,,,19199,,,0.262027382850647,,,,,,,,,,,
5,,,19219,,,0.21922126412391663,,,,,,,,,,,
5,,,19239,,,0.4595645070075989,,,,,,,,,,,
5,,,19259,,,0.14992313086986542,,,,,,,,,,,
5,,,19279,,,0.27518317103385925,,,,,,,,,,,
5,,,19299,,,0.12761840224266052,,,,,,,,,,,
5,,,19319,,,0.15477970242500305,,,,,,,,,,,
5,,,19339,,,0.3840610980987549,,,,,,,,,,,
5,,,19359,,,0.2239713966846466,,,,,,,,,,,
5,,,19379,,,0.4835062623023987,,,,,,,,,,,
5,,,19399,,,0.20894725620746613,,,,,,,,,,,
5,,,19419,,,0.21944761276245117,,,,,,,,,,,
5,,,19439,,,0.07594096660614014,,,,,,,,,,,
5,,,19459,,,0.2311624139547348,,,,,,,,,,,
5,,,19479,,,0.33766940236091614,,,,,,,,,,,
5,,,19499,,,0.2805681526660919,,,,,,,,,,,
5,,,19519,,,0.13785776495933533,,,,,,,,,,,
5,,,19539,,,0.4574993848800659,,,,,,,,,,,
5,,,19559,,,0.5143517851829529,,,,,,,,,,,
5,,,19579,,,0.2592725157737732,,,,,,,,,,,
5,,,19599,,,0.2210051715373993,,,,,,,,,,,
5,,,19619,,,0.38247111439704895,,,,,,,,,,,
5,,,19639,,,0.40196892619132996,,,,,,,,,,,
5,,,19659,,,0.6131182312965393,,,,,,,,,,,
5,,,19679,,,0.275349885225296,,,,,,,,,,,
5,,,19699,,,0.471054345369339,,,,,,,,,,,
5,,,19719,,,0.198564812541008,,,,,,,,,,,
5,,,19739,,,0.2399897277355194,,,,,,,,,,,
5,,,19759,,,0.1491166651248932,,,,,,,,,,,
5,,,19779,,,0.328578382730484,,,,,,,,,,,
5,,,19799,,,0.16034166514873505,,,,,,,,,,,
5,,,19819,,,0.15955950319766998,,,,,,,,,,,
5,,,19839,,,0.444882869720459,,,,,,,,,,,
5,,,19859,,,0.24658523499965668,,,,,,,,,,,
5,,,19879,,,0.27718299627304077,,,,,,,,,,,
5,,,19899,,,0.2487238645553589,,,,,,,,,,,
5,,,19919,,,0.16622497141361237,,,,,,,,,,,
5,,,19939,,,0.28864309191703796,,,,,,,,,,,
5,,,19959,,,0.40605196356773376,,,,,,,,,,,
5,,,19979,,,0.367295503616333,,,,,,,,,,,
5,,,19999,,,0.3440985679626465,,,,,,,,,,,
5,,,20019,,,0.2828766107559204,,,,,,,,,,,
5,,,20039,,,0.17807619273662567,,,,,,,,,,,
5,,,20059,,,0.1008564680814743,,,,,,,,,,,
5,,,20079,,,0.1250172257423401,,,,,,,,,,,
5,,,20099,,,0.385773628950119,,,,,,,,,,,
5,,,20119,,,0.10500144958496094,,,,,,,,,,,
5,,,20139,,,0.3348740041255951,,,,,,,,,,,
5,,,20159,,,0.1804271936416626,,,,,,,,,,,
5,,,20179,,,0.32619982957839966,,,,,,,,,,,
5,,,20199,,,0.15409636497497559,,,,,,,,,,,
5,,,20219,,,0.3121564984321594,,,,,,,,,,,
5,,,20239,,,0.305317223072052,,,,,,,,,,,
5,,,20259,,,0.29718655347824097,,,,,,,,,,,
5,,,20279,,,0.47563645243644714,,,,,,,,,,,
5,,,20299,,,0.264220267534256,,,,,,,,,,,
5,,,20319,,,0.43528497219085693,,,,,,,,,,,
5,,,20339,,,0.5932008028030396,,,,,,,,,,,
5,,,20359,,,0.45388635993003845,,,,,,,,,,,
5,,,20379,,,0.16278520226478577,,,,,,,,,,,
5,,,20399,,,0.3525591790676117,,,,,,,,,,,
5,,,20419,,,0.5474562644958496,,,,,,,,,,,
5,,,20439,,,0.15283368527889252,,,,,,,,,,,
5,,,20459,,,0.3024383783340454,,,,,,,,,,,
5,,,20479,,,0.553896963596344,,,,,,,,,,,
5,,,20499,,,0.24430911242961884,,,,,,,,,,,
5,,,20519,,,0.28040197491645813,,,,,,,,,,,
5,,,20539,,,0.43529611825942993,,,,,,,,,,,
5,,,20559,,,0.14562420547008514,,,,,,,,,,,
5,,,20579,,,0.3347000181674957,,,,,,,,,,,
5,,,20599,,,0.2978709638118744,,,,,,,,,,,
5,,,20619,,,0.2172067016363144,,,,,,,,,,,
5,,,20639,,,0.2668192386627197,,,,,,,,,,,
5,,,20659,,,0.4115041494369507,,,,,,,,,,,
5,,,20679,,,0.2149520367383957,,,,,,,,,,,
5,,,20699,,,0.3109707236289978,,,,,,,,,,,
5,,,20719,,,0.3237185478210449,,,,,,,,,,,
5,,,20739,,,0.18520736694335938,,,,,,,,,,,
5,,,20759,,,0.26867881417274475,,,,,,,,,,,
5,,,20779,,,0.19466224312782288,,,,,,,,,,,
5,,,20799,,,0.20151135325431824,,,,,,,,,,,
5,,,20819,,,0.29960042238235474,,,,,,,,,,,
5,,,20839,,,0.4362235367298126,,,,,,,,,,,
5,,,20859,,,0.18003952503204346,,,,,,,,,,,
5,,,20879,,,0.1821286827325821,,,,,,,,,,,
5,,,20891,,,,0.6792963147163391,0.9015586376190186,0.6713573932647705,0.9457783102989197,0.6697779893875122,0.5857961177825928,0.6229230165481567,0.7241928577423096,0.8314397931098938,0.5005563497543335,0.6792963147163391
5,,,20891,0.8630755543708801,0.2897293269634247,,,,,,,,,,,,
,0.00020999999999999998,0.00020999999999999998,20892,,,,,,,,,,,,,,
6,,,20899,,,0.2112186849117279,,,,,,,,,,,
6,,,20919,,,0.4888007640838623,,,,,,,,,,,
6,,,20939,,,0.3157028257846832,,,,,,,,,,,
6,,,20959,,,0.17853425443172455,,,,,,,,,,,
6,,,20979,,,0.34030988812446594,,,,,,,,,,,
6,,,20999,,,0.14497952163219452,,,,,,,,,,,
6,,,21019,,,0.507543683052063,,,,,,,,,,,
6,,,21039,,,0.2689361870288849,,,,,,,,,,,
6,,,21059,,,0.2759087085723877,,,,,,,,,,,
6,,,21079,,,0.3006645739078522,,,,,,,,,,,
6,,,21099,,,0.24225477874279022,,,,,,,,,,,
6,,,21119,,,0.3875489830970764,,,,,,,,,,,
6,,,21139,,,0.17770323157310486,,,,,,,,,,,
6,,,21159,,,0.17284943163394928,,,,,,,,,,,
6,,,21179,,,0.2446785271167755,,,,,,,,,,,
6,,,21199,,,0.48313164710998535,,,,,,,,,,,
6,,,21219,,,0.31481245160102844,,,,,,,,,,,
6,,,21239,,,0.15690438449382782,,,,,,,,,,,
6,,,21259,,,0.4774249792098999,,,,,,,,,,,
6,,,21279,,,0.16445764899253845,,,,,,,,,,,
6,,,21299,,,0.22188258171081543,,,,,,,,,,,
6,,,21319,,,0.1768224835395813,,,,,,,,,,,
6,,,21339,,,0.24784815311431885,,,,,,,,,,,
6,,,21359,,,0.1351812481880188,,,,,,,,,,,
6,,,21379,,,0.5054572820663452,,,,,,,,,,,
6,,,21399,,,0.39708173274993896,,,,,,,,,,,
6,,,21419,,,0.2237226665019989,,,,,,,,,,,
6,,,21439,,,0.16145798563957214,,,,,,,,,,,
6,,,21459,,,0.4412097930908203,,,,,,,,,,,
6,,,21479,,,0.25734445452690125,,,,,,,,,,,
6,,,21499,,,0.21583500504493713,,,,,,,,,,,
6,,,21519,,,0.49072274565696716,,,,,,,,,,,
6,,,21539,,,0.29341307282447815,,,,,,,,,,,
6,,,21559,,,0.31391385197639465,,,,,,,,,,,
6,,,21579,,,0.21223047375679016,,,,,,,,,,,
6,,,21599,,,0.287740558385849,,,,,,,,,,,
6,,,21619,,,0.2046705037355423,,,,,,,,,,,
6,,,21639,,,0.15189231932163239,,,,,,,,,,,
6,,,21659,,,0.38082268834114075,,,,,,,,,,,
6,,,21679,,,0.34394001960754395,,,,,,,,,,,
6,,,21699,,,0.3471810519695282,,,,,,,,,,,
6,,,21719,,,0.35020914673805237,,,,,,,,,,,
6,,,21739,,,0.4447477459907532,,,,,,,,,,,
6,,,21759,,,0.22413936257362366,,,,,,,,,,,
6,,,21779,,,0.23159140348434448,,,,,,,,,,,
6,,,21799,,,0.35830312967300415,,,,,,,,,,,
6,,,21819,,,0.1942368447780609,,,,,,,,,,,
6,,,21839,,,0.3151381313800812,,,,,,,,,,,
6,,,21859,,,0.20569327473640442,,,,,,,,,,,
6,,,21879,,,0.5492114424705505,,,,,,,,,,,
6,,,21899,,,0.21627923846244812,,,,,,,,,,,
6,,,21919,,,0.14438430964946747,,,,,,,,,,,
6,,,21939,,,0.155543714761734,,,,,,,,,,,
6,,,21959,,,0.512283444404602,,,,,,,,,,,
6,,,21979,,,0.41423019766807556,,,,,,,,,,,
6,,,21999,,,0.22734621167182922,,,,,,,,,,,
6,,,22019,,,0.1972646415233612,,,,,,,,,,,
6,,,22039,,,0.13048195838928223,,,,,,,,,,,
6,,,22059,,,0.12847810983657837,,,,,,,,,,,
6,,,22079,,,0.4366305470466614,,,,,,,,,,,
6,,,22099,,,0.33049964904785156,,,,,,,,,,,
6,,,22119,,,0.10836657881736755,,,,,,,,,,,
6,,,22139,,,0.3902533948421478,,,,,,,,,,,
6,,,22159,,,0.4439921975135803,,,,,,,,,,,
6,,,22179,,,0.27746081352233887,,,,,,,,,,,
6,,,22199,,,0.24533627927303314,,,,,,,,,,,
6,,,22219,,,0.25193244218826294,,,,,,,,,,,
6,,,22239,,,0.22987577319145203,,,,,,,,,,,
6,,,22259,,,0.11909651756286621,,,,,,,,,,,
6,,,22279,,,0.16444885730743408,,,,,,,,,,,
6,,,22299,,,0.18328312039375305,,,,,,,,,,,
6,,,22319,,,0.2796952724456787,,,,,,,,,,,
6,,,22339,,,0.13562335073947906,,,,,,,,,,,
6,,,22359,,,0.21782109141349792,,,,,,,,,,,
6,,,22379,,,0.4237409830093384,,,,,,,,,,,
6,,,22399,,,0.17017590999603271,,,,,,,,,,,
6,,,22419,,,0.1623331904411316,,,,,,,,,,,
6,,,22439,,,0.25600820779800415,,,,,,,,,,,
6,,,22459,,,0.20704752206802368,,,,,,,,,,,
6,,,22479,,,0.3499157726764679,,,,,,,,,,,
6,,,22499,,,0.2626074552536011,,,,,,,,,,,
6,,,22519,,,0.2567332983016968,,,,,,,,,,,
6,,,22539,,,0.5241878628730774,,,,,,,,,,,
6,,,22559,,,0.2424745261669159,,,,,,,,,,,
6,,,22579,,,0.21162231266498566,,,,,,,,,,,
6,,,22599,,,0.12838998436927795,,,,,,,,,,,
6,,,22619,,,0.36210897564888,,,,,,,,,,,
6,,,22639,,,0.18358878791332245,,,,,,,,,,,
6,,,22659,,,0.16175875067710876,,,,,,,,,,,
6,,,22679,,,0.16100555658340454,,,,,,,,,,,
6,,,22699,,,0.25588974356651306,,,,,,,,,,,
6,,,22719,,,0.16417494416236877,,,,,,,,,,,
6,,,22739,,,0.16636189818382263,,,,,,,,,,,
6,,,22759,,,0.17523953318595886,,,,,,,,,,,
6,,,22779,,,0.13307690620422363,,,,,,,,,,,
6,,,22799,,,0.11174645274877548,,,,,,,,,,,
6,,,22819,,,0.17542383074760437,,,,,,,,,,,
6,,,22839,,,0.411142498254776,,,,,,,,,,,
6,,,22859,,,0.17912724614143372,,,,,,,,,,,
6,,,22879,,,0.22425484657287598,,,,,,,,,,,
6,,,22899,,,0.3383060693740845,,,,,,,,,,,
6,,,22919,,,0.2767723798751831,,,,,,,,,,,
6,,,22939,,,0.3028508126735687,,,,,,,,,,,
6,,,22959,,,0.34404417872428894,,,,,,,,,,,
6,,,22979,,,0.1492747664451599,,,,,,,,,,,
6,,,22999,,,0.16584227979183197,,,,,,,,,,,
6,,,23019,,,0.18178193271160126,,,,,,,,,,,
6,,,23039,,,0.2956123352050781,,,,,,,,,,,
6,,,23059,,,0.31485438346862793,,,,,,,,,,,
6,,,23079,,,0.3890913724899292,,,,,,,,,,,
6,,,23099,,,0.1626877784729004,,,,,,,,,,,
6,,,23119,,,0.408640056848526,,,,,,,,,,,
6,,,23139,,,0.19166456162929535,,,,,,,,,,,
6,,,23159,,,0.24519452452659607,,,,,,,,,,,
6,,,23179,,,0.1796540468931198,,,,,,,,,,,
6,,,23199,,,0.12508872151374817,,,,,,,,,,,
6,,,23219,,,0.2551974058151245,,,,,,,,,,,
6,,,23239,,,0.2147727906703949,,,,,,,,,,,
6,,,23259,,,0.3626067638397217,,,,,,,,,,,
6,,,23279,,,0.2210308462381363,,,,,,,,,,,
6,,,23299,,,0.10701314359903336,,,,,,,,,,,
6,,,23319,,,0.2767849862575531,,,,,,,,,,,
6,,,23339,,,0.16178639233112335,,,,,,,,,,,
6,,,23359,,,0.2323693037033081,,,,,,,,,,,
6,,,23379,,,0.36174121499061584,,,,,,,,,,,
6,,,23399,,,0.2823205888271332,,,,,,,,,,,
6,,,23419,,,0.19277852773666382,,,,,,,,,,,
6,,,23439,,,0.5771258473396301,,,,,,,,,,,
6,,,23459,,,0.1283971667289734,,,,,,,,,,,
6,,,23479,,,0.19274011254310608,,,,,,,,,,,
6,,,23499,,,0.3181758224964142,,,,,,,,,,,
6,,,23519,,,0.15394198894500732,,,,,,,,,,,
6,,,23539,,,0.4671536982059479,,,,,,,,,,,
6,,,23559,,,0.22516487538814545,,,,,,,,,,,
6,,,23579,,,0.2116273194551468,,,,,,,,,,,
6,,,23599,,,0.3782106637954712,,,,,,,,,,,
6,,,23619,,,0.172142893075943,,,,,,,,,,,
6,,,23639,,,0.19104017317295074,,,,,,,,,,,
6,,,23659,,,0.15690122544765472,,,,,,,,,,,
6,,,23679,,,0.16399066150188446,,,,,,,,,,,
6,,,23699,,,0.45066866278648376,,,,,,,,,,,
6,,,23719,,,0.20650224387645721,,,,,,,,,,,
6,,,23739,,,0.23759245872497559,,,,,,,,,,,
6,,,23759,,,0.2965662479400635,,,,,,,,,,,
6,,,23779,,,0.18359576165676117,,,,,,,,,,,
6,,,23799,,,0.1258581280708313,,,,,,,,,,,
6,,,23819,,,0.11763546615839005,,,,,,,,,,,
6,,,23839,,,0.17863672971725464,,,,,,,,,,,
6,,,23859,,,0.31000757217407227,,,,,,,,,,,
6,,,23879,,,0.22892342507839203,,,,,,,,,,,
6,,,23899,,,0.20468918979167938,,,,,,,,,,,
6,,,23919,,,0.21331672370433807,,,,,,,,,,,
6,,,23939,,,0.32781729102134705,,,,,,,,,,,
6,,,23959,,,0.3617177903652191,,,,,,,,,,,
6,,,23979,,,0.26754555106163025,,,,,,,,,,,
6,,,23999,,,0.15117548406124115,,,,,,,,,,,
6,,,24019,,,0.48139166831970215,,,,,,,,,,,
6,,,24039,,,0.13505688309669495,,,,,,,,,,,
6,,,24059,,,0.34133172035217285,,,,,,,,,,,
6,,,24079,,,0.15223871171474457,,,,,,,,,,,
6,,,24099,,,0.37738171219825745,,,,,,,,,,,
6,,,24119,,,0.2352948784828186,,,,,,,,,,,
6,,,24139,,,0.1205938383936882,,,,,,,,,,,
6,,,24159,,,0.31743496656417847,,,,,,,,,,,
6,,,24179,,,0.31187447905540466,,,,,,,,,,,
6,,,24199,,,0.1542690098285675,,,,,,,,,,,
6,,,24219,,,0.12881699204444885,,,,,,,,,,,
6,,,24239,,,0.2903672158718109,,,,,,,,,,,
6,,,24259,,,0.14174658060073853,,,,,,,,,,,
6,,,24279,,,0.2261786311864853,,,,,,,,,,,
6,,,24299,,,0.23395946621894836,,,,,,,,,,,
6,,,24319,,,0.24841883778572083,,,,,,,,,,,
6,,,24339,,,0.14470094442367554,,,,,,,,,,,
6,,,24359,,,0.6231398582458496,,,,,,,,,,,
6,,,24373,,,,0.5880242586135864,0.8701457977294922,0.5939046740531921,1.8545966148376465,0.6933331489562988,0.5005696415901184,0.567505419254303,0.5522753000259399,0.8781635165214539,0.7753883004188538,0.5880242586135864
6,,,24373,0.872310221195221,0.26681700348854065,,,,,,,,,,,,
,0.00023999999999999998,0.00023999999999999998,24374,,,,,,,,,,,,,,
7,,,24379,,,0.29848527908325195,,,,,,,,,,,
7,,,24399,,,0.11486449837684631,,,,,,,,,,,
7,,,24419,,,0.19177506864070892,,,,,,,,,,,
7,,,24439,,,0.3641187250614166,,,,,,,,,,,
7,,,24459,,,0.1601155549287796,,,,,,,,,,,
7,,,24479,,,0.33766889572143555,,,,,,,,,,,
7,,,24499,,,0.09690578281879425,,,,,,,,,,,
7,,,24519,,,0.09889242053031921,,,,,,,,,,,
7,,,24539,,,0.17256252467632294,,,,,,,,,,,
7,,,24559,,,0.12032853066921234,,,,,,,,,,,
7,,,24579,,,0.16198846697807312,,,,,,,,,,,
7,,,24599,,,0.38351932168006897,,,,,,,,,,,
7,,,24619,,,0.3594147861003876,,,,,,,,,,,
7,,,24639,,,0.15138214826583862,,,,,,,,,,,
7,,,24659,,,0.31669825315475464,,,,,,,,,,,
7,,,24679,,,0.26921993494033813,,,,,,,,,,,
7,,,24699,,,0.1345929056406021,,,,,,,,,,,
7,,,24719,,,0.19899626076221466,,,,,,,,,,,
7,,,24739,,,0.3425595462322235,,,,,,,,,,,
7,,,24759,,,0.2171785831451416,,,,,,,,,,,
7,,,24779,,,0.703412652015686,,,,,,,,,,,
7,,,24799,,,0.19583185017108917,,,,,,,,,,,
7,,,24819,,,0.1984982043504715,,,,,,,,,,,
7,,,24839,,,0.17925696074962616,,,,,,,,,,,
7,,,24859,,,0.23241977393627167,,,,,,,,,,,
7,,,24879,,,0.7310118675231934,,,,,,,,,,,
7,,,24899,,,0.26607513427734375,,,,,,,,,,,
7,,,24919,,,0.4304756224155426,,,,,,,,,,,
7,,,24939,,,0.3566056787967682,,,,,,,,,,,
7,,,24959,,,0.4375461935997009,,,,,,,,,,,
7,,,24979,,,0.20054234564304352,,,,,,,,,,,
7,,,24999,,,0.3650591969490051,,,,,,,,,,,
7,,,25019,,,0.1967683881521225,,,,,,,,,,,
7,,,25039,,,0.16932211816310883,,,,,,,,,,,
7,,,25059,,,0.14580689370632172,,,,,,,,,,,
7,,,25079,,,0.2331896275281906,,,,,,,,,,,
7,,,25099,,,0.09715121984481812,,,,,,,,,,,
7,,,25119,,,0.21258069574832916,,,,,,,,,,,
7,,,25139,,,0.39681774377822876,,,,,,,,,,,
7,,,25159,,,0.15598011016845703,,,,,,,,,,,
7,,,25179,,,0.12612129747867584,,,,,,,,,,,
7,,,25199,,,0.49711501598358154,,,,,,,,,,,
7,,,25219,,,0.10337843000888824,,,,,,,,,,,
7,,,25239,,,0.28402894735336304,,,,,,,,,,,
7,,,25259,,,0.20735204219818115,,,,,,,,,,,
7,,,25279,,,0.31271231174468994,,,,,,,,,,,
7,,,25299,,,0.1702926605939865,,,,,,,,,,,
7,,,25319,,,0.2798810601234436,,,,,,,,,,,
7,,,25339,,,0.17496579885482788,,,,,,,,,,,
7,,,25359,,,0.1531132012605667,,,,,,,,,,,
7,,,25379,,,0.3500468134880066,,,,,,,,,,,
7,,,25399,,,0.29690107703208923,,,,,,,,,,,
7,,,25419,,,0.2887791693210602,,,,,,,,,,,
7,,,25439,,,0.19520777463912964,,,,,,,,,,,
7,,,25459,,,0.4821755886077881,,,,,,,,,,,
7,,,25479,,,0.2589092552661896,,,,,,,,,,,
7,,,25499,,,0.21990947425365448,,,,,,,,,,,
7,,,25519,,,0.5242685079574585,,,,,,,,,,,
7,,,25539,,,0.37896043062210083,,,,,,,,,,,
7,,,25559,,,0.24688327312469482,,,,,,,,,,,
7,,,25579,,,0.27290210127830505,,,,,,,,,,,
7,,,25599,,,0.41018393635749817,,,,,,,,,,,
7,,,25619,,,0.12243235856294632,,,,,,,,,,,
7,,,25639,,,0.21037422120571136,,,,,,,,,,,
7,,,25659,,,0.08950769156217575,,,,,,,,,,,
7,,,25679,,,0.14966067671775818,,,,,,,,,,,
7,,,25699,,,0.12139032781124115,,,,,,,,,,,
7,,,25719,,,0.1770670861005783,,,,,,,,,,,
7,,,25739,,,0.1982828974723816,,,,,,,,,,,
7,,,25759,,,0.3243454694747925,,,,,,,,,,,
7,,,25779,,,0.4866199791431427,,,,,,,,,,,
7,,,25799,,,0.21909867227077484,,,,,,,,,,,
7,,,25819,,,0.3080277740955353,,,,,,,,,,,
7,,,25839,,,0.19793221354484558,,,,,,,,,,,
7,,,25859,,,0.19211062788963318,,,,,,,,,,,
7,,,25879,,,0.3714858591556549,,,,,,,,,,,
7,,,25899,,,0.24599003791809082,,,,,,,,,,,
7,,,25919,,,0.14891326427459717,,,,,,,,,,,
7,,,25939,,,0.5930500030517578,,,,,,,,,,,
7,,,25959,,,0.17468823492527008,,,,,,,,,,,
7,,,25979,,,0.16749408841133118,,,,,,,,,,,
7,,,25999,,,0.2831907272338867,,,,,,,,,,,
7,,,26019,,,0.1369360238313675,,,,,,,,,,,
7,,,26039,,,0.4041212797164917,,,,,,,,,,,
7,,,26059,,,0.4289209842681885,,,,,,,,,,,
7,,,26079,,,0.1787422001361847,,,,,,,,,,,
7,,,26099,,,0.1352282166481018,,,,,,,,,,,
7,,,26119,,,0.09661012887954712,,,,,,,,,,,
7,,,26139,,,0.37206006050109863,,,,,,,,,,,
7,,,26159,,,0.34054622054100037,,,,,,,,,,,
7,,,26179,,,0.30176839232444763,,,,,,,,,,,
7,,,26199,,,0.31891414523124695,,,,,,,,,,,
7,,,26219,,,0.5945842862129211,,,,,,,,,,,
7,,,26239,,,0.2712849974632263,,,,,,,,,,,
7,,,26259,,,0.11670663952827454,,,,,,,,,,,
7,,,26279,,,0.18258188664913177,,,,,,,,,,,
7,,,26299,,,0.40534988045692444,,,,,,,,,,,
7,,,26319,,,0.31616082787513733,,,,,,,,,,,
7,,,26339,,,0.1537901610136032,,,,,,,,,,,
7,,,26359,,,0.13326209783554077,,,,,,,,,,,
7,,,26379,,,0.3743569254875183,,,,,,,,,,,
7,,,26399,,,0.1522432267665863,,,,,,,,,,,
7,,,26419,,,0.41867440938949585,,,,,,,,,,,
7,,,26439,,,0.18686655163764954,,,,,,,,,,,
7,,,26459,,,0.37018516659736633,,,,,,,,,,,
7,,,26479,,,0.25058916211128235,,,,,,,,,,,
7,,,26499,,,0.3561412990093231,,,,,,,,,,,
7,,,26519,,,0.32631969451904297,,,,,,,,,,,
7,,,26539,,,0.14988090097904205,,,,,,,,,,,
7,,,26559,,,0.5739879608154297,,,,,,,,,,,
7,,,26579,,,0.41444507241249084,,,,,,,,,,,
7,,,26599,,,0.3066355288028717,,,,,,,,,,,
7,,,26619,,,0.23784196376800537,,,,,,,,,,,
7,,,26639,,,0.15401168167591095,,,,,,,,,,,
7,,,26659,,,0.19037099182605743,,,,,,,,,,,
7,,,26679,,,0.1267135739326477,,,,,,,,,,,
7,,,26699,,,0.2021932750940323,,,,,,,,,,,
7,,,26719,,,0.17738910019397736,,,,,,,,,,,
7,,,26739,,,0.28440800309181213,,,,,,,,,,,
7,,,26759,,,0.2696076035499573,,,,,,,,,,,
7,,,26779,,,0.33395320177078247,,,,,,,,,,,
7,,,26799,,,0.22552700340747833,,,,,,,,,,,
7,,,26819,,,0.1296328753232956,,,,,,,,,,,
7,,,26839,,,0.25348684191703796,,,,,,,,,,,
7,,,26859,,,0.3613157570362091,,,,,,,,,,,
7,,,26879,,,0.15543504059314728,,,,,,,,,,,
7,,,26899,,,0.09501728415489197,,,,,,,,,,,
7,,,26919,,,0.11256485432386398,,,,,,,,,,,
7,,,26939,,,0.3135754466056824,,,,,,,,,,,
7,,,26959,,,0.20485423505306244,,,,,,,,,,,
7,,,26979,,,0.22571618854999542,,,,,,,,,,,
7,,,26999,,,0.18312036991119385,,,,,,,,,,,
7,,,27019,,,0.5951771140098572,,,,,,,,,,,
7,,,27039,,,0.11114578694105148,,,,,,,,,,,
7,,,27059,,,0.12803976237773895,,,,,,,,,,,
7,,,27079,,,0.17598123848438263,,,,,,,,,,,
7,,,27099,,,0.31583288311958313,,,,,,,,,,,
7,,,27119,,,0.19656337797641754,,,,,,,,,,,
7,,,27139,,,0.0996098518371582,,,,,,,,,,,
7,,,27159,,,0.19732733070850372,,,,,,,,,,,
7,,,27179,,,0.16355454921722412,,,,,,,,,,,
7,,,27199,,,0.1595311164855957,,,,,,,,,,,
7,,,27219,,,0.46827900409698486,,,,,,,,,,,
7,,,27239,,,0.18544144928455353,,,,,,,,,,,
7,,,27259,,,0.26009470224380493,,,,,,,,,,,
7,,,27279,,,0.28923261165618896,,,,,,,,,,,
7,,,27299,,,0.380064994096756,,,,,,,,,,,
7,,,27319,,,0.2264079749584198,,,,,,,,,,,
7,,,27339,,,0.20869098603725433,,,,,,,,,,,
7,,,27359,,,0.2814250588417053,,,,,,,,,,,
7,,,27379,,,0.22162483632564545,,,,,,,,,,,
7,,,27399,,,0.20358183979988098,,,,,,,,,,,
7,,,27419,,,0.2537328004837036,,,,,,,,,,,
7,,,27439,,,0.13575266301631927,,,,,,,,,,,
7,,,27459,,,0.200444296002388,,,,,,,,,,,
7,,,27479,,,0.07973421365022659,,,,,,,,,,,
7,,,27499,,,0.4965105354785919,,,,,,,,,,,
7,,,27519,,,0.10173960775136948,,,,,,,,,,,
7,,,27539,,,0.11540085822343826,,,,,,,,,,,
7,,,27559,,,0.499391108751297,,,,,,,,,,,
7,,,27579,,,0.1893310695886612,,,,,,,,,,,
7,,,27599,,,0.30591830611228943,,,,,,,,,,,
7,,,27619,,,0.17331604659557343,,,,,,,,,,,
7,,,27639,,,0.19925624132156372,,,,,,,,,,,
7,,,27659,,,0.22074715793132782,,,,,,,,,,,
7,,,27679,,,0.3206000030040741,,,,,,,,,,,
7,,,27699,,,0.13870039582252502,,,,,,,,,,,
7,,,27719,,,0.13979634642601013,,,,,,,,,,,
7,,,27739,,,0.1201474741101265,,,,,,,,,,,
7,,,27759,,,0.16681529581546783,,,,,,,,,,,
7,,,27779,,,0.12339545041322708,,,,,,,,,,,
7,,,27799,,,0.2989102005958557,,,,,,,,,,,
7,,,27819,,,0.23200806975364685,,,,,,,,,,,
7,,,27839,,,0.5562362670898438,,,,,,,,,,,
7,,,27855,,,,0.6401442289352417,0.8880752921104431,0.6401075124740601,1.3476790189743042,0.6680299043655396,0.5529910326004028,0.6975088715553284,0.5730277299880981,0.8620535135269165,0.5395295023918152,0.6401442289352417
7,,,27855,0.8830631375312805,0.24597935378551483,,,,,,,,,,,,
,0.00027,0.00027,27856,,,,,,,,,,,,,,
8,,,27859,,,0.27279579639434814,,,,,,,,,,,
8,,,27879,,,0.23004883527755737,,,,,,,,,,,
8,,,27899,,,0.13989025354385376,,,,,,,,,,,
8,,,27919,,,0.16478033363819122,,,,,,,,,,,
8,,,27939,,,0.10051553696393967,,,,,,,,,,,
8,,,27959,,,0.26994237303733826,,,,,,,,,,,
8,,,27979,,,0.238215833902359,,,,,,,,,,,
8,,,27999,,,0.17194288969039917,,,,,,,,,,,
8,,,28019,,,0.19264830648899078,,,,,,,,,,,
8,,,28039,,,0.1893341988325119,,,,,,,,,,,
8,,,28059,,,0.1206924319267273,,,,,,,,,,,
8,,,28079,,,0.16238021850585938,,,,,,,,,,,
8,,,28099,,,0.059859294444322586,,,,,,,,,,,
8,,,28119,,,0.43553870916366577,,,,,,,,,,,
8,,,28139,,,0.1977706104516983,,,,,,,,,,,
8,,,28159,,,0.22184818983078003,,,,,,,,,,,
8,,,28179,,,0.328285276889801,,,,,,,,,,,
8,,,28199,,,0.32282376289367676,,,,,,,,,,,
8,,,28219,,,0.3076264560222626,,,,,,,,,,,
8,,,28239,,,0.4308679401874542,,,,,,,,,,,
8,,,28259,,,0.13234136998653412,,,,,,,,,,,
8,,,28279,,,0.3240746855735779,,,,,,,,,,,
8,,,28299,,,0.27453258633613586,,,,,,,,,,,
8,,,28319,,,0.24052630364894867,,,,,,,,,,,
8,,,28339,,,0.24377354979515076,,,,,,,,,,,
8,,,28359,,,0.23835329711437225,,,,,,,,,,,
8,,,28379,,,0.18972110748291016,,,,,,,,,,,
8,,,28399,,,0.08772880584001541,,,,,,,,,,,
8,,,28419,,,0.3490191400051117,,,,,,,,,,,
8,,,28439,,,0.4374314248561859,,,,,,,,,,,
8,,,28459,,,0.3226378858089447,,,,,,,,,,,
8,,,28479,,,0.317125141620636,,,,,,,,,,,
8,,,28499,,,0.20661747455596924,,,,,,,,,,,
8,,,28519,,,0.13593800365924835,,,,,,,,,,,
8,,,28539,,,0.1557329297065735,,,,,,,,,,,
8,,,28559,,,0.37385979294776917,,,,,,,,,,,
8,,,28579,,,0.20461338758468628,,,,,,,,,,,
8,,,28599,,,0.370780348777771,,,,,,,,,,,
8,,,28619,,,0.26771920919418335,,,,,,,,,,,
8,,,28639,,,0.3370918333530426,,,,,,,,,,,
8,,,28659,,,0.1987956017255783,,,,,,,,,,,
8,,,28679,,,0.2002285122871399,,,,,,,,,,,
8,,,28699,,,0.2180287092924118,,,,,,,,,,,
8,,,28719,,,0.16484828293323517,,,,,,,,,,,
8,,,28739,,,0.7217926383018494,,,,,,,,,,,
8,,,28759,,,0.07223253697156906,,,,,,,,,,,
8,,,28779,,,0.06607314199209213,,,,,,,,,,,
8,,,28799,,,0.3674914538860321,,,,,,,,,,,
8,,,28819,,,0.21830879151821136,,,,,,,,,,,
8,,,28839,,,0.14632558822631836,,,,,,,,,,,
8,,,28859,,,0.20514634251594543,,,,,,,,,,,
8,,,28879,,,0.4371317923069,,,,,,,,,,,
8,,,28899,,,0.11162418127059937,,,,,,,,,,,
8,,,28919,,,0.12172391265630722,,,,,,,,,,,
8,,,28939,,,0.19361279904842377,,,,,,,,,,,
8,,,28959,,,0.27835944294929504,,,,,,,,,,,
8,,,28979,,,0.4613948166370392,,,,,,,,,,,
8,,,28999,,,0.09234485775232315,,,,,,,,,,,
8,,,29019,,,0.07694755494594574,,,,,,,,,,,
8,,,29039,,,0.1278723031282425,,,,,,,,,,,
8,,,29059,,,0.1724023073911667,,,,,,,,,,,
8,,,29079,,,0.13410291075706482,,,,,,,,,,,
8,,,29099,,,0.35413792729377747,,,,,,,,,,,
8,,,29119,,,0.16038180887699127,,,,,,,,,,,
8,,,29139,,,0.20522868633270264,,,,,,,,,,,
8,,,29159,,,0.23511472344398499,,,,,,,,,,,
8,,,29179,,,0.31367629766464233,,,,,,,,,,,
8,,,29199,,,0.12266681343317032,,,,,,,,,,,
8,,,29219,,,0.2899135649204254,,,,,,,,,,,
8,,,29239,,,0.22508884966373444,,,,,,,,,,,
8,,,29259,,,0.24547012150287628,,,,,,,,,,,
8,,,29279,,,0.15538693964481354,,,,,,,,,,,
8,,,29299,,,0.30140191316604614,,,,,,,,,,,
8,,,29319,,,0.18400970101356506,,,,,,,,,,,
8,,,29339,,,0.12513130903244019,,,,,,,,,,,
8,,,29359,,,0.19614650309085846,,,,,,,,,,,
8,,,29379,,,0.20966534316539764,,,,,,,,,,,
8,,,29399,,,0.1437327265739441,,,,,,,,,,,
8,,,29419,,,0.33384132385253906,,,,,,,,,,,
8,,,29439,,,0.4594728648662567,,,,,,,,,,,
8,,,29459,,,0.125366672873497,,,,,,,,,,,
8,,,29479,,,0.23064589500427246,,,,,,,,,,,
8,,,29499,,,0.2594923973083496,,,,,,,,,,,
8,,,29519,,,0.13924197852611542,,,,,,,,,,,
8,,,29539,,,0.09485824406147003,,,,,,,,,,,
8,,,29559,,,0.23297397792339325,,,,,,,,,,,
8,,,29579,,,0.06659798324108124,,,,,,,,,,,
8,,,29599,,,0.10883616656064987,,,,,,,,,,,
8,,,29619,,,0.10893380641937256,,,,,,,,,,,
8,,,29639,,,0.3104567527770996,,,,,,,,,,,
8,,,29659,,,0.16194944083690643,,,,,,,,,,,
8,,,29679,,,0.132610023021698,,,,,,,,,,,
8,,,29699,,,0.36786991357803345,,,,,,,,,,,
8,,,29719,,,0.7116676568984985,,,,,,,,,,,
8,,,29739,,,0.06303994357585907,,,,,,,,,,,
8,,,29759,,,0.1248767152428627,,,,,,,,,,,
8,,,29779,,,0.3539555072784424,,,,,,,,,,,
8,,,29799,,,0.11283324658870697,,,,,,,,,,,
8,,,29819,,,0.3292311728000641,,,,,,,,,,,
8,,,29839,,,0.18777069449424744,,,,,,,,,,,
8,,,29859,,,0.14224962890148163,,,,,,,,,,,
8,,,29879,,,0.44401103258132935,,,,,,,,,,,
8,,,29899,,,0.14743876457214355,,,,,,,,,,,
8,,,29919,,,0.1103203073143959,,,,,,,,,,,
8,,,29939,,,0.1753542572259903,,,,,,,,,,,
8,,,29959,,,0.34957191348075867,,,,,,,,,,,
8,,,29979,,,0.23835399746894836,,,,,,,,,,,
8,,,29999,,,0.3547481596469879,,,,,,,,,,,
8,,,30019,,,0.14630411565303802,,,,,,,,,,,
8,,,30039,,,0.10915665328502655,,,,,,,,,,,
8,,,30059,,,0.13125266134738922,,,,,,,,,,,
8,,,30079,,,0.22678326070308685,,,,,,,,,,,
8,,,30099,,,0.2895110845565796,,,,,,,,,,,
8,,,30119,,,0.2152380794286728,,,,,,,,,,,
8,,,30139,,,0.09761107712984085,,,,,,,,,,,
8,,,30159,,,0.14706963300704956,,,,,,,,,,,
8,,,30179,,,0.14710132777690887,,,,,,,,,,,
8,,,30199,,,0.31166359782218933,,,,,,,,,,,
8,,,30219,,,0.16083359718322754,,,,,,,,,,,
8,,,30239,,,0.33809083700180054,,,,,,,,,,,
8,,,30259,,,0.09441063553094864,,,,,,,,,,,
8,,,30279,,,0.33411136269569397,,,,,,,,,,,
8,,,30299,,,0.3536946773529053,,,,,,,,,,,
8,,,30319,,,0.20797203481197357,,,,,,,,,,,
8,,,30339,,,0.18955233693122864,,,,,,,,,,,
8,,,30359,,,0.21286150813102722,,,,,,,,,,,
8,,,30379,,,0.13810423016548157,,,,,,,,,,,
8,,,30399,,,0.14413544535636902,,,,,,,,,,,
8,,,30419,,,0.3298182785511017,,,,,,,,,,,
8,,,30439,,,0.19658122956752777,,,,,,,,,,,
8,,,30459,,,0.19104954600334167,,,,,,,,,,,
8,,,30479,,,0.14258964359760284,,,,,,,,,,,
8,,,30499,,,0.19550132751464844,,,,,,,,,,,
8,,,30519,,,0.09012577682733536,,,,,,,,,,,
8,,,30539,,,0.16132287681102753,,,,,,,,,,,
8,,,30559,,,0.15815356373786926,,,,,,,,,,,
8,,,30579,,,0.2732425928115845,,,,,,,,,,,
8,,,30599,,,0.21005278825759888,,,,,,,,,,,
8,,,30619,,,0.30788537859916687,,,,,,,,,,,
8,,,30639,,,0.3387945592403412,,,,,,,,,,,
8,,,30659,,,0.1897325962781906,,,,,,,,,,,
8,,,30679,,,0.2993483245372772,,,,,,,,,,,
8,,,30699,,,0.37275463342666626,,,,,,,,,,,
8,,,30719,,,0.09588520228862762,,,,,,,,,,,
8,,,30739,,,0.10176236182451248,,,,,,,,,,,
8,,,30759,,,0.12779484689235687,,,,,,,,,,,
8,,,30779,,,0.34251224994659424,,,,,,,,,,,
8,,,30799,,,0.14398188889026642,,,,,,,,,,,
8,,,30819,,,0.13605840504169464,,,,,,,,,,,
8,,,30839,,,0.3474750816822052,,,,,,,,,,,
8,,,30859,,,0.11025350540876389,,,,,,,,,,,
8,,,30879,,,0.069620281457901,,,,,,,,,,,
8,,,30899,,,0.30369430780410767,,,,,,,,,,,
8,,,30919,,,0.12747600674629211,,,,,,,,,,,
8,,,30939,,,0.6630302667617798,,,,,,,,,,,
8,,,30959,,,0.19089250266551971,,,,,,,,,,,
8,,,30979,,,0.23074592649936676,,,,,,,,,,,
8,,,30999,,,0.2791740596294403,,,,,,,,,,,
8,,,31019,,,0.1251930594444275,,,,,,,,,,,
8,,,31039,,,0.1398358792066574,,,,,,,,,,,
8,,,31059,,,0.11526119709014893,,,,,,,,,,,
8,,,31079,,,0.08106809854507446,,,,,,,,,,,
8,,,31099,,,0.2091556042432785,,,,,,,,,,,
8,,,31119,,,0.29268184304237366,,,,,,,,,,,
8,,,31139,,,0.08759425580501556,,,,,,,,,,,
8,,,31159,,,0.24761219322681427,,,,,,,,,,,
8,,,31179,,,0.3456791639328003,,,,,,,,,,,
8,,,31199,,,0.13057617843151093,,,,,,,,,,,
8,,,31219,,,0.369821697473526,,,,,,,,,,,
8,,,31239,,,0.10812158137559891,,,,,,,,,,,
8,,,31259,,,0.09013224393129349,,,,,,,,,,,
8,,,31279,,,0.16397114098072052,,,,,,,,,,,
8,,,31299,,,0.12457921355962753,,,,,,,,,,,
8,,,31319,,,0.17199769616127014,,,,,,,,,,,
8,,,31337,,,,0.6421343088150024,0.8794869184494019,0.6401882767677307,1.300455927848816,0.6472733020782471,0.5645328164100647,0.6215576529502869,0.6674973368644714,0.8498883247375488,0.45014992356300354,0.6421343088150024
8,,,31337,0.8924093246459961,0.22823360562324524,,,,,,,,,,,,
,0.0003,0.0003,31338,,,,,,,,,,,,,,
9,,,31339,,,0.16203488409519196,,,,,,,,,,,
9,,,31359,,,0.22587908804416656,,,,,,,,,,,
9,,,31379,,,0.1001574695110321,,,,,,,,,,,
9,,,31399,,,0.14519888162612915,,,,,,,,,,,
9,,,31419,,,0.2893909513950348,,,,,,,,,,,
9,,,31439,,,0.14202095568180084,,,,,,,,,,,
9,,,31459,,,0.1877448707818985,,,,,,,,,,,
9,,,31479,,,0.1755857914686203,,,,,,,,,,,
9,,,31499,,,0.23777705430984497,,,,,,,,,,,
9,,,31519,,,0.10678789019584656,,,,,,,,,,,
9,,,31539,,,0.3348912298679352,,,,,,,,,,,
9,,,31559,,,0.1287456750869751,,,,,,,,,,,
9,,,31579,,,0.19227451086044312,,,,,,,,,,,
9,,,31599,,,0.17719560861587524,,,,,,,,,,,
9,,,31619,,,0.296843945980072,,,,,,,,,,,
9,,,31639,,,0.10531759262084961,,,,,,,,,,,
9,,,31659,,,0.26372551918029785,,,,,,,,,,,
9,,,31679,,,0.21528376638889313,,,,,,,,,,,
9,,,31699,,,0.2918834686279297,,,,,,,,,,,
9,,,31719,,,0.11655836552381516,,,,,,,,,,,
9,,,31739,,,0.26868736743927,,,,,,,,,,,
9,,,31759,,,0.02523999661207199,,,,,,,,,,,
9,,,31779,,,0.4192235469818115,,,,,,,,,,,
9,,,31799,,,0.5710924863815308,,,,,,,,,,,
9,,,31819,,,0.2212032824754715,,,,,,,,,,,
9,,,31839,,,0.3129781186580658,,,,,,,,,,,
9,,,31859,,,0.043637342751026154,,,,,,,,,,,
9,,,31879,,,0.44207563996315,,,,,,,,,,,
9,,,31899,,,0.22587424516677856,,,,,,,,,,,
9,,,31919,,,0.17863914370536804,,,,,,,,,,,
9,,,31939,,,0.11973249167203903,,,,,,,,,,,
9,,,31959,,,0.5044616460800171,,,,,,,,,,,
9,,,31979,,,0.17208538949489594,,,,,,,,,,,
9,,,31999,,,0.10185225307941437,,,,,,,,,,,
9,,,32019,,,0.05103789642453194,,,,,,,,,,,
9,,,32039,,,0.3171525299549103,,,,,,,,,,,
9,,,32059,,,0.30113843083381653,,,,,,,,,,,
9,,,32079,,,0.23249390721321106,,,,,,,,,,,
9,,,32099,,,0.16411028802394867,,,,,,,,,,,
9,,,32119,,,0.08646620810031891,,,,,,,,,,,
9,,,32139,,,0.23907285928726196,,,,,,,,,,,
9,,,32159,,,0.2634775936603546,,,,,,,,,,,
9,,,32179,,,0.13688796758651733,,,,,,,,,,,
9,,,32199,,,0.22461263835430145,,,,,,,,,,,
9,,,32219,,,0.28213176131248474,,,,,,,,,,,
9,,,32239,,,0.09934969991445541,,,,,,,,,,,
9,,,32259,,,0.11023405194282532,,,,,,,,,,,
9,,,32279,,,0.20607297122478485,,,,,,,,,,,
9,,,32299,,,0.23429511487483978,,,,,,,,,,,
9,,,32319,,,0.2893144488334656,,,,,,,,,,,
9,,,32339,,,0.11413294076919556,,,,,,,,,,,
9,,,32359,,,0.1561456173658371,,,,,,,,,,,
9,,,32379,,,0.42071419954299927,,,,,,,,,,,
9,,,32399,,,0.13084959983825684,,,,,,,,,,,
9,,,32419,,,0.36685770750045776,,,,,,,,,,,
9,,,32439,,,0.16945497691631317,,,,,,,,,,,
9,,,32459,,,0.4338912069797516,,,,,,,,,,,
9,,,32479,,,0.10067538172006607,,,,,,,,,,,
9,,,32499,,,0.34679433703422546,,,,,,,,,,,
9,,,32519,,,0.6303756237030029,,,,,,,,,,,
9,,,32539,,,0.15371696650981903,,,,,,,,,,,
9,,,32559,,,0.2344883233308792,,,,,,,,,,,
9,,,32579,,,0.07649102061986923,,,,,,,,,,,
9,,,32599,,,0.12488426268100739,,,,,,,,,,,
9,,,32619,,,0.099999338388443,,,,,,,,,,,
9,,,32639,,,0.14206883311271667,,,,,,,,,,,
9,,,32659,,,0.15081115067005157,,,,,,,,,,,
9,,,32679,,,0.2504706084728241,,,,,,,,,,,
9,,,32699,,,0.2807604968547821,,,,,,,,,,,
9,,,32719,,,0.24843670427799225,,,,,,,,,,,
9,,,32739,,,0.11482462286949158,,,,,,,,,,,
9,,,32759,,,0.45694461464881897,,,,,,,,,,,
9,,,32779,,,0.14192990958690643,,,,,,,,,,,
9,,,32799,,,0.16316349804401398,,,,,,,,,,,
9,,,32819,,,0.08823930472135544,,,,,,,,,,,
9,,,32839,,,0.17988881468772888,,,,,,,,,,,
9,,,32859,,,0.204425647854805,,,,,,,,,,,
9,,,32879,,,0.11490292847156525,,,,,,,,,,,
9,,,32899,,,0.15141785144805908,,,,,,,,,,,
9,,,32919,,,0.2819918990135193,,,,,,,,,,,
9,,,32939,,,0.16874898970127106,,,,,,,,,,,
9,,,32959,,,0.26130226254463196,,,,,,,,,,,
9,,,32979,,,0.13319124281406403,,,,,,,,,,,
9,,,32999,,,0.1543242186307907,,,,,,,,,,,
9,,,33019,,,0.13109637796878815,,,,,,,,,,,
9,,,33039,,,0.24649210274219513,,,,,,,,,,,
9,,,33059,,,0.1082049086689949,,,,,,,,,,,
9,,,33079,,,0.08978188782930374,,,,,,,,,,,
9,,,33099,,,0.10903199017047882,,,,,,,,,,,
9,,,33119,,,0.36276569962501526,,,,,,,,,,,
9,,,33139,,,0.45327985286712646,,,,,,,,,,,
9,,,33159,,,0.17764145135879517,,,,,,,,,,,
9,,,33179,,,0.10267361253499985,,,,,,,,,,,
9,,,33199,,,0.10060375183820724,,,,,,,,,,,
9,,,33219,,,0.09693654626607895,,,,,,,,,,,
9,,,33239,,,0.26022976636886597,,,,,,,,,,,
9,,,33259,,,0.23041154444217682,,,,,,,,,,,
9,,,33279,,,0.12745042145252228,,,,,,,,,,,
9,,,33299,,,0.16579337418079376,,,,,,,,,,,
9,,,33319,,,0.11581023037433624,,,,,,,,,,,
9,,,33339,,,0.43868473172187805,,,,,,,,,,,
9,,,33359,,,0.2143891453742981,,,,,,,,,,,
9,,,33379,,,0.2787899374961853,,,,,,,,,,,
9,,,33399,,,0.1218130961060524,,,,,,,,,,,
9,,,33419,,,0.24848730862140656,,,,,,,,,,,
9,,,33439,,,0.17202872037887573,,,,,,,,,,,
9,,,33459,,,0.19676899909973145,,,,,,,,,,,
9,,,33479,,,0.15368592739105225,,,,,,,,,,,
9,,,33499,,,0.2835962474346161,,,,,,,,,,,
9,,,33519,,,0.13586558401584625,,,,,,,,,,,
9,,,33539,,,0.11294130235910416,,,,,,,,,,,
9,,,33559,,,0.09982435405254364,,,,,,,,,,,
9,,,33579,,,0.23735864460468292,,,,,,,,,,,
9,,,33599,,,0.17172685265541077,,,,,,,,,,,
9,,,33619,,,0.1704818606376648,,,,,,,,,,,
9,,,33639,,,0.21734650433063507,,,,,,,,,,,
9,,,33659,,,0.16615724563598633,,,,,,,,,,,
9,,,33679,,,0.1915651559829712,,,,,,,,,,,
9,,,33699,,,0.17517346143722534,,,,,,,,,,,
9,,,33719,,,0.3676166534423828,,,,,,,,,,,
9,,,33739,,,0.22327472269535065,,,,,,,,,,,
9,,,33759,,,0.09470105916261673,,,,,,,,,,,
9,,,33779,,,0.17023460566997528,,,,,,,,,,,
9,,,33799,,,0.3619038462638855,,,,,,,,,,,
9,,,33819,,,0.16355140507221222,,,,,,,,,,,
9,,,33839,,,0.11751484870910645,,,,,,,,,,,
9,,,33859,,,0.1113266721367836,,,,,,,,,,,
9,,,33879,,,0.2604201138019562,,,,,,,,,,,
9,,,33899,,,0.234113872051239,,,,,,,,,,,
9,,,33919,,,0.34813255071640015,,,,,,,,,,,
9,,,33939,,,0.034625519067049026,,,,,,,,,,,
9,,,33959,,,0.1144867092370987,,,,,,,,,,,
9,,,33979,,,0.21715769171714783,,,,,,,,,,,
9,,,33999,,,0.4080200493335724,,,,,,,,,,,
9,,,34019,,,0.1563664823770523,,,,,,,,,,,
9,,,34039,,,0.2213720977306366,,,,,,,,,,,
9,,,34059,,,0.16890107095241547,,,,,,,,,,,
9,,,34079,,,0.2914401590824127,,,,,,,,,,,
9,,,34099,,,0.3412182033061981,,,,,,,,,,,
9,,,34119,,,0.17036020755767822,,,,,,,,,,,
9,,,34139,,,0.10263654589653015,,,,,,,,,,,
9,,,34159,,,0.13060766458511353,,,,,,,,,,,
9,,,34179,,,0.24297289550304413,,,,,,,,,,,
9,,,34199,,,0.15725640952587128,,,,,,,,,,,
9,,,34219,,,0.23673506081104279,,,,,,,,,,,
9,,,34239,,,0.28671836853027344,,,,,,,,,,,
9,,,34259,,,0.3037258982658386,,,,,,,,,,,
9,,,34279,,,0.0767163559794426,,,,,,,,,,,
9,,,34299,,,0.1984974592924118,,,,,,,,,,,
9,,,34319,,,0.3452896773815155,,,,,,,,,,,
9,,,34339,,,0.0473310686647892,,,,,,,,,,,
9,,,34359,,,0.12608984112739563,,,,,,,,,,,
9,,,34379,,,0.12895938754081726,,,,,,,,,,,
9,,,34399,,,0.16743741929531097,,,,,,,,,,,
9,,,34419,,,0.28355199098587036,,,,,,,,,,,
9,,,34439,,,0.23477917909622192,,,,,,,,,,,
9,,,34459,,,0.2773098051548004,,,,,,,,,,,
9,,,34479,,,0.2079128921031952,,,,,,,,,,,
9,,,34499,,,0.3885616362094879,,,,,,,,,,,
9,,,34519,,,0.19515261054039001,,,,,,,,,,,
9,,,34539,,,0.266277939081192,,,,,,,,,,,
9,,,34559,,,0.07592947781085968,,,,,,,,,,,
9,,,34579,,,0.08631642162799835,,,,,,,,,,,
9,,,34599,,,0.1530260443687439,,,,,,,,,,,
9,,,34619,,,0.30486753582954407,,,,,,,,,,,
9,,,34639,,,0.3635082542896271,,,,,,,,,,,
9,,,34659,,,0.1727038323879242,,,,,,,,,,,
9,,,34679,,,0.24201084673404694,,,,,,,,,,,
9,,,34699,,,0.18215635418891907,,,,,,,,,,,
9,,,34719,,,0.3379717469215393,,,,,,,,,,,
9,,,34739,,,0.1300627738237381,,,,,,,,,,,
9,,,34759,,,0.06332552433013916,,,,,,,,,,,
9,,,34779,,,0.2519684135913849,,,,,,,,,,,
9,,,34799,,,0.3332382142543793,,,,,,,,,,,
9,,,34819,,,0.07681440562009811,,,,,,,,,,,
9,,,34819,,,,0.6079630255699158,0.875294029712677,0.6079297661781311,1.7275444269180298,0.6528830528259277,0.522974967956543,0.5537257790565491,0.6305307745933533,0.8643255233764648,0.5629501342773438,0.6079630255699158
9,,,34819,0.8997613191604614,0.21444793045520782,,,,,,,,,,,,
,0.0003,0.0003,34820,,,,,,,,,,,,,,
10,,,34839,,,0.08476650714874268,,,,,,,,,,,
10,,,34859,,,0.0726294293999672,,,,,,,,,,,
10,,,34879,,,0.17927105724811554,,,,,,,,,,,
10,,,34899,,,0.24762606620788574,,,,,,,,,,,
10,,,34919,,,0.48990288376808167,,,,,,,,,,,
10,,,34939,,,0.20529091358184814,,,,,,,,,,,
10,,,34959,,,0.3313029110431671,,,,,,,,,,,
10,,,34979,,,0.21588146686553955,,,,,,,,,,,
10,,,34999,,,0.0769863948225975,,,,,,,,,,,
10,,,35019,,,0.2700422406196594,,,,,,,,,,,
10,,,35039,,,0.45468923449516296,,,,,,,,,,,
10,,,35059,,,0.1779220849275589,,,,,,,,,,,
10,,,35079,,,0.17574213445186615,,,,,,,,,,,
10,,,35099,,,0.41743791103363037,,,,,,,,,,,
10,,,35119,,,0.10885266214609146,,,,,,,,,,,
10,,,35139,,,0.19933685660362244,,,,,,,,,,,
10,,,35159,,,0.3745157718658447,,,,,,,,,,,
10,,,35179,,,0.05363190919160843,,,,,,,,,,,
10,,,35199,,,0.08195248991250992,,,,,,,,,,,
10,,,35219,,,0.07591267675161362,,,,,,,,,,,
10,,,35239,,,0.10318107903003693,,,,,,,,,,,
10,,,35259,,,0.1049184575676918,,,,,,,,,,,
10,,,35279,,,0.16703900694847107,,,,,,,,,,,
10,,,35299,,,0.31993088126182556,,,,,,,,,,,
10,,,35319,,,0.3076498210430145,,,,,,,,,,,
10,,,35339,,,0.18118029832839966,,,,,,,,,,,
10,,,35359,,,0.18162161111831665,,,,,,,,,,,
10,,,35379,,,0.25355032086372375,,,,,,,,,,,
10,,,35399,,,0.1342886984348297,,,,,,,,,,,
10,,,35419,,,0.35843825340270996,,,,,,,,,,,
10,,,35439,,,0.20077089965343475,,,,,,,,,,,
10,,,35459,,,0.21191194653511047,,,,,,,,,,,
10,,,35479,,,0.08591098338365555,,,,,,,,,,,
10,,,35499,,,0.17848613858222961,,,,,,,,,,,
10,,,35519,,,0.11772160232067108,,,,,,,,,,,
10,,,35539,,,0.045263007283210754,,,,,,,,,,,
10,,,35559,,,0.20931102335453033,,,,,,,,,,,
10,,,35579,,,0.15388056635856628,,,,,,,,,,,
10,,,35599,,,0.19082283973693848,,,,,,,,,,,
10,,,35619,,,0.41011279821395874,,,,,,,,,,,
10,,,35639,,,0.057803619652986526,,,,,,,,,,,
10,,,35659,,,0.4329952299594879,,,,,,,,,,,
10,,,35679,,,0.43645551800727844,,,,,,,,,,,
10,,,35699,,,0.04777900129556656,,,,,,,,,,,
10,,,35719,,,0.3070601522922516,,,,,,,,,,,
10,,,35739,,,0.12561018764972687,,,,,,,,,,,
10,,,35759,,,0.20352989435195923,,,,,,,,,,,
10,,,35779,,,0.3532578945159912,,,,,,,,,,,
10,,,35799,,,0.14575159549713135,,,,,,,,,,,
10,,,35819,,,0.11679519712924957,,,,,,,,,,,
10,,,35839,,,0.2223772406578064,,,,,,,,,,,
10,,,35859,,,0.33905303478240967,,,,,,,,,,,
10,,,35879,,,0.10846224427223206,,,,,,,,,,,
10,,,35899,,,0.1571284979581833,,,,,,,,,,,
10,,,35919,,,0.13870278000831604,,,,,,,,,,,
10,,,35939,,,0.34563636779785156,,,,,,,,,,,
10,,,35959,,,0.11686159670352936,,,,,,,,,,,
10,,,35979,,,0.1408931463956833,,,,,,,,,,,
10,,,35999,,,0.11684411764144897,,,,,,,,,,,
10,,,36019,,,0.16133713722229004,,,,,,,,,,,
10,,,36039,,,0.14637167751789093,,,,,,,,,,,
10,,,36059,,,0.05386372655630112,,,,,,,,,,,
10,,,36079,,,0.08874855935573578,,,,,,,,,,,
10,,,36099,,,0.04481062665581703,,,,,,,,,,,
10,,,36119,,,0.07381945848464966,,,,,,,,,,,
10,,,36139,,,0.12290459126234055,,,,,,,,,,,
10,,,36159,,,0.2503834664821625,,,,,,,,,,,
10,,,36179,,,0.2787718176841736,,,,,,,,,,,
10,,,36199,,,0.09018196165561676,,,,,,,,,,,
10,,,36219,,,0.20875179767608643,,,,,,,,,,,
10,,,36239,,,0.28134074807167053,,,,,,,,,,,
10,,,36259,,,0.13524477183818817,,,,,,,,,,,
10,,,36279,,,0.13986465334892273,,,,,,,,,,,
10,,,36299,,,0.1834043264389038,,,,,,,,,,,
10,,,36319,,,0.12668001651763916,,,,,,,,,,,
10,,,36339,,,0.2001977413892746,,,,,,,,,,,
10,,,36359,,,0.11837441474199295,,,,,,,,,,,
10,,,36379,,,0.12071926891803741,,,,,,,,,,,
10,,,36399,,,0.10044164955615997,,,,,,,,,,,
10,,,36419,,,0.32630300521850586,,,,,,,,,,,
10,,,36439,,,0.17992056906223297,,,,,,,,,,,
10,,,36459,,,0.19792690873146057,,,,,,,,,,,
10,,,36479,,,0.27974915504455566,,,,,,,,,,,
10,,,36499,,,0.20594492554664612,,,,,,,,,,,
10,,,36519,,,0.17553643882274628,,,,,,,,,,,
10,,,36539,,,0.1942792534828186,,,,,,,,,,,
10,,,36559,,,0.1202874705195427,,,,,,,,,,,
10,,,36579,,,0.11449158191680908,,,,,,,,,,,
10,,,36599,,,0.09732455015182495,,,,,,,,,,,
10,,,36619,,,0.2674955725669861,,,,,,,,,,,
10,,,36639,,,0.1609114706516266,,,,,,,,,,,
10,,,36659,,,0.3172403573989868,,,,,,,,,,,
10,,,36679,,,0.06785134971141815,,,,,,,,,,,
10,,,36699,,,0.12004151940345764,,,,,,,,,,,
10,,,36719,,,0.02545643225312233,,,,,,,,,,,
10,,,36739,,,0.17105740308761597,,,,,,,,,,,
10,,,36759,,,0.08080641180276871,,,,,,,,,,,
10,,,36779,,,0.24114179611206055,,,,,,,,,,,
10,,,36799,,,0.2523820996284485,,,,,,,,,,,
10,,,36819,,,0.17319723963737488,,,,,,,,,,,
10,,,36839,,,0.12292977422475815,,,,,,,,,,,
10,,,36859,,,0.19136390089988708,,,,,,,,,,,
10,,,36879,,,0.12758946418762207,,,,,,,,,,,
10,,,36899,,,0.19935926795005798,,,,,,,,,,,
10,,,36919,,,0.18446102738380432,,,,,,,,,,,
10,,,36939,,,0.11257302761077881,,,,,,,,,,,
10,,,36959,,,0.14172008633613586,,,,,,,,,,,
10,,,36979,,,0.20527881383895874,,,,,,,,,,,
10,,,36999,,,0.2113177329301834,,,,,,,,,,,
10,,,37019,,,0.09592897444963455,,,,,,,,,,,
10,,,37039,,,0.2927471995353699,,,,,,,,,,,
10,,,37059,,,0.16333024203777313,,,,,,,,,,,
10,,,37079,,,0.21315009891986847,,,,,,,,,,,
10,,,37099,,,0.3104642331600189,,,,,,,,,,,
10,,,37119,,,0.3227815628051758,,,,,,,,,,,
10,,,37139,,,0.17458167672157288,,,,,,,,,,,
10,,,37159,,,0.12158319354057312,,,,,,,,,,,
10,,,37179,,,0.1333789825439453,,,,,,,,,,,
10,,,37199,,,0.11303706467151642,,,,,,,,,,,
10,,,37219,,,0.42747926712036133,,,,,,,,,,,
10,,,37239,,,0.11341363936662674,,,,,,,,,,,
10,,,37259,,,0.26193615794181824,,,,,,,,,,,
10,,,37279,,,0.17342592775821686,,,,,,,,,,,
10,,,37299,,,0.3725176751613617,,,,,,,,,,,
10,,,37319,,,0.18636777997016907,,,,,,,,,,,
10,,,37339,,,0.11719963699579239,,,,,,,,,,,
10,,,37359,,,0.09444522857666016,,,,,,,,,,,
10,,,37379,,,0.07722821086645126,,,,,,,,,,,
10,,,37399,,,0.138359934091568,,,,,,,,,,,
10,,,37419,,,0.2744346857070923,,,,,,,,,,,
10,,,37439,,,0.2337348759174347,,,,,,,,,,,
10,,,37459,,,0.04866603761911392,,,,,,,,,,,
10,,,37479,,,0.22543495893478394,,,,,,,,,,,
10,,,37499,,,0.11616991460323334,,,,,,,,,,,
10,,,37519,,,0.06728293746709824,,,,,,,,,,,
10,,,37539,,,0.40122610330581665,,,,,,,,,,,
10,,,37559,,,0.1082010343670845,,,,,,,,,,,
10,,,37579,,,0.38748806715011597,,,,,,,,,,,
10,,,37599,,,0.5240117907524109,,,,,,,,,,,
10,,,37619,,,0.1639145314693451,,,,,,,,,,,
10,,,37639,,,0.10365915298461914,,,,,,,,,,,
10,,,37659,,,0.17605437338352203,,,,,,,,,,,
10,,,37679,,,0.1834893822669983,,,,,,,,,,,
10,,,37699,,,0.1536751240491867,,,,,,,,,,,
10,,,37719,,,0.12143030017614365,,,,,,,,,,,
10,,,37739,,,0.16814015805721283,,,,,,,,,,,
10,,,37759,,,0.2880578339099884,,,,,,,,,,,
10,,,37779,,,0.1110021322965622,,,,,,,,,,,
10,,,37799,,,0.34303948283195496,,,,,,,,,,,
10,,,37819,,,0.19940616190433502,,,,,,,,,,,
10,,,37839,,,0.4366797208786011,,,,,,,,,,,
10,,,37859,,,0.19509842991828918,,,,,,,,,,,
10,,,37879,,,0.10639508068561554,,,,,,,,,,,
10,,,37899,,,0.21109357476234436,,,,,,,,,,,
10,,,37919,,,0.16099779307842255,,,,,,,,,,,
10,,,37939,,,0.20712685585021973,,,,,,,,,,,
10,,,37959,,,0.2637414336204529,,,,,,,,,,,
10,,,37979,,,0.21358835697174072,,,,,,,,,,,
10,,,37999,,,0.053528785705566406,,,,,,,,,,,
10,,,38019,,,0.14681586623191833,,,,,,,,,,,
10,,,38039,,,0.2696840167045593,,,,,,,,,,,
10,,,38059,,,0.2832646071910858,,,,,,,,,,,
10,,,38079,,,0.2515866756439209,,,,,,,,,,,
10,,,38099,,,0.14852440357208252,,,,,,,,,,,
10,,,38119,,,0.427646279335022,,,,,,,,,,,
10,,,38139,,,0.18464909493923187,,,,,,,,,,,
10,,,38159,,,0.17376838624477386,,,,,,,,,,,
10,,,38179,,,0.03775234892964363,,,,,,,,,,,
10,,,38199,,,0.3894267678260803,,,,,,,,,,,
10,,,38219,,,0.1792483627796173,,,,,,,,,,,
10,,,38239,,,0.076935775578022,,,,,,,,,,,
10,,,38259,,,0.0454639233648777,,,,,,,,,,,
10,,,38279,,,0.3339519500732422,,,,,,,,,,,
10,,,38299,,,0.23348796367645264,,,,,,,,,,,
10,,,38301,,,,0.6382980942726135,0.8908017873764038,0.6470141410827637,1.5952354669570923,0.6852202415466309,0.5858914852142334,0.6777201890945435,0.6613786220550537,0.784024178981781,0.6177579760551453,0.6382980942726135
10,,,38301,0.9106562733650208,0.1922864466905594,,,,,,,,,,,,
,0.00029990862405286433,0.00029990862405286433,38302,,,,,,,,,,,,,,
11,,,38319,,,0.23948374390602112,,,,,,,,,,,
11,,,38339,,,0.3005620539188385,,,,,,,,,,,
11,,,38359,,,0.13903239369392395,,,,,,,,,,,
11,,,38379,,,0.10365322232246399,,,,,,,,,,,
11,,,38399,,,0.05525350570678711,,,,,,,,,,,
11,,,38419,,,0.17555411159992218,,,,,,,,,,,
11,,,38439,,,0.3787499666213989,,,,,,,,,,,
11,,,38459,,,0.15840856730937958,,,,,,,,,,,
11,,,38479,,,0.14230388402938843,,,,,,,,,,,
11,,,38499,,,0.08969677984714508,,,,,,,,,,,
11,,,38519,,,0.037777774035930634,,,,,,,,,,,
11,,,38539,,,0.3549811542034149,,,,,,,,,,,
11,,,38559,,,0.1807624250650406,,,,,,,,,,,
11,,,38579,,,0.2965529263019562,,,,,,,,,,,
11,,,38599,,,0.22961358726024628,,,,,,,,,,,
11,,,38619,,,0.2744676470756531,,,,,,,,,,,
11,,,38639,,,0.12960708141326904,,,,,,,,,,,
11,,,38659,,,0.09860581904649734,,,,,,,,,,,
11,,,38679,,,0.2881115674972534,,,,,,,,,,,
11,,,38699,,,0.17780673503875732,,,,,,,,,,,
11,,,38719,,,0.1776805967092514,,,,,,,,,,,
11,,,38739,,,0.14833945035934448,,,,,,,,,,,
11,,,38759,,,0.13205412030220032,,,,,,,,,,,
11,,,38779,,,0.26793432235717773,,,,,,,,,,,
11,,,38799,,,0.06804259866476059,,,,,,,,,,,
11,,,38819,,,0.10608875751495361,,,,,,,,,,,
11,,,38839,,,0.30740293860435486,,,,,,,,,,,
11,,,38859,,,0.08034452795982361,,,,,,,,,,,
11,,,38879,,,0.0919712483882904,,,,,,,,,,,
11,,,38899,,,0.10400678962469101,,,,,,,,,,,
11,,,38919,,,0.15530739724636078,,,,,,,,,,,
11,,,38939,,,0.08761563897132874,,,,,,,,,,,
11,,,38959,,,0.2489280253648758,,,,,,,,,,,
11,,,38979,,,0.05420273542404175,,,,,,,,,,,
11,,,38999,,,0.0489412359893322,,,,,,,,,,,
11,,,39019,,,0.29766348004341125,,,,,,,,,,,
11,,,39039,,,0.26879769563674927,,,,,,,,,,,
11,,,39059,,,0.0507800355553627,,,,,,,,,,,
11,,,39079,,,0.23412036895751953,,,,,,,,,,,
11,,,39099,,,0.14721642434597015,,,,,,,,,,,
11,,,39119,,,0.5010168552398682,,,,,,,,,,,
11,,,39139,,,0.44908466935157776,,,,,,,,,,,
11,,,39159,,,0.4389873445034027,,,,,,,,,,,
11,,,39179,,,0.4225669205188751,,,,,,,,,,,
11,,,39199,,,0.18050320446491241,,,,,,,,,,,
11,,,39219,,,0.13505317270755768,,,,,,,,,,,
11,,,39239,,,0.03478643670678139,,,,,,,,,,,
11,,,39259,,,0.3901234567165375,,,,,,,,,,,
11,,,39279,,,0.17382274568080902,,,,,,,,,,,
11,,,39299,,,0.23399463295936584,,,,,,,,,,,
11,,,39319,,,0.05125700309872627,,,,,,,,,,,
11,,,39339,,,0.3462224006652832,,,,,,,,,,,
11,,,39359,,,0.06936687976121902,,,,,,,,,,,
11,,,39379,,,0.1687176525592804,,,,,,,,,,,
11,,,39399,,,0.04201393574476242,,,,,,,,,,,
11,,,39419,,,0.16728734970092773,,,,,,,,,,,
11,,,39439,,,0.13533464074134827,,,,,,,,,,,
11,,,39459,,,0.08066051453351974,,,,,,,,,,,
11,,,39479,,,0.13415871560573578,,,,,,,,,,,
11,,,39499,,,0.16408495604991913,,,,,,,,,,,
11,,,39519,,,0.11603228002786636,,,,,,,,,,,
11,,,39539,,,0.051741182804107666,,,,,,,,,,,
11,,,39559,,,0.17698895931243896,,,,,,,,,,,
11,,,39579,,,0.15815317630767822,,,,,,,,,,,
11,,,39599,,,0.12271324545145035,,,,,,,,,,,
11,,,39619,,,0.0559939444065094,,,,,,,,,,,
11,,,39639,,,0.13644801080226898,,,,,,,,,,,
11,,,39659,,,0.16286420822143555,,,,,,,,,,,
11,,,39679,,,0.18295074999332428,,,,,,,,,,,
11,,,39699,,,0.06047061085700989,,,,,,,,,,,
11,,,39719,,,0.06575635820627213,,,,,,,,,,,
11,,,39739,,,0.2865212857723236,,,,,,,,,,,
11,,,39759,,,0.07143241912126541,,,,,,,,,,,
11,,,39779,,,0.036573626101017,,,,,,,,,,,
11,,,39799,,,0.07397492229938507,,,,,,,,,,,
11,,,39819,,,0.3471826910972595,,,,,,,,,,,
11,,,39839,,,0.36800622940063477,,,,,,,,,,,
11,,,39859,,,0.1649656891822815,,,,,,,,,,,
11,,,39879,,,0.15813127160072327,,,,,,,,,,,
11,,,39899,,,0.18336203694343567,,,,,,,,,,,
11,,,39919,,,0.5573205947875977,,,,,,,,,,,
11,,,39939,,,0.20605452358722687,,,,,,,,,,,
11,,,39959,,,0.41666197776794434,,,,,,,,,,,
11,,,39979,,,0.12431292235851288,,,,,,,,,,,
11,,,39999,,,0.02341335453093052,,,,,,,,,,,
11,,,40019,,,0.08813703060150146,,,,,,,,,,,
11,,,40039,,,0.041189044713974,,,,,,,,,,,
11,,,40059,,,0.33017122745513916,,,,,,,,,,,
11,,,40079,,,0.31017303466796875,,,,,,,,,,,
11,,,40099,,,0.5308573246002197,,,,,,,,,,,
11,,,40119,,,0.043637964874506,,,,,,,,,,,
11,,,40139,,,0.23893998563289642,,,,,,,,,,,
11,,,40159,,,0.1778532862663269,,,,,,,,,,,
11,,,40179,,,0.10574467480182648,,,,,,,,,,,
11,,,40199,,,0.04679439216852188,,,,,,,,,,,
11,,,40219,,,0.24688588082790375,,,,,,,,,,,
11,,,40239,,,0.04818218946456909,,,,,,,,,,,
11,,,40259,,,0.20084412395954132,,,,,,,,,,,
11,,,40279,,,0.41759124398231506,,,,,,,,,,,
11,,,40299,,,0.20167040824890137,,,,,,,,,,,
11,,,40319,,,0.21918579936027527,,,,,,,,,,,
11,,,40339,,,0.15526773035526276,,,,,,,,,,,
11,,,40359,,,0.08743689954280853,,,,,,,,,,,
11,,,40379,,,0.17369355261325836,,,,,,,,,,,
11,,,40399,,,0.10577202588319778,,,,,,,,,,,
11,,,40419,,,0.09335783869028091,,,,,,,,,,,
11,,,40439,,,0.35308709740638733,,,,,,,,,,,
11,,,40459,,,0.4353748559951782,,,,,,,,,,,
11,,,40479,,,0.16246657073497772,,,,,,,,,,,
11,,,40499,,,0.11778002977371216,,,,,,,,,,,
11,,,40519,,,0.27371373772621155,,,,,,,,,,,
11,,,40539,,,0.3108260929584503,,,,,,,,,,,
11,,,40559,,,0.08061233907938004,,,,,,,,,,,
11,,,40579,,,0.2615449130535126,,,,,,,,,,,
11,,,40599,,,0.03044668585062027,,,,,,,,,,,
11,,,40619,,,0.07326121628284454,,,,,,,,,,,
11,,,40639,,,0.21135161817073822,,,,,,,,,,,
11,,,40659,,,0.21991269290447235,,,,,,,,,,,
11,,,40679,,,0.050085242837667465,,,,,,,,,,,
11,,,40699,,,0.06152768060564995,,,,,,,,,,,
11,,,40719,,,0.13038641214370728,,,,,,,,,,,
11,,,40739,,,0.03448020666837692,,,,,,,,,,,
11,,,40759,,,0.15794198215007782,,,,,,,,,,,
11,,,40779,,,0.08044499158859253,,,,,,,,,,,
11,,,40799,,,0.13257595896720886,,,,,,,,,,,
11,,,40819,,,0.09576702862977982,,,,,,,,,,,
11,,,40839,,,0.3617609143257141,,,,,,,,,,,
11,,,40859,,,0.2187880575656891,,,,,,,,,,,
11,,,40879,,,0.09946871548891068,,,,,,,,,,,
11,,,40899,,,0.07962434738874435,,,,,,,,,,,
11,,,40919,,,0.05253315716981888,,,,,,,,,,,
11,,,40939,,,0.06366891413927078,,,,,,,,,,,
11,,,40959,,,0.09339559823274612,,,,,,,,,,,
11,,,40979,,,0.10705098509788513,,,,,,,,,,,
11,,,40999,,,0.2318088263273239,,,,,,,,,,,
11,,,41019,,,0.07693871110677719,,,,,,,,,,,
11,,,41039,,,0.11575205624103546,,,,,,,,,,,
11,,,41059,,,0.11063024401664734,,,,,,,,,,,
11,,,41079,,,0.29801005125045776,,,,,,,,,,,
11,,,41099,,,0.07088938355445862,,,,,,,,,,,
11,,,41119,,,0.29837995767593384,,,,,,,,,,,
11,,,41139,,,0.04597675800323486,,,,,,,,,,,
11,,,41159,,,0.5022082328796387,,,,,,,,,,,
11,,,41179,,,0.29190322756767273,,,,,,,,,,,
11,,,41199,,,0.28284773230552673,,,,,,,,,,,
11,,,41219,,,0.08262094855308533,,,,,,,,,,,
11,,,41239,,,0.12979179620742798,,,,,,,,,,,
11,,,41259,,,0.07184961438179016,,,,,,,,,,,
11,,,41279,,,0.08870537579059601,,,,,,,,,,,
11,,,41299,,,0.22389023005962372,,,,,,,,,,,
11,,,41319,,,0.2145155966281891,,,,,,,,,,,
11,,,41339,,,0.05196315795183182,,,,,,,,,,,
11,,,41359,,,0.36348068714141846,,,,,,,,,,,
11,,,41379,,,0.08028940111398697,,,,,,,,,,,
11,,,41399,,,0.2934647500514984,,,,,,,,,,,
11,,,41419,,,0.09384951740503311,,,,,,,,,,,
11,,,41439,,,0.3801107704639435,,,,,,,,,,,
11,,,41459,,,0.24934768676757812,,,,,,,,,,,
11,,,41479,,,0.05544482171535492,,,,,,,,,,,
11,,,41499,,,0.21180853247642517,,,,,,,,,,,
11,,,41519,,,0.28651079535484314,,,,,,,,,,,
11,,,41539,,,0.15833574533462524,,,,,,,,,,,
11,,,41559,,,0.05668770521879196,,,,,,,,,,,
11,,,41579,,,0.36577698588371277,,,,,,,,,,,
11,,,41599,,,0.3147490322589874,,,,,,,,,,,
11,,,41619,,,0.3866865336894989,,,,,,,,,,,
11,,,41639,,,0.0581195242702961,,,,,,,,,,,
11,,,41659,,,0.2337876260280609,,,,,,,,,,,
11,,,41679,,,0.11642738431692123,,,,,,,,,,,
11,,,41699,,,0.32337698340415955,,,,,,,,,,,
11,,,41719,,,0.08279941976070404,,,,,,,,,,,
11,,,41739,,,0.12759844958782196,,,,,,,,,,,
11,,,41759,,,0.28233474493026733,,,,,,,,,,,
11,,,41779,,,0.2608618140220642,,,,,,,,,,,
11,,,41783,,,,0.5446013808250427,0.8502116203308105,0.5427017211914062,2.529574155807495,0.7083684802055359,0.4662865400314331,0.5143864750862122,0.5527927279472351,0.859086811542511,0.9072079658508301,0.5446013808250427
11,,,41783,0.9164667725563049,0.18166488409042358,,,,,,,,,,,,
,0.0002996346075389736,0.0002996346075389736,41784,,,,,,,,,,,,,,
12,,,41799,,,0.09152597188949585,,,,,,,,,,,
12,,,41819,,,0.2113817036151886,,,,,,,,,,,
12,,,41839,,,0.057942941784858704,,,,,,,,,,,
12,,,41859,,,0.09012802690267563,,,,,,,,,,,
12,,,41879,,,0.4155285954475403,,,,,,,,,,,
12,,,41899,,,0.06477678567171097,,,,,,,,,,,
12,,,41919,,,0.18127445876598358,,,,,,,,,,,
12,,,41939,,,0.17091405391693115,,,,,,,,,,,
12,,,41959,,,0.09159225970506668,,,,,,,,,,,
12,,,41979,,,0.03831280395388603,,,,,,,,,,,
12,,,41999,,,0.3802539110183716,,,,,,,,,,,
12,,,42019,,,0.1911752074956894,,,,,,,,,,,
12,,,42039,,,0.049695733934640884,,,,,,,,,,,
12,,,42059,,,0.15790320932865143,,,,,,,,,,,
12,,,42079,,,0.1339081972837448,,,,,,,,,,,
12,,,42099,,,0.11549769341945648,,,,,,,,,,,
12,,,42119,,,0.028615931048989296,,,,,,,,,,,
12,,,42139,,,0.35764095187187195,,,,,,,,,,,
12,,,42159,,,0.21898332238197327,,,,,,,,,,,
12,,,42179,,,0.3969608545303345,,,,,,,,,,,
12,,,42199,,,0.10046608746051788,,,,,,,,,,,
12,,,42219,,,0.09617816656827927,,,,,,,,,,,
12,,,42239,,,0.11217612028121948,,,,,,,,,,,
12,,,42259,,,0.3258344829082489,,,,,,,,,,,
12,,,42279,,,0.14103826880455017,,,,,,,,,,,
12,,,42299,,,0.09002486616373062,,,,,,,,,,,
12,,,42319,,,0.04749134182929993,,,,,,,,,,,
12,,,42339,,,0.431007981300354,,,,,,,,,,,
12,,,42359,,,0.2856048047542572,,,,,,,,,,,
12,,,42379,,,0.03740549832582474,,,,,,,,,,,
12,,,42399,,,0.37882599234580994,,,,,,,,,,,
12,,,42419,,,0.20348194241523743,,,,,,,,,,,
12,,,42439,,,0.14069902896881104,,,,,,,,,,,
12,,,42459,,,0.42822518944740295,,,,,,,,,,,
12,,,42479,,,0.154702827334404,,,,,,,,,,,
12,,,42499,,,0.2654584050178528,,,,,,,,,,,
12,,,42519,,,0.26221778988838196,,,,,,,,,,,
12,,,42539,,,0.08321954309940338,,,,,,,,,,,
12,,,42559,,,0.05194609612226486,,,,,,,,,,,
12,,,42579,,,0.06032349169254303,,,,,,,,,,,
12,,,42599,,,0.03665584325790405,,,,,,,,,,,
12,,,42619,,,0.02383478730916977,,,,,,,,,,,
12,,,42639,,,0.0879499614238739,,,,,,,,,,,
12,,,42659,,,0.028327707201242447,,,,,,,,,,,
12,,,42679,,,0.03335067629814148,,,,,,,,,,,
12,,,42699,,,0.30026352405548096,,,,,,,,,,,
12,,,42719,,,0.18317507207393646,,,,,,,,,,,
12,,,42739,,,0.11879322677850723,,,,,,,,,,,
12,,,42759,,,0.0884181410074234,,,,,,,,,,,
12,,,42779,,,0.08111819624900818,,,,,,,,,,,
12,,,42799,,,0.05424397066235542,,,,,,,,,,,
12,,,42819,,,0.18136289715766907,,,,,,,,,,,
12,,,42839,,,0.04316846653819084,,,,,,,,,,,
12,,,42859,,,0.21961084008216858,,,,,,,,,,,
12,,,42879,,,0.07726725190877914,,,,,,,,,,,
12,,,42899,,,0.039300646632909775,,,,,,,,,,,
12,,,42919,,,0.10215671360492706,,,,,,,,,,,
12,,,42939,,,0.02699594385921955,,,,,,,,,,,
12,,,42959,,,0.021573012694716454,,,,,,,,,,,
12,,,42979,,,0.04258796200156212,,,,,,,,,,,
12,,,42999,,,0.228418231010437,,,,,,,,,,,
12,,,43019,,,0.12211260944604874,,,,,,,,,,,
12,,,43039,,,0.11370506882667542,,,,,,,,,,,
12,,,43059,,,0.24221213161945343,,,,,,,,,,,
12,,,43079,,,0.016176458448171616,,,,,,,,,,,
12,,,43099,,,0.5482689738273621,,,,,,,,,,,
12,,,43119,,,0.1354050636291504,,,,,,,,,,,
12,,,43139,,,0.19741269946098328,,,,,,,,,,,
12,,,43159,,,0.43713346123695374,,,,,,,,,,,
12,,,43179,,,0.2996915876865387,,,,,,,,,,,
12,,,43199,,,0.0544881746172905,,,,,,,,,,,
12,,,43219,,,0.07600027322769165,,,,,,,,,,,
12,,,43239,,,0.21804335713386536,,,,,,,,,,,
12,,,43259,,,0.07457556575536728,,,,,,,,,,,
12,,,43279,,,0.09722868353128433,,,,,,,,,,,
12,,,43299,,,0.055710893124341965,,,,,,,,,,,
12,,,43319,,,0.17312276363372803,,,,,,,,,,,
12,,,43339,,,0.191787451505661,,,,,,,,,,,
12,,,43359,,,0.12334050983190536,,,,,,,,,,,
12,,,43379,,,0.1354406774044037,,,,,,,,,,,
12,,,43399,,,0.11705061793327332,,,,,,,,,,,
12,,,43419,,,0.08216235041618347,,,,,,,,,,,
12,,,43439,,,0.10270681232213974,,,,,,,,,,,
12,,,43459,,,0.3377295732498169,,,,,,,,,,,
12,,,43479,,,0.12057223170995712,,,,,,,,,,,
12,,,43499,,,0.13346298038959503,,,,,,,,,,,
12,,,43519,,,0.09218815714120865,,,,,,,,,,,
12,,,43539,,,0.13581931591033936,,,,,,,,,,,
