epoch,lr-AdamW/pg1,lr-AdamW/pg2,lr-AdamW/pg3,step,train/acc,train/loss_epoch,train/loss_step,val/acc,val/auroc,val/f1,val/loss,val/macro_precision,val/mcc,val/micro_precision,val/precision_c0,val/precision_c1,val/precision_c2,val/precision_c3,val/recall
,5.9999999999999995e-05,5.9999999999999995e-05,6e-06,0,,,,,,,,,,,,,,,
0,,,,19,,,0.9371259808540344,,,,,,,,,,,,
0,,,,39,,,0.7008092999458313,,,,,,,,,,,,
0,,,,59,,,0.9133351445198059,,,,,,,,,,,,
0,,,,79,,,0.6893168091773987,,,,,,,,,,,,
0,,,,99,,,0.6410144567489624,,,,,,,,,,,,
0,,,,119,,,0.6596677303314209,,,,,,,,,,,,
0,,,,139,,,0.5443342328071594,,,,,,,,,,,,
0,,,,159,,,0.7567324042320251,,,,,,,,,,,,
0,,,,179,,,0.5092892646789551,,,,,,,,,,,,
0,,,,199,,,0.607774555683136,,,,,,,,,,,,
0,,,,219,,,0.7886909246444702,,,,,,,,,,,,
0,,,,239,,,0.6089205741882324,,,,,,,,,,,,
0,,,,259,,,0.640217661857605,,,,,,,,,,,,
0,,,,279,,,0.6409028172492981,,,,,,,,,,,,
0,,,,299,,,0.6407021284103394,,,,,,,,,,,,
0,,,,319,,,0.5811216831207275,,,,,,,,,,,,
0,,,,339,,,0.5423247814178467,,,,,,,,,,,,
0,,,,359,,,0.5328912734985352,,,,,,,,,,,,
0,,,,379,,,0.6223700642585754,,,,,,,,,,,,
0,,,,399,,,0.9542962908744812,,,,,,,,,,,,
0,,,,419,,,0.8829216361045837,,,,,,,,,,,,
0,,,,439,,,0.8524383306503296,,,,,,,,,,,,
0,,,,459,,,0.7700337171554565,,,,,,,,,,,,
0,,,,479,,,0.6014977097511292,,,,,,,,,,,,
0,,,,499,,,0.6275568008422852,,,,,,,,,,,,
0,,,,519,,,0.29221269488334656,,,,,,,,,,,,
0,,,,539,,,0.5635332465171814,,,,,,,,,,,,
0,,,,559,,,0.8626430630683899,,,,,,,,,,,,
0,,,,579,,,0.8478832244873047,,,,,,,,,,,,
0,,,,599,,,0.3784092664718628,,,,,,,,,,,,
0,,,,619,,,1.1113951206207275,,,,,,,,,,,,
0,,,,639,,,0.42491060495376587,,,,,,,,,,,,
0,,,,659,,,0.5925658345222473,,,,,,,,,,,,
0,,,,679,,,0.7342802882194519,,,,,,,,,,,,
0,,,,699,,,0.39631393551826477,,,,,,,,,,,,
0,,,,719,,,0.6643410921096802,,,,,,,,,,,,
0,,,,739,,,0.3988063335418701,,,,,,,,,,,,
0,,,,759,,,0.32722291350364685,,,,,,,,,,,,
0,,,,779,,,0.6926290988922119,,,,,,,,,,,,
0,,,,799,,,0.3149721026420593,,,,,,,,,,,,
0,,,,819,,,0.4717649519443512,,,,,,,,,,,,
0,,,,839,,,0.4724257290363312,,,,,,,,,,,,
0,,,,859,,,0.6350508332252502,,,,,,,,,,,,
0,,,,879,,,0.9685155153274536,,,,,,,,,,,,
0,,,,899,,,0.39636656641960144,,,,,,,,,,,,
0,,,,919,,,0.5969108939170837,,,,,,,,,,,,
0,,,,939,,,0.37488293647766113,,,,,,,,,,,,
0,,,,959,,,0.6052075624465942,,,,,,,,,,,,
0,,,,979,,,0.3261837065219879,,,,,,,,,,,,
0,,,,999,,,0.6097211241722107,,,,,,,,,,,,
0,,,,1019,,,0.5441345572471619,,,,,,,,,,,,
0,,,,1039,,,0.6086327433586121,,,,,,,,,,,,
0,,,,1059,,,0.48970815539360046,,,,,,,,,,,,
0,,,,1079,,,0.6804277896881104,,,,,,,,,,,,
0,,,,1099,,,0.472076952457428,,,,,,,,,,,,
0,,,,1119,,,0.38956233859062195,,,,,,,,,,,,
0,,,,1139,,,0.571155309677124,,,,,,,,,,,,
0,,,,1159,,,0.5270925164222717,,,,,,,,,,,,
0,,,,1179,,,0.28537026047706604,,,,,,,,,,,,
0,,,,1199,,,0.713874101638794,,,,,,,,,,,,
0,,,,1219,,,0.4071158170700073,,,,,,,,,,,,
0,,,,1239,,,0.5515783429145813,,,,,,,,,,,,
0,,,,1259,,,0.6162511706352234,,,,,,,,,,,,
0,,,,1279,,,0.32757022976875305,,,,,,,,,,,,
0,,,,1299,,,0.49215230345726013,,,,,,,,,,,,
0,,,,1319,,,0.922822117805481,,,,,,,,,,,,
0,,,,1339,,,0.8217753767967224,,,,,,,,,,,,
0,,,,1359,,,0.7236329913139343,,,,,,,,,,,,
0,,,,1379,,,0.2766687870025635,,,,,,,,,,,,
0,,,,1399,,,0.4217918813228607,,,,,,,,,,,,
0,,,,1419,,,0.5698183178901672,,,,,,,,,,,,
0,,,,1439,,,0.6928907632827759,,,,,,,,,,,,
0,,,,1459,,,0.9283386468887329,,,,,,,,,,,,
0,,,,1479,,,0.5589787364006042,,,,,,,,,,,,
0,,,,1499,,,0.5191848278045654,,,,,,,,,,,,
0,,,,1519,,,0.30198583006858826,,,,,,,,,,,,
0,,,,1539,,,0.8786036968231201,,,,,,,,,,,,
0,,,,1559,,,0.6762360334396362,,,,,,,,,,,,
0,,,,1579,,,1.059119701385498,,,,,,,,,,,,
0,,,,1599,,,0.3808460533618927,,,,,,,,,,,,
0,,,,1619,,,0.9295276999473572,,,,,,,,,,,,
0,,,,1639,,,0.3659401535987854,,,,,,,,,,,,
0,,,,1659,,,0.5015948414802551,,,,,,,,,,,,
0,,,,1679,,,0.2931993901729584,,,,,,,,,,,,
0,,,,1699,,,0.2475937455892563,,,,,,,,,,,,
0,,,,1719,,,0.47168299555778503,,,,,,,,,,,,
0,,,,1739,,,0.25584036111831665,,,,,,,,,,,,
0,,,,1759,,,0.9103924036026001,,,,,,,,,,,,
0,,,,1779,,,0.7884310483932495,,,,,,,,,,,,
0,,,,1799,,,0.4032421410083771,,,,,,,,,,,,
0,,,,1819,,,0.2194862812757492,,,,,,,,,,,,
0,,,,1839,,,0.27489134669303894,,,,,,,,,,,,
0,,,,1859,,,0.7334506511688232,,,,,,,,,,,,
0,,,,1879,,,0.26160019636154175,,,,,,,,,,,,
0,,,,1899,,,0.8335850238800049,,,,,,,,,,,,
0,,,,1919,,,0.643975019454956,,,,,,,,,,,,
0,,,,1939,,,0.8195245862007141,,,,,,,,,,,,
0,,,,1959,,,0.3898419439792633,,,,,,,,,,,,
0,,,,1979,,,0.34665215015411377,,,,,,,,,,,,
0,,,,1999,,,0.5719829201698303,,,,,,,,,,,,
0,,,,2019,,,0.22993847727775574,,,,,,,,,,,,
0,,,,2039,,,0.778850793838501,,,,,,,,,,,,
0,,,,2059,,,0.7617533802986145,,,,,,,,,,,,
0,,,,2079,,,0.271042138338089,,,,,,,,,,,,
0,,,,2099,,,0.28160035610198975,,,,,,,,,,,,
0,,,,2119,,,0.3158349096775055,,,,,,,,,,,,
0,,,,2139,,,0.3213726878166199,,,,,,,,,,,,
0,,,,2159,,,0.27816927433013916,,,,,,,,,,,,
0,,,,2179,,,0.6115924119949341,,,,,,,,,,,,
0,,,,2199,,,0.29706981778144836,,,,,,,,,,,,
0,,,,2219,,,0.35877230763435364,,,,,,,,,,,,
0,,,,2239,,,0.20958204567432404,,,,,,,,,,,,
0,,,,2259,,,0.43389445543289185,,,,,,,,,,,,
0,,,,2279,,,0.3072078824043274,,,,,,,,,,,,
0,,,,2299,,,0.29423630237579346,,,,,,,,,,,,
0,,,,2319,,,0.31383955478668213,,,,,,,,,,,,
0,,,,2339,,,0.2918752133846283,,,,,,,,,,,,
0,,,,2359,,,0.43420010805130005,,,,,,,,,,,,
0,,,,2379,,,0.311092734336853,,,,,,,,,,,,
0,,,,2399,,,0.37590259313583374,,,,,,,,,,,,
0,,,,2419,,,0.31533387303352356,,,,,,,,,,,,
0,,,,2439,,,0.8429539203643799,,,,,,,,,,,,
0,,,,2459,,,0.4258553385734558,,,,,,,,,,,,
0,,,,2479,,,0.3338721692562103,,,,,,,,,,,,
0,,,,2499,,,0.33849483728408813,,,,,,,,,,,,
0,,,,2519,,,0.29939979314804077,,,,,,,,,,,,
0,,,,2539,,,0.23713938891887665,,,,,,,,,,,,
0,,,,2559,,,0.2541346251964569,,,,,,,,,,,,
0,,,,2579,,,0.36466893553733826,,,,,,,,,,,,
0,,,,2599,,,0.2932804524898529,,,,,,,,,,,,
0,,,,2619,,,0.24696211516857147,,,,,,,,,,,,
0,,,,2639,,,0.6915819644927979,,,,,,,,,,,,
0,,,,2659,,,0.7091876864433289,,,,,,,,,,,,
0,,,,2679,,,0.8492299318313599,,,,,,,,,,,,
0,,,,2699,,,0.7895451784133911,,,,,,,,,,,,
0,,,,2719,,,0.260859876871109,,,,,,,,,,,,
0,,,,2739,,,0.5181046724319458,,,,,,,,,,,,
0,,,,2759,,,0.46160414814949036,,,,,,,,,,,,
0,,,,2779,,,0.7291100025177002,,,,,,,,,,,,
0,,,,2799,,,0.3416394591331482,,,,,,,,,,,,
0,,,,2819,,,0.41561609506607056,,,,,,,,,,,,
0,,,,2839,,,0.36947426199913025,,,,,,,,,,,,
0,,,,2859,,,0.2619427442550659,,,,,,,,,,,,
0,,,,2879,,,0.43451622128486633,,,,,,,,,,,,
0,,,,2899,,,0.19801537692546844,,,,,,,,,,,,
0,,,,2919,,,0.7506648302078247,,,,,,,,,,,,
0,,,,2939,,,0.6574415564537048,,,,,,,,,,,,
0,,,,2959,,,0.25681859254837036,,,,,,,,,,,,
0,,,,2979,,,0.25820621848106384,,,,,,,,,,,,
0,,,,2999,,,0.27403876185417175,,,,,,,,,,,,
0,,,,3019,,,0.8887622356414795,,,,,,,,,,,,
0,,,,3039,,,0.3717699348926544,,,,,,,,,,,,
0,,,,3059,,,0.20903532207012177,,,,,,,,,,,,
0,,,,3079,,,0.26739245653152466,,,,,,,,,,,,
0,,,,3099,,,0.6653395891189575,,,,,,,,,,,,
0,,,,3119,,,0.5624372959136963,,,,,,,,,,,,
0,,,,3139,,,0.6057662963867188,,,,,,,,,,,,
0,,,,3159,,,0.6642650365829468,,,,,,,,,,,,
0,,,,3179,,,0.6185522675514221,,,,,,,,,,,,
0,,,,3199,,,0.7865954041481018,,,,,,,,,,,,
0,,,,3219,,,0.5691131353378296,,,,,,,,,,,,
0,,,,3239,,,0.4934104382991791,,,,,,,,,,,,
0,,,,3259,,,0.5363895893096924,,,,,,,,,,,,
0,,,,3279,,,1.0166161060333252,,,,,,,,,,,,
0,,,,3299,,,0.724413275718689,,,,,,,,,,,,
0,,,,3319,,,0.3247085511684418,,,,,,,,,,,,
0,,,,3339,,,0.2721747159957886,,,,,,,,,,,,
0,,,,3359,,,0.5866292715072632,,,,,,,,,,,,
0,,,,3379,,,0.3412153720855713,,,,,,,,,,,,
0,,,,3399,,,0.2967141568660736,,,,,,,,,,,,
0,,,,3419,,,0.22047929465770721,,,,,,,,,,,,
0,,,,3439,,,0.37469053268432617,,,,,,,,,,,,
0,,,,3459,,,0.20979644358158112,,,,,,,,,,,,
0,,,,3479,,,0.25805747509002686,,,,,,,,,,,,
0,,,,3481,,,,0.640636682510376,0.8586812019348145,0.58310866355896,0.5374963283538818,0.6190645694732666,0.48842620849609375,0.5987153053283691,0.576522946357727,0.7304517030715942,0.834396481513977,0.33488720655441284,0.640636682510376
0,,,,3481,0.4662202000617981,0.5362665057182312,,,,,,,,,,,,,
,0.00011999999999999999,0.00011999999999999999,1.2e-05,3482,,,,,,,,,,,,,,,
1,,,,3499,,,0.4020404815673828,,,,,,,,,,,,
1,,,,3519,,,0.2516375780105591,,,,,,,,,,,,
1,,,,3539,,,0.24000295996665955,,,,,,,,,,,,
1,,,,3559,,,0.3430594503879547,,,,,,,,,,,,
1,,,,3579,,,0.7517138719558716,,,,,,,,,,,,
1,,,,3599,,,0.46171480417251587,,,,,,,,,,,,
1,,,,3619,,,0.3430078327655792,,,,,,,,,,,,
1,,,,3639,,,0.9205219745635986,,,,,,,,,,,,
1,,,,3659,,,0.26982933282852173,,,,,,,,,,,,
1,,,,3679,,,0.17914460599422455,,,,,,,,,,,,
1,,,,3699,,,0.6425930857658386,,,,,,,,,,,,
1,,,,3719,,,0.7180290818214417,,,,,,,,,,,,
1,,,,3739,,,0.7594473361968994,,,,,,,,,,,,
1,,,,3759,,,0.6608052849769592,,,,,,,,,,,,
1,,,,3779,,,0.24047289788722992,,,,,,,,,,,,
1,,,,3799,,,0.5278226733207703,,,,,,,,,,,,
1,,,,3819,,,0.24631665647029877,,,,,,,,,,,,
1,,,,3839,,,0.1509772390127182,,,,,,,,,,,,
1,,,,3859,,,0.19225925207138062,,,,,,,,,,,,
1,,,,3879,,,0.347328782081604,,,,,,,,,,,,
1,,,,3899,,,0.4508320689201355,,,,,,,,,,,,
1,,,,3919,,,0.7101480960845947,,,,,,,,,,,,
1,,,,3939,,,0.5965152978897095,,,,,,,,,,,,
1,,,,3959,,,0.32587558031082153,,,,,,,,,,,,
1,,,,3979,,,0.7249829769134521,,,,,,,,,,,,
1,,,,3999,,,0.7028018832206726,,,,,,,,,,,,
1,,,,4019,,,0.28206855058670044,,,,,,,,,,,,
1,,,,4039,,,0.767315149307251,,,,,,,,,,,,
1,,,,4059,,,0.4316954016685486,,,,,,,,,,,,
1,,,,4079,,,0.22759561240673065,,,,,,,,,,,,
1,,,,4099,,,0.7713549733161926,,,,,,,,,,,,
1,,,,4119,,,0.9155027866363525,,,,,,,,,,,,
1,,,,4139,,,0.34903204441070557,,,,,,,,,,,,
1,,,,4159,,,0.3064841330051422,,,,,,,,,,,,
1,,,,4179,,,0.7208210229873657,,,,,,,,,,,,
1,,,,4199,,,0.7666555643081665,,,,,,,,,,,,
1,,,,4219,,,0.3760281801223755,,,,,,,,,,,,
1,,,,4239,,,0.5911806225776672,,,,,,,,,,,,
1,,,,4259,,,0.41770368814468384,,,,,,,,,,,,
1,,,,4279,,,0.7502041459083557,,,,,,,,,,,,
1,,,,4299,,,0.7243924140930176,,,,,,,,,,,,
1,,,,4319,,,0.7365306615829468,,,,,,,,,,,,
1,,,,4339,,,0.47896164655685425,,,,,,,,,,,,
1,,,,4359,,,0.2439480721950531,,,,,,,,,,,,
1,,,,4379,,,0.6588752269744873,,,,,,,,,,,,
1,,,,4399,,,0.2035033404827118,,,,,,,,,,,,
1,,,,4419,,,0.37997904419898987,,,,,,,,,,,,
1,,,,4439,,,0.21889987587928772,,,,,,,,,,,,
1,,,,4459,,,0.1372136026620865,,,,,,,,,,,,
1,,,,4479,,,0.15274213254451752,,,,,,,,,,,,
1,,,,4499,,,0.18539291620254517,,,,,,,,,,,,
1,,,,4519,,,0.8064998388290405,,,,,,,,,,,,
1,,,,4539,,,0.5898332595825195,,,,,,,,,,,,
1,,,,4559,,,0.29622334241867065,,,,,,,,,,,,
1,,,,4579,,,0.20030485093593597,,,,,,,,,,,,
1,,,,4599,,,0.3435036242008209,,,,,,,,,,,,
1,,,,4619,,,0.16131912171840668,,,,,,,,,,,,
1,,,,4639,,,0.18708300590515137,,,,,,,,,,,,
1,,,,4659,,,0.19733041524887085,,,,,,,,,,,,
1,,,,4679,,,0.9312211275100708,,,,,,,,,,,,
1,,,,4699,,,0.32227471470832825,,,,,,,,,,,,
1,,,,4719,,,0.19122077524662018,,,,,,,,,,,,
1,,,,4739,,,0.27417635917663574,,,,,,,,,,,,
1,,,,4759,,,0.4153101444244385,,,,,,,,,,,,
1,,,,4779,,,0.3773043751716614,,,,,,,,,,,,
1,,,,4799,,,0.20775853097438812,,,,,,,,,,,,
1,,,,4819,,,0.2451370656490326,,,,,,,,,,,,
1,,,,4839,,,0.679948091506958,,,,,,,,,,,,
1,,,,4859,,,0.4068489074707031,,,,,,,,,,,,
1,,,,4879,,,0.27807459235191345,,,,,,,,,,,,
1,,,,4899,,,0.2531224489212036,,,,,,,,,,,,
1,,,,4919,,,0.7683291435241699,,,,,,,,,,,,
1,,,,4939,,,0.872658908367157,,,,,,,,,,,,
1,,,,4959,,,0.7576663494110107,,,,,,,,,,,,
1,,,,4979,,,0.3333417475223541,,,,,,,,,,,,
1,,,,4999,,,0.6641886234283447,,,,,,,,,,,,
1,,,,5019,,,0.6953506469726562,,,,,,,,,,,,
1,,,,5039,,,0.3079342544078827,,,,,,,,,,,,
1,,,,5059,,,0.6694789528846741,,,,,,,,,,,,
1,,,,5079,,,0.18625013530254364,,,,,,,,,,,,
1,,,,5099,,,0.3950967490673065,,,,,,,,,,,,
1,,,,5119,,,0.17028917372226715,,,,,,,,,,,,
1,,,,5139,,,0.21354247629642487,,,,,,,,,,,,
1,,,,5159,,,0.6859977841377258,,,,,,,,,,,,
1,,,,5179,,,0.3706740140914917,,,,,,,,,,,,
1,,,,5199,,,0.7396915555000305,,,,,,,,,,,,
1,,,,5219,,,0.5958966016769409,,,,,,,,,,,,
1,,,,5239,,,0.6837935447692871,,,,,,,,,,,,
1,,,,5259,,,0.5488551259040833,,,,,,,,,,,,
1,,,,5279,,,0.4453530013561249,,,,,,,,,,,,
1,,,,5299,,,0.23912553489208221,,,,,,,,,,,,
1,,,,5319,,,0.2241228222846985,,,,,,,,,,,,
1,,,,5339,,,0.11584550887346268,,,,,,,,,,,,
1,,,,5359,,,0.39613157510757446,,,,,,,,,,,,
1,,,,5379,,,0.7663599252700806,,,,,,,,,,,,
1,,,,5399,,,0.2487068474292755,,,,,,,,,,,,
1,,,,5419,,,0.135367751121521,,,,,,,,,,,,
1,,,,5439,,,0.45538797974586487,,,,,,,,,,,,
1,,,,5459,,,0.5575441122055054,,,,,,,,,,,,
1,,,,5479,,,0.5842050313949585,,,,,,,,,,,,
1,,,,5499,,,0.20390301942825317,,,,,,,,,,,,
1,,,,5519,,,0.4685989022254944,,,,,,,,,,,,
1,,,,5539,,,0.348971426486969,,,,,,,,,,,,
1,,,,5559,,,0.8044773936271667,,,,,,,,,,,,
1,,,,5579,,,0.16486860811710358,,,,,,,,,,,,
1,,,,5599,,,0.2285115271806717,,,,,,,,,,,,
1,,,,5619,,,0.6680049300193787,,,,,,,,,,,,
1,,,,5639,,,0.8510985374450684,,,,,,,,,,,,
1,,,,5659,,,0.2529778480529785,,,,,,,,,,,,
1,,,,5679,,,0.7008594870567322,,,,,,,,,,,,
1,,,,5699,,,0.49325141310691833,,,,,,,,,,,,
1,,,,5719,,,0.22095340490341187,,,,,,,,,,,,
1,,,,5739,,,0.5347375273704529,,,,,,,,,,,,
1,,,,5759,,,0.21689178049564362,,,,,,,,,,,,
1,,,,5779,,,0.32413119077682495,,,,,,,,,,,,
1,,,,5799,,,0.19558604061603546,,,,,,,,,,,,
1,,,,5819,,,0.16984473168849945,,,,,,,,,,,,
1,,,,5839,,,0.4858442544937134,,,,,,,,,,,,
1,,,,5859,,,0.18219350278377533,,,,,,,,,,,,
1,,,,5879,,,0.13114255666732788,,,,,,,,,,,,
1,,,,5899,,,0.6669901609420776,,,,,,,,,,,,
1,,,,5919,,,0.8069931268692017,,,,,,,,,,,,
1,,,,5939,,,0.7249467372894287,,,,,,,,,,,,
1,,,,5959,,,0.20215991139411926,,,,,,,,,,,,
1,,,,5979,,,0.809378445148468,,,,,,,,,,,,
1,,,,5999,,,0.19000378251075745,,,,,,,,,,,,
1,,,,6019,,,0.5711895227432251,,,,,,,,,,,,
1,,,,6039,,,0.21829327940940857,,,,,,,,,,,,
1,,,,6059,,,0.7633488178253174,,,,,,,,,,,,
1,,,,6079,,,0.2583639621734619,,,,,,,,,,,,
1,,,,6099,,,0.13921281695365906,,,,,,,,,,,,
1,,,,6119,,,0.5126062631607056,,,,,,,,,,,,
1,,,,6139,,,0.24441611766815186,,,,,,,,,,,,
1,,,,6159,,,0.2760430574417114,,,,,,,,,,,,
1,,,,6179,,,0.2441660761833191,,,,,,,,,,,,
1,,,,6199,,,0.8524940609931946,,,,,,,,,,,,
1,,,,6219,,,0.14666098356246948,,,,,,,,,,,,
1,,,,6239,,,0.2834245264530182,,,,,,,,,,,,
1,,,,6259,,,0.794634222984314,,,,,,,,,,,,
1,,,,6279,,,0.8537315130233765,,,,,,,,,,,,
1,,,,6299,,,0.20344094932079315,,,,,,,,,,,,
1,,,,6319,,,0.8415819406509399,,,,,,,,,,,,
1,,,,6339,,,0.33543860912323,,,,,,,,,,,,
1,,,,6359,,,0.4355583190917969,,,,,,,,,,,,
1,,,,6379,,,0.2772533595561981,,,,,,,,,,,,
1,,,,6399,,,0.3300487995147705,,,,,,,,,,,,
1,,,,6419,,,0.5359123945236206,,,,,,,,,,,,
1,,,,6439,,,0.6751995086669922,,,,,,,,,,,,
1,,,,6459,,,0.26108241081237793,,,,,,,,,,,,
1,,,,6479,,,0.9663844108581543,,,,,,,,,,,,
1,,,,6499,,,0.23148342967033386,,,,,,,,,,,,
1,,,,6519,,,0.21574516594409943,,,,,,,,,,,,
1,,,,6539,,,0.15823796391487122,,,,,,,,,,,,
1,,,,6559,,,0.4172259569168091,,,,,,,,,,,,
1,,,,6579,,,0.4631953537464142,,,,,,,,,,,,
1,,,,6599,,,0.8389819860458374,,,,,,,,,,,,
1,,,,6619,,,0.21705062687397003,,,,,,,,,,,,
1,,,,6639,,,0.9210213422775269,,,,,,,,,,,,
1,,,,6659,,,0.17594054341316223,,,,,,,,,,,,
1,,,,6679,,,0.4218171536922455,,,,,,,,,,,,
1,,,,6699,,,0.4883275628089905,,,,,,,,,,,,
1,,,,6719,,,0.6348931789398193,,,,,,,,,,,,
1,,,,6739,,,0.16714142262935638,,,,,,,,,,,,
1,,,,6759,,,0.27013498544692993,,,,,,,,,,,,
1,,,,6779,,,0.17756406962871552,,,,,,,,,,,,
1,,,,6799,,,0.7649794816970825,,,,,,,,,,,,
1,,,,6819,,,0.18216001987457275,,,,,,,,,,,,
1,,,,6839,,,0.2139652818441391,,,,,,,,,,,,
1,,,,6859,,,0.7803487777709961,,,,,,,,,,,,
1,,,,6879,,,0.41631022095680237,,,,,,,,,,,,
1,,,,6899,,,1.0355945825576782,,,,,,,,,,,,
1,,,,6919,,,0.27386483550071716,,,,,,,,,,,,
1,,,,6939,,,0.23409487307071686,,,,,,,,,,,,
1,,,,6959,,,0.7496734261512756,,,,,,,,,,,,
1,,,,6963,,,,0.6418927907943726,0.8655284643173218,0.5909989476203918,0.5520029664039612,0.6182979941368103,0.488047331571579,0.6028333902359009,0.5690159201622009,0.6635692715644836,0.8658729195594788,0.3747338652610779,0.6418927907943726
1,,,,6963,0.4902850091457367,0.4384796619415283,,,,,,,,,,,,,
,0.00017999999999999998,0.00017999999999999998,1.7999999999999997e-05,6964,,,,,,,,,,,,,,,
2,,,,6979,,,0.819413423538208,,,,,,,,,,,,
2,,,,6999,,,0.5218580961227417,,,,,,,,,,,,
2,,,,7019,,,0.40401655435562134,,,,,,,,,,,,
2,,,,7039,,,0.3915359377861023,,,,,,,,,,,,
2,,,,7059,,,0.21884548664093018,,,,,,,,,,,,
2,,,,7079,,,0.20049914717674255,,,,,,,,,,,,
2,,,,7099,,,0.2859967052936554,,,,,,,,,,,,
2,,,,7119,,,0.839798092842102,,,,,,,,,,,,
2,,,,7139,,,0.23421967029571533,,,,,,,,,,,,
2,,,,7159,,,0.6124923825263977,,,,,,,,,,,,
2,,,,7179,,,0.2855590283870697,,,,,,,,,,,,
2,,,,7199,,,0.40712475776672363,,,,,,,,,,,,
2,,,,7219,,,0.36386793851852417,,,,,,,,,,,,
2,,,,7239,,,0.41050317883491516,,,,,,,,,,,,
2,,,,7259,,,0.9139280319213867,,,,,,,,,,,,
2,,,,7279,,,0.3337792754173279,,,,,,,,,,,,
2,,,,7299,,,0.22343003749847412,,,,,,,,,,,,
2,,,,7319,,,0.4813101291656494,,,,,,,,,,,,
2,,,,7339,,,0.8330883383750916,,,,,,,,,,,,
2,,,,7359,,,0.5119138360023499,,,,,,,,,,,,
2,,,,7379,,,0.21060846745967865,,,,,,,,,,,,
2,,,,7399,,,0.6471781134605408,,,,,,,,,,,,
2,,,,7419,,,0.8091541528701782,,,,,,,,,,,,
2,,,,7439,,,0.22468985617160797,,,,,,,,,,,,
2,,,,7459,,,0.16510364413261414,,,,,,,,,,,,
2,,,,7479,,,0.22447003424167633,,,,,,,,,,,,
2,,,,7499,,,0.970887303352356,,,,,,,,,,,,
2,,,,7519,,,0.48237061500549316,,,,,,,,,,,,
2,,,,7539,,,0.29318973422050476,,,,,,,,,,,,
2,,,,7559,,,0.17165419459342957,,,,,,,,,,,,
2,,,,7579,,,0.5150866508483887,,,,,,,,,,,,
2,,,,7599,,,0.3235832750797272,,,,,,,,,,,,
2,,,,7619,,,0.16636428236961365,,,,,,,,,,,,
2,,,,7639,,,0.15011240541934967,,,,,,,,,,,,
2,,,,7659,,,0.12560613453388214,,,,,,,,,,,,
2,,,,7679,,,0.2896425127983093,,,,,,,,,,,,
2,,,,7699,,,0.2131623774766922,,,,,,,,,,,,
2,,,,7719,,,0.817988395690918,,,,,,,,,,,,
2,,,,7739,,,0.2376217097043991,,,,,,,,,,,,
2,,,,7759,,,0.1741129755973816,,,,,,,,,,,,
2,,,,7779,,,0.4339609444141388,,,,,,,,,,,,
2,,,,7799,,,0.18370144069194794,,,,,,,,,,,,
2,,,,7819,,,0.17597776651382446,,,,,,,,,,,,
2,,,,7839,,,0.8593875169754028,,,,,,,,,,,,
2,,,,7859,,,0.21834835410118103,,,,,,,,,,,,
2,,,,7879,,,0.7548127770423889,,,,,,,,,,,,
2,,,,7899,,,0.5375324487686157,,,,,,,,,,,,
2,,,,7919,,,0.7613191604614258,,,,,,,,,,,,
2,,,,7939,,,0.22452431917190552,,,,,,,,,,,,
2,,,,7959,,,0.21713221073150635,,,,,,,,,,,,
2,,,,7979,,,0.543472409248352,,,,,,,,,,,,
2,,,,7999,,,0.7022517323493958,,,,,,,,,,,,
2,,,,8019,,,0.6549272537231445,,,,,,,,,,,,
2,,,,8039,,,0.21645323932170868,,,,,,,,,,,,
2,,,,8059,,,0.4918999969959259,,,,,,,,,,,,
2,,,,8079,,,0.6889001727104187,,,,,,,,,,,,
2,,,,8099,,,0.19124992191791534,,,,,,,,,,,,
2,,,,8119,,,0.11079683899879456,,,,,,,,,,,,
2,,,,8139,,,0.10897326469421387,,,,,,,,,,,,
2,,,,8159,,,0.10817193239927292,,,,,,,,,,,,
2,,,,8179,,,0.5119706988334656,,,,,,,,,,,,
2,,,,8199,,,0.16056707501411438,,,,,,,,,,,,
2,,,,8219,,,0.3491459786891937,,,,,,,,,,,,
2,,,,8239,,,0.38095521926879883,,,,,,,,,,,,
2,,,,8259,,,0.1838674247264862,,,,,,,,,,,,
2,,,,8279,,,0.2200029492378235,,,,,,,,,,,,
2,,,,8299,,,0.2390403151512146,,,,,,,,,,,,
2,,,,8319,,,0.38961735367774963,,,,,,,,,,,,
2,,,,8339,,,0.7439821362495422,,,,,,,,,,,,
2,,,,8359,,,0.08712266385555267,,,,,,,,,,,,
2,,,,8379,,,0.6736561059951782,,,,,,,,,,,,
2,,,,8399,,,0.16326622664928436,,,,,,,,,,,,
2,,,,8419,,,0.14971941709518433,,,,,,,,,,,,
2,,,,8439,,,0.15846870839595795,,,,,,,,,,,,
2,,,,8459,,,0.29797422885894775,,,,,,,,,,,,
2,,,,8479,,,0.3831831216812134,,,,,,,,,,,,
2,,,,8499,,,0.10731664299964905,,,,,,,,,,,,
2,,,,8519,,,0.14918683469295502,,,,,,,,,,,,
2,,,,8539,,,0.6652945280075073,,,,,,,,,,,,
2,,,,8559,,,0.28285300731658936,,,,,,,,,,,,
2,,,,8579,,,0.1059858575463295,,,,,,,,,,,,
2,,,,8599,,,0.2803792953491211,,,,,,,,,,,,
2,,,,8619,,,0.8355036973953247,,,,,,,,,,,,
2,,,,8639,,,0.194477841258049,,,,,,,,,,,,
2,,,,8659,,,0.1777109056711197,,,,,,,,,,,,
2,,,,8679,,,0.4450153708457947,,,,,,,,,,,,
2,,,,8699,,,0.6444000005722046,,,,,,,,,,,,
2,,,,8719,,,0.15608635544776917,,,,,,,,,,,,
2,,,,8739,,,0.39688336849212646,,,,,,,,,,,,
2,,,,8759,,,0.13206608593463898,,,,,,,,,,,,
2,,,,8779,,,0.7339071035385132,,,,,,,,,,,,
2,,,,8799,,,0.13523201644420624,,,,,,,,,,,,
2,,,,8819,,,0.3309157192707062,,,,,,,,,,,,
2,,,,8839,,,0.34605491161346436,,,,,,,,,,,,
2,,,,8859,,,0.15573322772979736,,,,,,,,,,,,
2,,,,8879,,,0.1006549745798111,,,,,,,,,,,,
2,,,,8899,,,0.22401759028434753,,,,,,,,,,,,
2,,,,8919,,,0.5273994207382202,,,,,,,,,,,,
2,,,,8939,,,0.9135215282440186,,,,,,,,,,,,
2,,,,8959,,,0.15738514065742493,,,,,,,,,,,,
2,,,,8979,,,0.2793256938457489,,,,,,,,,,,,
2,,,,8999,,,0.16302479803562164,,,,,,,,,,,,
2,,,,9019,,,0.4590436518192291,,,,,,,,,,,,
2,,,,9039,,,0.18181926012039185,,,,,,,,,,,,
2,,,,9059,,,0.3296804130077362,,,,,,,,,,,,
2,,,,9079,,,0.6174814105033875,,,,,,,,,,,,
2,,,,9099,,,0.7548503279685974,,,,,,,,,,,,
2,,,,9119,,,0.2892467677593231,,,,,,,,,,,,
2,,,,9139,,,0.2528405487537384,,,,,,,,,,,,
2,,,,9159,,,0.4506634771823883,,,,,,,,,,,,
2,,,,9179,,,0.23095275461673737,,,,,,,,,,,,
2,,,,9199,,,0.11824740469455719,,,,,,,,,,,,
2,,,,9219,,,0.2363230586051941,,,,,,,,,,,,
2,,,,9239,,,0.06387358158826828,,,,,,,,,,,,
2,,,,9259,,,0.7110196352005005,,,,,,,,,,,,
2,,,,9279,,,0.1364184021949768,,,,,,,,,,,,
2,,,,9299,,,0.17386019229888916,,,,,,,,,,,,
2,,,,9319,,,0.6192416548728943,,,,,,,,,,,,
2,,,,9339,,,0.1641143411397934,,,,,,,,,,,,
2,,,,9359,,,0.1630145162343979,,,,,,,,,,,,
2,,,,9379,,,0.15346282720565796,,,,,,,,,,,,
2,,,,9399,,,0.23283128440380096,,,,,,,,,,,,
2,,,,9419,,,0.22610372304916382,,,,,,,,,,,,
2,,,,9439,,,0.2032807469367981,,,,,,,,,,,,
2,,,,9459,,,0.18416263163089752,,,,,,,,,,,,
2,,,,9479,,,0.7000644207000732,,,,,,,,,,,,
2,,,,9499,,,0.30455219745635986,,,,,,,,,,,,
2,,,,9519,,,0.2676888406276703,,,,,,,,,,,,
2,,,,9539,,,0.26527708768844604,,,,,,,,,,,,
2,,,,9559,,,0.1574021875858307,,,,,,,,,,,,
2,,,,9579,,,0.9085118770599365,,,,,,,,,,,,
2,,,,9599,,,0.6931548714637756,,,,,,,,,,,,
2,,,,9619,,,0.38129085302352905,,,,,,,,,,,,
2,,,,9639,,,0.07376808673143387,,,,,,,,,,,,
2,,,,9659,,,0.24769029021263123,,,,,,,,,,,,
2,,,,9679,,,0.47120100259780884,,,,,,,,,,,,
2,,,,9699,,,0.27462923526763916,,,,,,,,,,,,
2,,,,9719,,,0.25480344891548157,,,,,,,,,,,,
2,,,,9739,,,0.15436425805091858,,,,,,,,,,,,
2,,,,9759,,,0.12513543665409088,,,,,,,,,,,,
2,,,,9779,,,0.5178051590919495,,,,,,,,,,,,
2,,,,9799,,,0.09261626750230789,,,,,,,,,,,,
2,,,,9819,,,0.5673619508743286,,,,,,,,,,,,
2,,,,9839,,,0.5542378425598145,,,,,,,,,,,,
2,,,,9859,,,0.29550671577453613,,,,,,,,,,,,
2,,,,9879,,,0.6228551864624023,,,,,,,,,,,,
2,,,,9899,,,0.2595362365245819,,,,,,,,,,,,
2,,,,9919,,,0.34055662155151367,,,,,,,,,,,,
2,,,,9939,,,0.730482816696167,,,,,,,,,,,,
2,,,,9959,,,0.22470249235630035,,,,,,,,,,,,
2,,,,9979,,,0.696274995803833,,,,,,,,,,,,
2,,,,9999,,,0.4263398051261902,,,,,,,,,,,,
2,,,,10019,,,0.6955761909484863,,,,,,,,,,,,
2,,,,10039,,,0.8118231296539307,,,,,,,,,,,,
2,,,,10059,,,0.3298657536506653,,,,,,,,,,,,
2,,,,10079,,,0.4125642478466034,,,,,,,,,,,,
2,,,,10099,,,0.3502544164657593,,,,,,,,,,,,
2,,,,10119,,,0.6998083591461182,,,,,,,,,,,,
2,,,,10139,,,0.22358134388923645,,,,,,,,,,,,
2,,,,10159,,,0.11093740910291672,,,,,,,,,,,,
2,,,,10179,,,0.11964826285839081,,,,,,,,,,,,
2,,,,10199,,,0.1654759794473648,,,,,,,,,,,,
2,,,,10219,,,0.1762494295835495,,,,,,,,,,,,
2,,,,10239,,,0.18451084196567535,,,,,,,,,,,,
2,,,,10259,,,0.8528308868408203,,,,,,,,,,,,
2,,,,10279,,,0.1152162104845047,,,,,,,,,,,,
2,,,,10299,,,0.4765758514404297,,,,,,,,,,,,
2,,,,10319,,,0.14705799520015717,,,,,,,,,,,,
2,,,,10339,,,0.22202877700328827,,,,,,,,,,,,
2,,,,10359,,,0.30441519618034363,,,,,,,,,,,,
2,,,,10379,,,0.7450418472290039,,,,,,,,,,,,
2,,,,10399,,,0.6903956532478333,,,,,,,,,,,,
2,,,,10419,,,0.11189102381467819,,,,,,,,,,,,
2,,,,10439,,,0.6787136793136597,,,,,,,,,,,,
2,,,,10445,,,,0.6465028524398804,0.8735933899879456,0.6145387291908264,0.6127257347106934,0.6225178241729736,0.5121971964836121,0.6317189335823059,0.6675745248794556,0.646268367767334,0.8244706988334656,0.35175785422325134,0.6465028524398804
2,,,,10445,0.5133264064788818,0.40511518716812134,,,,,,,,,,,,,
,0.00023999999999999998,0.00023999999999999998,2.4e-05,10446,,,,,,,,,,,,,,,
3,,,,10459,,,0.30140185356140137,,,,,,,,,,,,
3,,,,10479,,,0.20361363887786865,,,,,,,,,,,,
3,,,,10499,,,0.6004533767700195,,,,,,,,,,,,
3,,,,10519,,,0.6418757438659668,,,,,,,,,,,,
3,,,,10539,,,0.23659460246562958,,,,,,,,,,,,
3,,,,10559,,,0.8626977801322937,,,,,,,,,,,,
3,,,,10579,,,0.7729730606079102,,,,,,,,,,,,
3,,,,10599,,,0.3700582683086395,,,,,,,,,,,,
3,,,,10619,,,0.16758202016353607,,,,,,,,,,,,
3,,,,10639,,,0.21565034985542297,,,,,,,,,,,,
3,,,,10659,,,0.3525083065032959,,,,,,,,,,,,
3,,,,10679,,,0.3141038417816162,,,,,,,,,,,,
3,,,,10699,,,0.38130438327789307,,,,,,,,,,,,
3,,,,10719,,,0.22147874534130096,,,,,,,,,,,,
3,,,,10739,,,0.6570573449134827,,,,,,,,,,,,
3,,,,10759,,,0.7256396412849426,,,,,,,,,,,,
3,,,,10779,,,0.160630002617836,,,,,,,,,,,,
3,,,,10799,,,0.7512712478637695,,,,,,,,,,,,
3,,,,10819,,,0.11210676282644272,,,,,,,,,,,,
3,,,,10839,,,0.8437989950180054,,,,,,,,,,,,
3,,,,10859,,,0.557176947593689,,,,,,,,,,,,
3,,,,10879,,,0.8849282264709473,,,,,,,,,,,,
3,,,,10899,,,0.8444593548774719,,,,,,,,,,,,
3,,,,10919,,,0.43384307622909546,,,,,,,,,,,,
3,,,,10939,,,0.6906371116638184,,,,,,,,,,,,
3,,,,10959,,,0.7878844738006592,,,,,,,,,,,,
3,,,,10979,,,0.16383549571037292,,,,,,,,,,,,
3,,,,10999,,,0.7101086378097534,,,,,,,,,,,,
3,,,,11019,,,0.7523602843284607,,,,,,,,,,,,
3,,,,11039,,,0.7456912398338318,,,,,,,,,,,,
3,,,,11059,,,0.8198192715644836,,,,,,,,,,,,
3,,,,11079,,,0.5919026732444763,,,,,,,,,,,,
3,,,,11099,,,0.08951785415410995,,,,,,,,,,,,
3,,,,11119,,,0.2601009011268616,,,,,,,,,,,,
3,,,,11139,,,0.8590291142463684,,,,,,,,,,,,
3,,,,11159,,,0.6240301132202148,,,,,,,,,,,,
3,,,,11179,,,0.4203900694847107,,,,,,,,,,,,
3,,,,11199,,,0.1255911886692047,,,,,,,,,,,,
3,,,,11219,,,0.28790679574012756,,,,,,,,,,,,
3,,,,11239,,,0.6099618673324585,,,,,,,,,,,,
3,,,,11259,,,0.7802779078483582,,,,,,,,,,,,
3,,,,11279,,,0.3627611994743347,,,,,,,,,,,,
3,,,,11299,,,0.19563011825084686,,,,,,,,,,,,
3,,,,11319,,,0.7038832902908325,,,,,,,,,,,,
3,,,,11339,,,0.13213546574115753,,,,,,,,,,,,
3,,,,11359,,,0.21546156704425812,,,,,,,,,,,,
3,,,,11379,,,0.1816120743751526,,,,,,,,,,,,
3,,,,11399,,,0.5577372312545776,,,,,,,,,,,,
3,,,,11419,,,0.16434310376644135,,,,,,,,,,,,
3,,,,11439,,,0.7793503999710083,,,,,,,,,,,,
3,,,,11459,,,0.8382358551025391,,,,,,,,,,,,
3,,,,11479,,,0.22726106643676758,,,,,,,,,,,,
3,,,,11499,,,0.8737508058547974,,,,,,,,,,,,
3,,,,11519,,,0.23604759573936462,,,,,,,,,,,,
3,,,,11539,,,0.3872743546962738,,,,,,,,,,,,
3,,,,11559,,,0.7912105321884155,,,,,,,,,,,,
3,,,,11579,,,0.14952607452869415,,,,,,,,,,,,
3,,,,11599,,,0.8243224620819092,,,,,,,,,,,,
3,,,,11619,,,0.23919184505939484,,,,,,,,,,,,
3,,,,11639,,,0.2645508646965027,,,,,,,,,,,,
3,,,,11659,,,0.57480388879776,,,,,,,,,,,,
3,,,,11679,,,0.6378048658370972,,,,,,,,,,,,
3,,,,11699,,,0.7375484704971313,,,,,,,,,,,,
3,,,,11719,,,0.5369177460670471,,,,,,,,,,,,
3,,,,11739,,,0.06774134933948517,,,,,,,,,,,,
3,,,,11759,,,0.23268632590770721,,,,,,,,,,,,
3,,,,11779,,,0.2274848073720932,,,,,,,,,,,,
3,,,,11799,,,0.1668250858783722,,,,,,,,,,,,
3,,,,11819,,,0.21268662810325623,,,,,,,,,,,,
3,,,,11839,,,0.5634711980819702,,,,,,,,,,,,
3,,,,11859,,,0.18027351796627045,,,,,,,,,,,,
3,,,,11879,,,0.1318119466304779,,,,,,,,,,,,
3,,,,11899,,,0.5807837843894958,,,,,,,,,,,,
3,,,,11919,,,0.3687073290348053,,,,,,,,,,,,
3,,,,11939,,,0.2261313647031784,,,,,,,,,,,,
3,,,,11959,,,0.1700289249420166,,,,,,,,,,,,
3,,,,11979,,,0.7726198434829712,,,,,,,,,,,,
3,,,,11999,,,0.2752697765827179,,,,,,,,,,,,
3,,,,12019,,,0.7233681082725525,,,,,,,,,,,,
3,,,,12039,,,0.5122535228729248,,,,,,,,,,,,
3,,,,12059,,,0.14277216792106628,,,,,,,,,,,,
3,,,,12079,,,0.11742015182971954,,,,,,,,,,,,
3,,,,12099,,,0.22650624811649323,,,,,,,,,,,,
3,,,,12119,,,0.4961729049682617,,,,,,,,,,,,
3,,,,12139,,,0.2715584635734558,,,,,,,,,,,,
3,,,,12159,,,0.11285953968763351,,,,,,,,,,,,
3,,,,12179,,,0.7281575798988342,,,,,,,,,,,,
3,,,,12199,,,0.5870426893234253,,,,,,,,,,,,
3,,,,12219,,,0.1482669711112976,,,,,,,,,,,,
3,,,,12239,,,0.12723663449287415,,,,,,,,,,,,
3,,,,12259,,,0.563576340675354,,,,,,,,,,,,
3,,,,12279,,,0.7127172946929932,,,,,,,,,,,,
3,,,,12299,,,0.5593404769897461,,,,,,,,,,,,
3,,,,12319,,,0.6998463869094849,,,,,,,,,,,,
3,,,,12339,,,0.7452529668807983,,,,,,,,,,,,
3,,,,12359,,,0.3031218349933624,,,,,,,,,,,,
3,,,,12379,,,0.09734296798706055,,,,,,,,,,,,
3,,,,12399,,,0.686665952205658,,,,,,,,,,,,
3,,,,12419,,,0.4828408360481262,,,,,,,,,,,,
3,,,,12439,,,0.32349875569343567,,,,,,,,,,,,
3,,,,12459,,,0.36449986696243286,,,,,,,,,,,,
3,,,,12479,,,0.07440464198589325,,,,,,,,,,,,
3,,,,12499,,,0.7342081665992737,,,,,,,,,,,,
3,,,,12519,,,0.16732832789421082,,,,,,,,,,,,
3,,,,12539,,,0.6732784509658813,,,,,,,,,,,,
3,,,,12559,,,0.2764381766319275,,,,,,,,,,,,
3,,,,12579,,,0.49036329984664917,,,,,,,,,,,,
3,,,,12599,,,0.16763952374458313,,,,,,,,,,,,
3,,,,12619,,,0.17013204097747803,,,,,,,,,,,,
3,,,,12639,,,0.07376767694950104,,,,,,,,,,,,
3,,,,12659,,,0.266204833984375,,,,,,,,,,,,
3,,,,12679,,,0.7672489881515503,,,,,,,,,,,,
3,,,,12699,,,0.5494136214256287,,,,,,,,,,,,
3,,,,12719,,,0.3278982937335968,,,,,,,,,,,,
3,,,,12739,,,0.8174000382423401,,,,,,,,,,,,
3,,,,12759,,,0.5267057418823242,,,,,,,,,,,,
3,,,,12779,,,0.09669379889965057,,,,,,,,,,,,
3,,,,12799,,,0.12842686474323273,,,,,,,,,,,,
3,,,,12819,,,0.13278934359550476,,,,,,,,,,,,
3,,,,12839,,,0.11143224686384201,,,,,,,,,,,,
3,,,,12859,,,0.3069934844970703,,,,,,,,,,,,
3,,,,12879,,,0.11290143430233002,,,,,,,,,,,,
3,,,,12899,,,0.3530500531196594,,,,,,,,,,,,
3,,,,12919,,,0.22146949172019958,,,,,,,,,,,,
3,,,,12939,,,0.8263787031173706,,,,,,,,,,,,
3,,,,12959,,,0.12599027156829834,,,,,,,,,,,,
3,,,,12979,,,0.32926538586616516,,,,,,,,,,,,
3,,,,12999,,,0.09770137071609497,,,,,,,,,,,,
3,,,,13019,,,0.7899767160415649,,,,,,,,,,,,
3,,,,13039,,,0.5898418426513672,,,,,,,,,,,,
3,,,,13059,,,0.2837495505809784,,,,,,,,,,,,
3,,,,13079,,,0.35180434584617615,,,,,,,,,,,,
3,,,,13099,,,0.6934424042701721,,,,,,,,,,,,
3,,,,13119,,,0.47562623023986816,,,,,,,,,,,,
3,,,,13139,,,0.2853029668331146,,,,,,,,,,,,
3,,,,13159,,,0.17015878856182098,,,,,,,,,,,,
3,,,,13179,,,0.7100785970687866,,,,,,,,,,,,
3,,,,13199,,,0.5870710611343384,,,,,,,,,,,,
3,,,,13219,,,0.7344797849655151,,,,,,,,,,,,
3,,,,13239,,,0.47687748074531555,,,,,,,,,,,,
3,,,,13259,,,0.10893672704696655,,,,,,,,,,,,
3,,,,13279,,,0.6702787280082703,,,,,,,,,,,,
3,,,,13299,,,0.8271353244781494,,,,,,,,,,,,
3,,,,13319,,,0.17322175204753876,,,,,,,,,,,,
3,,,,13339,,,0.6372590065002441,,,,,,,,,,,,
3,,,,13359,,,0.21766957640647888,,,,,,,,,,,,
3,,,,13379,,,0.3336560130119324,,,,,,,,,,,,
3,,,,13399,,,0.5629266500473022,,,,,,,,,,,,
3,,,,13419,,,0.21904447674751282,,,,,,,,,,,,
3,,,,13439,,,0.47628387808799744,,,,,,,,,,,,
3,,,,13459,,,0.5550548434257507,,,,,,,,,,,,
3,,,,13479,,,0.5473374724388123,,,,,,,,,,,,
3,,,,13499,,,0.4393528699874878,,,,,,,,,,,,
3,,,,13519,,,0.13602770864963531,,,,,,,,,,,,
3,,,,13539,,,0.7240897417068481,,,,,,,,,,,,
3,,,,13559,,,0.5761303901672363,,,,,,,,,,,,
3,,,,13579,,,0.2557104825973511,,,,,,,,,,,,
3,,,,13599,,,0.5168286561965942,,,,,,,,,,,,
3,,,,13619,,,0.3648868203163147,,,,,,,,,,,,
3,,,,13639,,,0.7985787987709045,,,,,,,,,,,,
3,,,,13659,,,0.04287870600819588,,,,,,,,,,,,
3,,,,13679,,,0.15098091959953308,,,,,,,,,,,,
3,,,,13699,,,0.3771322965621948,,,,,,,,,,,,
3,,,,13719,,,0.25628674030303955,,,,,,,,,,,,
3,,,,13739,,,0.4351547658443451,,,,,,,,,,,,
3,,,,13759,,,0.46438732743263245,,,,,,,,,,,,
3,,,,13779,,,0.5783973336219788,,,,,,,,,,,,
3,,,,13799,,,0.31969594955444336,,,,,,,,,,,,
3,,,,13819,,,0.7469275593757629,,,,,,,,,,,,
3,,,,13839,,,0.786888837814331,,,,,,,,,,,,
3,,,,13859,,,0.36098712682724,,,,,,,,,,,,
3,,,,13879,,,0.7004622220993042,,,,,,,,,,,,
3,,,,13899,,,0.147282674908638,,,,,,,,,,,,
3,,,,13919,,,0.3978828489780426,,,,,,,,,,,,
3,,,,13927,,,,0.6273802518844604,0.8582881689071655,0.6074272990226746,0.6420707106590271,0.6169992685317993,0.5037248730659485,0.6294727325439453,0.6507768034934998,0.6013367176055908,0.8537915349006653,0.3620920777320862,0.6273802518844604
3,,,,13927,0.5114966630935669,0.3872325122356415,,,,,,,,,,,,,
,0.0003,0.0003,2.9999999999999997e-05,13928,,,,,,,,,,,,,,,
4,,,,13939,,,0.6272061467170715,,,,,,,,,,,,
4,,,,13959,,,0.8219788074493408,,,,,,,,,,,,
4,,,,13979,,,0.7626514434814453,,,,,,,,,,,,
4,,,,13999,,,0.20914962887763977,,,,,,,,,,,,
4,,,,14019,,,0.5457979440689087,,,,,,,,,,,,
4,,,,14039,,,0.25748172402381897,,,,,,,,,,,,
4,,,,14059,,,0.19582639634609222,,,,,,,,,,,,
4,,,,14079,,,0.8507963418960571,,,,,,,,,,,,
4,,,,14099,,,0.7432147264480591,,,,,,,,,,,,
4,,,,14119,,,0.090236596763134,,,,,,,,,,,,
4,,,,14139,,,0.2418898344039917,,,,,,,,,,,,
4,,,,14159,,,0.7072404026985168,,,,,,,,,,,,
4,,,,14179,,,0.173263818025589,,,,,,,,,,,,
4,,,,14199,,,0.7669032216072083,,,,,,,,,,,,
4,,,,14219,,,0.24834948778152466,,,,,,,,,,,,
4,,,,14239,,,0.446662962436676,,,,,,,,,,,,
4,,,,14259,,,0.09860625118017197,,,,,,,,,,,,
4,,,,14279,,,0.7902109622955322,,,,,,,,,,,,
4,,,,14299,,,0.1274789571762085,,,,,,,,,,,,
4,,,,14319,,,0.13307008147239685,,,,,,,,,,,,
4,,,,14339,,,0.19423411786556244,,,,,,,,,,,,
4,,,,14359,,,0.5483310222625732,,,,,,,,,,,,
4,,,,14379,,,0.7210869789123535,,,,,,,,,,,,
4,,,,14399,,,0.13776271045207977,,,,,,,,,,,,
4,,,,14419,,,0.7034226655960083,,,,,,,,,,,,
4,,,,14439,,,0.7245657444000244,,,,,,,,,,,,
4,,,,14459,,,0.45236337184906006,,,,,,,,,,,,
4,,,,14479,,,0.25707653164863586,,,,,,,,,,,,
4,,,,14499,,,0.2499234825372696,,,,,,,,,,,,
4,,,,14519,,,0.18289028108119965,,,,,,,,,,,,
4,,,,14539,,,0.3236989676952362,,,,,,,,,,,,
4,,,,14559,,,0.8630087375640869,,,,,,,,,,,,
4,,,,14579,,,0.7304967641830444,,,,,,,,,,,,
4,,,,14599,,,0.1667986363172531,,,,,,,,,,,,
4,,,,14619,,,0.780124306678772,,,,,,,,,,,,
4,,,,14639,,,0.26327383518218994,,,,,,,,,,,,
4,,,,14659,,,0.5520742535591125,,,,,,,,,,,,
4,,,,14679,,,0.34510377049446106,,,,,,,,,,,,
4,,,,14699,,,0.17819155752658844,,,,,,,,,,,,
4,,,,14719,,,0.6185314655303955,,,,,,,,,,,,
4,,,,14739,,,0.34612008929252625,,,,,,,,,,,,
4,,,,14759,,,0.13155826926231384,,,,,,,,,,,,
4,,,,14779,,,0.1462203711271286,,,,,,,,,,,,
4,,,,14799,,,0.12284553050994873,,,,,,,,,,,,
4,,,,14819,,,1.1369082927703857,,,,,,,,,,,,
4,,,,14839,,,0.14138048887252808,,,,,,,,,,,,
4,,,,14859,,,0.09726232290267944,,,,,,,,,,,,
4,,,,14879,,,0.26965945959091187,,,,,,,,,,,,
4,,,,14899,,,0.0908084288239479,,,,,,,,,,,,
4,,,,14919,,,0.21222731471061707,,,,,,,,,,,,
4,,,,14939,,,0.24152760207653046,,,,,,,,,,,,
4,,,,14959,,,0.09864603728055954,,,,,,,,,,,,
4,,,,14979,,,0.32955825328826904,,,,,,,,,,,,
4,,,,14999,,,0.558803141117096,,,,,,,,,,,,
4,,,,15019,,,0.6818962097167969,,,,,,,,,,,,
4,,,,15039,,,0.44077083468437195,,,,,,,,,,,,
4,,,,15059,,,0.47282135486602783,,,,,,,,,,,,
4,,,,15079,,,0.34797903895378113,,,,,,,,,,,,
4,,,,15099,,,0.719713032245636,,,,,,,,,,,,
4,,,,15119,,,0.15453913807868958,,,,,,,,,,,,
4,,,,15139,,,0.2875548303127289,,,,,,,,,,,,
4,,,,15159,,,0.5443089604377747,,,,,,,,,,,,
4,,,,15179,,,0.09806676208972931,,,,,,,,,,,,
4,,,,15199,,,0.11687587946653366,,,,,,,,,,,,
4,,,,15219,,,0.6760189533233643,,,,,,,,,,,,
4,,,,15239,,,0.3328234851360321,,,,,,,,,,,,
4,,,,15259,,,0.43479663133621216,,,,,,,,,,,,
4,,,,15279,,,0.4553050994873047,,,,,,,,,,,,
4,,,,15299,,,0.0829886719584465,,,,,,,,,,,,
4,,,,15319,,,0.7022910714149475,,,,,,,,,,,,
4,,,,15339,,,0.4374026656150818,,,,,,,,,,,,
4,,,,15359,,,0.09010854363441467,,,,,,,,,,,,
4,,,,15379,,,0.5341126918792725,,,,,,,,,,,,
4,,,,15399,,,0.1377571076154709,,,,,,,,,,,,
4,,,,15419,,,0.1359630823135376,,,,,,,,,,,,
4,,,,15439,,,0.31511425971984863,,,,,,,,,,,,
4,,,,15459,,,0.16575071215629578,,,,,,,,,,,,
4,,,,15479,,,0.15154929459095,,,,,,,,,,,,
4,,,,15499,,,0.23835539817810059,,,,,,,,,,,,
4,,,,15519,,,0.1312391310930252,,,,,,,,,,,,
4,,,,15539,,,0.08783233165740967,,,,,,,,,,,,
4,,,,15559,,,0.8434877395629883,,,,,,,,,,,,
4,,,,15579,,,0.48112815618515015,,,,,,,,,,,,
4,,,,15599,,,0.25374117493629456,,,,,,,,,,,,
4,,,,15619,,,0.31568217277526855,,,,,,,,,,,,
4,,,,15639,,,0.548518717288971,,,,,,,,,,,,
4,,,,15659,,,0.7023425102233887,,,,,,,,,,,,
4,,,,15679,,,0.5440341234207153,,,,,,,,,,,,
4,,,,15699,,,0.839850902557373,,,,,,,,,,,,
4,,,,15719,,,0.2778124511241913,,,,,,,,,,,,
4,,,,15739,,,0.8775209784507751,,,,,,,,,,,,
4,,,,15759,,,0.7170038223266602,,,,,,,,,,,,
4,,,,15779,,,0.7911781072616577,,,,,,,,,,,,
4,,,,15799,,,0.17948020994663239,,,,,,,,,,,,
4,,,,15819,,,0.8076512813568115,,,,,,,,,,,,
4,,,,15839,,,0.09319549798965454,,,,,,,,,,,,
4,,,,15859,,,0.26583051681518555,,,,,,,,,,,,
4,,,,15879,,,0.6948175430297852,,,,,,,,,,,,
4,,,,15899,,,0.16254815459251404,,,,,,,,,,,,
4,,,,15919,,,0.3277268707752228,,,,,,,,,,,,
4,,,,15939,,,0.06459898501634598,,,,,,,,,,,,
4,,,,15959,,,0.08649744838476181,,,,,,,,,,,,
4,,,,15979,,,0.2230594903230667,,,,,,,,,,,,
4,,,,15999,,,0.628565788269043,,,,,,,,,,,,
4,,,,16019,,,0.7325299382209778,,,,,,,,,,,,
4,,,,16039,,,0.7158294916152954,,,,,,,,,,,,
4,,,,16059,,,0.7916479110717773,,,,,,,,,,,,
4,,,,16079,,,0.12071412056684494,,,,,,,,,,,,
4,,,,16099,,,0.44769105315208435,,,,,,,,,,,,
4,,,,16119,,,0.1855013370513916,,,,,,,,,,,,
4,,,,16139,,,0.19735187292099,,,,,,,,,,,,
4,,,,16159,,,0.24447566270828247,,,,,,,,,,,,
4,,,,16179,,,0.18099893629550934,,,,,,,,,,,,
4,,,,16199,,,0.4000413417816162,,,,,,,,,,,,
4,,,,16219,,,0.5440818071365356,,,,,,,,,,,,
4,,,,16239,,,0.628886342048645,,,,,,,,,,,,
4,,,,16259,,,0.506959855556488,,,,,,,,,,,,
4,,,,16279,,,0.24742528796195984,,,,,,,,,,,,
4,,,,16299,,,0.5773011445999146,,,,,,,,,,,,
4,,,,16319,,,0.8295834064483643,,,,,,,,,,,,
4,,,,16339,,,0.2320425808429718,,,,,,,,,,,,
4,,,,16359,,,0.3828021287918091,,,,,,,,,,,,
4,,,,16379,,,0.16012246906757355,,,,,,,,,,,,
4,,,,16399,,,0.41357481479644775,,,,,,,,,,,,
4,,,,16419,,,0.619983971118927,,,,,,,,,,,,
4,,,,16439,,,0.08816294372081757,,,,,,,,,,,,
4,,,,16459,,,0.5551332831382751,,,,,,,,,,,,
4,,,,16479,,,1.0284920930862427,,,,,,,,,,,,
4,,,,16499,,,0.6673232913017273,,,,,,,,,,,,
4,,,,16519,,,0.661345899105072,,,,,,,,,,,,
4,,,,16539,,,0.4740150570869446,,,,,,,,,,,,
4,,,,16559,,,0.6731032729148865,,,,,,,,,,,,
4,,,,16579,,,0.3847767114639282,,,,,,,,,,,,
4,,,,16599,,,0.3206879198551178,,,,,,,,,,,,
4,,,,16619,,,0.11612166464328766,,,,,,,,,,,,
4,,,,16639,,,0.21325050294399261,,,,,,,,,,,,
4,,,,16659,,,0.40582334995269775,,,,,,,,,,,,
4,,,,16679,,,0.06527488678693771,,,,,,,,,,,,
4,,,,16699,,,0.8069191575050354,,,,,,,,,,,,
4,,,,16719,,,0.47970548272132874,,,,,,,,,,,,
4,,,,16739,,,0.4102504253387451,,,,,,,,,,,,
4,,,,16759,,,0.23487171530723572,,,,,,,,,,,,
4,,,,16779,,,0.49626874923706055,,,,,,,,,,,,
4,,,,16799,,,0.6375926733016968,,,,,,,,,,,,
4,,,,16819,,,0.39193567633628845,,,,,,,,,,,,
4,,,,16839,,,0.13182778656482697,,,,,,,,,,,,
4,,,,16859,,,0.11353909224271774,,,,,,,,,,,,
4,,,,16879,,,0.560334324836731,,,,,,,,,,,,
4,,,,16899,,,0.10124634951353073,,,,,,,,,,,,
4,,,,16919,,,0.06625451892614365,,,,,,,,,,,,
4,,,,16939,,,0.1749412715435028,,,,,,,,,,,,
4,,,,16959,,,0.24495086073875427,,,,,,,,,,,,
4,,,,16979,,,0.5082288384437561,,,,,,,,,,,,
4,,,,16999,,,0.3601778745651245,,,,,,,,,,,,
4,,,,17019,,,0.20102368295192719,,,,,,,,,,,,
4,,,,17039,,,0.8321748971939087,,,,,,,,,,,,
4,,,,17059,,,0.1624385118484497,,,,,,,,,,,,
4,,,,17079,,,0.7774429321289062,,,,,,,,,,,,
4,,,,17099,,,0.10466008633375168,,,,,,,,,,,,
4,,,,17119,,,0.17309419810771942,,,,,,,,,,,,
4,,,,17139,,,0.21845149993896484,,,,,,,,,,,,
4,,,,17159,,,0.3911437392234802,,,,,,,,,,,,
4,,,,17179,,,0.06462416052818298,,,,,,,,,,,,
4,,,,17199,,,0.11535770446062088,,,,,,,,,,,,
4,,,,17219,,,0.10163861513137817,,,,,,,,,,,,
4,,,,17239,,,0.37881359457969666,,,,,,,,,,,,
4,,,,17259,,,0.12806467711925507,,,,,,,,,,,,
4,,,,17279,,,0.6115959882736206,,,,,,,,,,,,
4,,,,17299,,,0.3008289039134979,,,,,,,,,,,,
4,,,,17319,,,0.7554032802581787,,,,,,,,,,,,
4,,,,17339,,,0.1758030503988266,,,,,,,,,,,,
4,,,,17359,,,0.399600088596344,,,,,,,,,,,,
4,,,,17379,,,0.16233554482460022,,,,,,,,,,,,
4,,,,17399,,,0.15570393204689026,,,,,,,,,,,,
4,,,,17409,,,,0.6721649169921875,0.8843647241592407,0.6439745426177979,0.5511007905006409,0.643841028213501,0.5474069118499756,0.6620428562164307,0.6370806097984314,0.7112546563148499,0.8191689848899841,0.40785980224609375,0.6721649169921875
4,,,,17409,0.5194152593612671,0.37536269426345825,,,,,,,,,,,,,
,0.0003,0.0003,2.9999999999999997e-05,17410,,,,,,,,,,,,,,,
5,,,,17419,,,0.7989856004714966,,,,,,,,,,,,
5,,,,17439,,,0.09047951549291611,,,,,,,,,,,,
5,,,,17459,,,0.7541422247886658,,,,,,,,,,,,
5,,,,17479,,,0.6339091062545776,,,,,,,,,,,,
5,,,,17499,,,0.7933206558227539,,,,,,,,,,,,
5,,,,17519,,,0.4538843035697937,,,,,,,,,,,,
5,,,,17539,,,0.7483512163162231,,,,,,,,,,,,
5,,,,17559,,,0.49291175603866577,,,,,,,,,,,,
5,,,,17579,,,0.1234591156244278,,,,,,,,,,,,
5,,,,17599,,,0.14576680958271027,,,,,,,,,,,,
5,,,,17619,,,0.1939290165901184,,,,,,,,,,,,
5,,,,17639,,,0.11701659113168716,,,,,,,,,,,,
5,,,,17659,,,0.6934434175491333,,,,,,,,,,,,
5,,,,17679,,,0.6951040625572205,,,,,,,,,,,,
5,,,,17699,,,0.1520540565252304,,,,,,,,,,,,
5,,,,17719,,,0.6397077441215515,,,,,,,,,,,,
5,,,,17739,,,0.4817905128002167,,,,,,,,,,,,
5,,,,17759,,,0.2662314176559448,,,,,,,,,,,,
5,,,,17779,,,0.09903769940137863,,,,,,,,,,,,
5,,,,17799,,,0.6896398067474365,,,,,,,,,,,,
5,,,,17819,,,0.521504282951355,,,,,,,,,,,,
5,,,,17839,,,0.5965000987052917,,,,,,,,,,,,
5,,,,17859,,,0.08871758729219437,,,,,,,,,,,,
5,,,,17879,,,0.7755671739578247,,,,,,,,,,,,
5,,,,17899,,,0.1206856220960617,,,,,,,,,,,,
5,,,,17919,,,0.5301981568336487,,,,,,,,,,,,
5,,,,17939,,,0.14101237058639526,,,,,,,,,,,,
5,,,,17959,,,0.3397597372531891,,,,,,,,,,,,
5,,,,17979,,,0.19734489917755127,,,,,,,,,,,,
5,,,,17999,,,0.5185199975967407,,,,,,,,,,,,
5,,,,18019,,,0.09451176226139069,,,,,,,,,,,,
5,,,,18039,,,0.8247522711753845,,,,,,,,,,,,
5,,,,18059,,,0.11423563212156296,,,,,,,,,,,,
5,,,,18079,,,0.4975924789905548,,,,,,,,,,,,
5,,,,18099,,,0.7308903932571411,,,,,,,,,,,,
5,,,,18119,,,0.6208717823028564,,,,,,,,,,,,
5,,,,18139,,,0.10661259293556213,,,,,,,,,,,,
5,,,,18159,,,0.09787029027938843,,,,,,,,,,,,
5,,,,18179,,,0.20661661028862,,,,,,,,,,,,
5,,,,18199,,,0.6850910186767578,,,,,,,,,,,,
5,,,,18219,,,0.7418484687805176,,,,,,,,,,,,
5,,,,18239,,,0.17550282180309296,,,,,,,,,,,,
5,,,,18259,,,0.6619907021522522,,,,,,,,,,,,
5,,,,18279,,,0.7623918056488037,,,,,,,,,,,,
5,,,,18299,,,0.7801876664161682,,,,,,,,,,,,
5,,,,18319,,,0.20746853947639465,,,,,,,,,,,,
5,,,,18339,,,0.6176661252975464,,,,,,,,,,,,
5,,,,18359,,,0.5472371578216553,,,,,,,,,,,,
5,,,,18379,,,0.2667558193206787,,,,,,,,,,,,
5,,,,18399,,,0.41406142711639404,,,,,,,,,,,,
5,,,,18419,,,0.5493109226226807,,,,,,,,,,,,
5,,,,18439,,,0.11305861920118332,,,,,,,,,,,,
5,,,,18459,,,0.7498955726623535,,,,,,,,,,,,
5,,,,18479,,,0.1187165156006813,,,,,,,,,,,,
5,,,,18499,,,0.2027633935213089,,,,,,,,,,,,
5,,,,18519,,,0.8069223165512085,,,,,,,,,,,,
5,,,,18539,,,0.11680378019809723,,,,,,,,,,,,
5,,,,18559,,,0.1726626604795456,,,,,,,,,,,,
5,,,,18579,,,0.09770779311656952,,,,,,,,,,,,
5,,,,18599,,,0.6237325668334961,,,,,,,,,,,,
5,,,,18619,,,0.3622097074985504,,,,,,,,,,,,
5,,,,18639,,,0.6548813581466675,,,,,,,,,,,,
5,,,,18659,,,0.11336144059896469,,,,,,,,,,,,
5,,,,18679,,,0.6479442119598389,,,,,,,,,,,,
5,,,,18699,,,0.21015383303165436,,,,,,,,,,,,
5,,,,18719,,,0.8115262985229492,,,,,,,,,,,,
5,,,,18739,,,0.08251126855611801,,,,,,,,,,,,
5,,,,18759,,,0.35622042417526245,,,,,,,,,,,,
5,,,,18779,,,0.7340108156204224,,,,,,,,,,,,
5,,,,18799,,,0.5109618306159973,,,,,,,,,,,,
5,,,,18819,,,0.5060497522354126,,,,,,,,,,,,
5,,,,18839,,,0.4473418593406677,,,,,,,,,,,,
5,,,,18859,,,0.12233712524175644,,,,,,,,,,,,
5,,,,18879,,,0.8636674880981445,,,,,,,,,,,,
5,,,,18899,,,0.23184219002723694,,,,,,,,,,,,
5,,,,18919,,,0.8519132733345032,,,,,,,,,,,,
5,,,,18939,,,0.23385415971279144,,,,,,,,,,,,
5,,,,18959,,,0.1262085884809494,,,,,,,,,,,,
5,,,,18979,,,0.2079077661037445,,,,,,,,,,,,
5,,,,18999,,,0.09927418828010559,,,,,,,,,,,,
5,,,,19019,,,0.364664226770401,,,,,,,,,,,,
5,,,,19039,,,0.35604268312454224,,,,,,,,,,,,
5,,,,19059,,,0.10332203656435013,,,,,,,,,,,,
5,,,,19079,,,0.5296227931976318,,,,,,,,,,,,
5,,,,19099,,,0.7769296169281006,,,,,,,,,,,,
5,,,,19119,,,0.5802616477012634,,,,,,,,,,,,
5,,,,19139,,,0.14223037660121918,,,,,,,,,,,,
5,,,,19159,,,0.2231978327035904,,,,,,,,,,,,
5,,,,19179,,,0.5227768421173096,,,,,,,,,,,,
5,,,,19199,,,0.15427488088607788,,,,,,,,,,,,
5,,,,19219,,,0.5438388586044312,,,,,,,,,,,,
5,,,,19239,,,0.19026589393615723,,,,,,,,,,,,
5,,,,19259,,,0.7051405906677246,,,,,,,,,,,,
5,,,,19279,,,0.7691265940666199,,,,,,,,,,,,
5,,,,19299,,,0.5704746246337891,,,,,,,,,,,,
5,,,,19319,,,0.13167615234851837,,,,,,,,,,,,
5,,,,19339,,,0.071278415620327,,,,,,,,,,,,
5,,,,19359,,,0.291089802980423,,,,,,,,,,,,
5,,,,19379,,,0.6103647351264954,,,,,,,,,,,,
5,,,,19399,,,0.38837504386901855,,,,,,,,,,,,
5,,,,19419,,,0.12370175868272781,,,,,,,,,,,,
5,,,,19439,,,0.17731031775474548,,,,,,,,,,,,
5,,,,19459,,,0.6151339411735535,,,,,,,,,,,,
5,,,,19479,,,0.3744977116584778,,,,,,,,,,,,
5,,,,19499,,,0.06925453990697861,,,,,,,,,,,,
5,,,,19519,,,0.13657613098621368,,,,,,,,,,,,
5,,,,19539,,,0.10147137194871902,,,,,,,,,,,,
5,,,,19559,,,0.7585180997848511,,,,,,,,,,,,
5,,,,19579,,,0.1820274293422699,,,,,,,,,,,,
5,,,,19599,,,0.22272653877735138,,,,,,,,,,,,
5,,,,19619,,,0.05222946032881737,,,,,,,,,,,,
5,,,,19639,,,0.7769259214401245,,,,,,,,,,,,
5,,,,19659,,,0.5486982464790344,,,,,,,,,,,,
5,,,,19679,,,0.7233138084411621,,,,,,,,,,,,
5,,,,19699,,,0.07139371335506439,,,,,,,,,,,,
5,,,,19719,,,0.35497087240219116,,,,,,,,,,,,
5,,,,19739,,,0.22461917996406555,,,,,,,,,,,,
5,,,,19759,,,0.17359788715839386,,,,,,,,,,,,
5,,,,19779,,,0.7343183755874634,,,,,,,,,,,,
5,,,,19799,,,0.8132032752037048,,,,,,,,,,,,
5,,,,19819,,,0.7878051996231079,,,,,,,,,,,,
5,,,,19839,,,0.6669788360595703,,,,,,,,,,,,
5,,,,19859,,,0.6746041178703308,,,,,,,,,,,,
5,,,,19879,,,0.23530542850494385,,,,,,,,,,,,
5,,,,19899,,,0.35605281591415405,,,,,,,,,,,,
5,,,,19919,,,0.6834899187088013,,,,,,,,,,,,
5,,,,19939,,,0.18823376297950745,,,,,,,,,,,,
5,,,,19959,,,0.4012083411216736,,,,,,,,,,,,
5,,,,19979,,,0.3236370086669922,,,,,,,,,,,,
5,,,,19999,,,0.16053833067417145,,,,,,,,,,,,
5,,,,20019,,,0.09257381409406662,,,,,,,,,,,,
5,,,,20039,,,0.8033239245414734,,,,,,,,,,,,
5,,,,20059,,,0.4320780038833618,,,,,,,,,,,,
5,,,,20079,,,0.6971309781074524,,,,,,,,,,,,
5,,,,20099,,,0.422943115234375,,,,,,,,,,,,
5,,,,20119,,,0.7010793089866638,,,,,,,,,,,,
5,,,,20139,,,0.16639424860477448,,,,,,,,,,,,
5,,,,20159,,,0.043871741741895676,,,,,,,,,,,,
5,,,,20179,,,0.23611217737197876,,,,,,,,,,,,
5,,,,20199,,,0.7460108995437622,,,,,,,,,,,,
5,,,,20219,,,0.4809873104095459,,,,,,,,,,,,
5,,,,20239,,,0.06392744183540344,,,,,,,,,,,,
5,,,,20259,,,0.05735880509018898,,,,,,,,,,,,
5,,,,20279,,,0.42768537998199463,,,,,,,,,,,,
5,,,,20299,,,0.08409657329320908,,,,,,,,,,,,
5,,,,20319,,,0.3868917226791382,,,,,,,,,,,,
5,,,,20339,,,0.18095538020133972,,,,,,,,,,,,
5,,,,20359,,,0.5510057806968689,,,,,,,,,,,,
5,,,,20379,,,0.6468356847763062,,,,,,,,,,,,
5,,,,20399,,,0.44379493594169617,,,,,,,,,,,,
5,,,,20419,,,0.3003813326358795,,,,,,,,,,,,
5,,,,20439,,,0.10907985270023346,,,,,,,,,,,,
5,,,,20459,,,0.5997612476348877,,,,,,,,,,,,
5,,,,20479,,,0.39253711700439453,,,,,,,,,,,,
5,,,,20499,,,0.06457705050706863,,,,,,,,,,,,
5,,,,20519,,,0.19622701406478882,,,,,,,,,,,,
5,,,,20539,,,0.3756374716758728,,,,,,,,,,,,
5,,,,20559,,,0.17432789504528046,,,,,,,,,,,,
5,,,,20579,,,0.0934934988617897,,,,,,,,,,,,
5,,,,20599,,,0.7979245185852051,,,,,,,,,,,,
5,,,,20619,,,0.6087021231651306,,,,,,,,,,,,
5,,,,20639,,,0.07585516571998596,,,,,,,,,,,,
5,,,,20659,,,0.701399028301239,,,,,,,,,,,,
5,,,,20679,,,0.20909607410430908,,,,,,,,,,,,
5,,,,20699,,,0.1784513294696808,,,,,,,,,,,,
5,,,,20719,,,0.19812537729740143,,,,,,,,,,,,
5,,,,20739,,,0.08344005048274994,,,,,,,,,,,,
5,,,,20759,,,0.5972104072570801,,,,,,,,,,,,
5,,,,20779,,,0.48356109857559204,,,,,,,,,,,,
5,,,,20799,,,0.7587621212005615,,,,,,,,,,,,
5,,,,20819,,,0.2574572265148163,,,,,,,,,,,,
5,,,,20839,,,0.06464899331331253,,,,,,,,,,,,
5,,,,20859,,,0.4273192882537842,,,,,,,,,,,,
5,,,,20879,,,0.07790732383728027,,,,,,,,,,,,
5,,,,20891,,,,0.6408697366714478,0.8662437200546265,0.6380065083503723,0.6715594530105591,0.6472756266593933,0.5512556433677673,0.6720523238182068,0.6275351643562317,0.6536681056022644,0.8283903002738953,0.47950899600982666,0.6408697366714478
5,,,,20891,0.5201622247695923,0.36749085783958435,,,,,,,,,,,,,
,0.0002988172051971717,0.0002988172051971717,2.9881720519717167e-05,20892,,,,,,,,,,,,,,,
6,,,,20899,,,0.4510209858417511,,,,,,,,,,,,
6,,,,20919,,,0.28394627571105957,,,,,,,,,,,,
6,,,,20939,,,0.24503497779369354,,,,,,,,,,,,
6,,,,20959,,,0.5051892995834351,,,,,,,,,,,,
6,,,,20979,,,0.13121077418327332,,,,,,,,,,,,
6,,,,20999,,,0.13588804006576538,,,,,,,,,,,,
6,,,,21019,,,0.1714872121810913,,,,,,,,,,,,
6,,,,21039,,,0.3460861146450043,,,,,,,,,,,,
6,,,,21059,,,0.6235039234161377,,,,,,,,,,,,
6,,,,21079,,,0.054674182087183,,,,,,,,,,,,
6,,,,21099,,,0.7343656420707703,,,,,,,,,,,,
6,,,,21119,,,0.07836220413446426,,,,,,,,,,,,
6,,,,21139,,,0.25326576828956604,,,,,,,,,,,,
6,,,,21159,,,0.5590560436248779,,,,,,,,,,,,
6,,,,21179,,,0.5416092872619629,,,,,,,,,,,,
6,,,,21199,,,0.22356301546096802,,,,,,,,,,,,
6,,,,21219,,,0.5270500183105469,,,,,,,,,,,,
6,,,,21239,,,0.6414675712585449,,,,,,,,,,,,
6,,,,21259,,,0.07486700266599655,,,,,,,,,,,,
6,,,,21279,,,0.04287700727581978,,,,,,,,,,,,
6,,,,21299,,,0.05865653231739998,,,,,,,,,,,,
6,,,,21319,,,0.49108079075813293,,,,,,,,,,,,
6,,,,21339,,,0.3341217339038849,,,,,,,,,,,,
6,,,,21359,,,0.13011135160923004,,,,,,,,,,,,
6,,,,21379,,,0.11774203181266785,,,,,,,,,,,,
6,,,,21399,,,0.0800178050994873,,,,,,,,,,,,
6,,,,21419,,,0.14079467952251434,,,,,,,,,,,,
6,,,,21439,,,0.21116715669631958,,,,,,,,,,,,
6,,,,21459,,,0.03723018243908882,,,,,,,,,,,,
6,,,,21479,,,0.484577476978302,,,,,,,,,,,,
6,,,,21499,,,0.36132389307022095,,,,,,,,,,,,
6,,,,21519,,,0.9096871018409729,,,,,,,,,,,,
6,,,,21539,,,0.12179864943027496,,,,,,,,,,,,
6,,,,21559,,,0.7124446630477905,,,,,,,,,,,,
6,,,,21579,,,0.3606555461883545,,,,,,,,,,,,
6,,,,21599,,,0.8567556142807007,,,,,,,,,,,,
6,,,,21619,,,0.19272008538246155,,,,,,,,,,,,
6,,,,21639,,,0.39007365703582764,,,,,,,,,,,,
6,,,,21659,,,0.6377444863319397,,,,,,,,,,,,
6,,,,21679,,,0.4216333031654358,,,,,,,,,,,,
6,,,,21699,,,0.762394905090332,,,,,,,,,,,,
6,,,,21719,,,0.22629393637180328,,,,,,,,,,,,
6,,,,21739,,,0.057190973311662674,,,,,,,,,,,,
6,,,,21759,,,0.7475177049636841,,,,,,,,,,,,
6,,,,21779,,,0.6640228033065796,,,,,,,,,,,,
6,,,,21799,,,0.45614632964134216,,,,,,,,,,,,
6,,,,21819,,,0.7006986737251282,,,,,,,,,,,,
6,,,,21839,,,0.04135514050722122,,,,,,,,,,,,
6,,,,21859,,,0.1233728751540184,,,,,,,,,,,,
6,,,,21879,,,0.2315850853919983,,,,,,,,,,,,
6,,,,21899,,,0.2990017831325531,,,,,,,,,,,,
6,,,,21919,,,0.4118694067001343,,,,,,,,,,,,
6,,,,21939,,,0.6821507215499878,,,,,,,,,,,,
6,,,,21959,,,0.3412376642227173,,,,,,,,,,,,
6,,,,21979,,,0.19449912011623383,,,,,,,,,,,,
6,,,,21999,,,0.16909465193748474,,,,,,,,,,,,
6,,,,22019,,,0.2630341351032257,,,,,,,,,,,,
6,,,,22039,,,0.05787211284041405,,,,,,,,,,,,
6,,,,22059,,,0.1818709522485733,,,,,,,,,,,,
6,,,,22079,,,0.6337289810180664,,,,,,,,,,,,
6,,,,22099,,,0.44109490513801575,,,,,,,,,,,,
6,,,,22119,,,0.06531579047441483,,,,,,,,,,,,
6,,,,22139,,,0.10210218280553818,,,,,,,,,,,,
6,,,,22159,,,0.5345057845115662,,,,,,,,,,,,
6,,,,22179,,,0.589130163192749,,,,,,,,,,,,
6,,,,22199,,,0.49203044176101685,,,,,,,,,,,,
6,,,,22219,,,0.766363263130188,,,,,,,,,,,,
6,,,,22239,,,0.08395978063344955,,,,,,,,,,,,
6,,,,22259,,,0.470063716173172,,,,,,,,,,,,
6,,,,22279,,,0.2042415589094162,,,,,,,,,,,,
6,,,,22299,,,0.6607283353805542,,,,,,,,,,,,
6,,,,22319,,,0.13093893229961395,,,,,,,,,,,,
6,,,,22339,,,0.26942285895347595,,,,,,,,,,,,
6,,,,22359,,,0.23908287286758423,,,,,,,,,,,,
6,,,,22379,,,0.7068824172019958,,,,,,,,,,,,
6,,,,22399,,,0.5347373485565186,,,,,,,,,,,,
6,,,,22419,,,0.2874062955379486,,,,,,,,,,,,
6,,,,22439,,,0.04747478663921356,,,,,,,,,,,,
6,,,,22459,,,0.103400319814682,,,,,,,,,,,,
6,,,,22479,,,0.6168619394302368,,,,,,,,,,,,
6,,,,22499,,,0.6243071556091309,,,,,,,,,,,,
6,,,,22519,,,0.671870768070221,,,,,,,,,,,,
6,,,,22539,,,0.8301382064819336,,,,,,,,,,,,
6,,,,22559,,,0.4551253020763397,,,,,,,,,,,,
6,,,,22579,,,0.058328405022621155,,,,,,,,,,,,
6,,,,22599,,,0.053895823657512665,,,,,,,,,,,,
6,,,,22619,,,0.38817843794822693,,,,,,,,,,,,
6,,,,22639,,,0.11135353147983551,,,,,,,,,,,,
6,,,,22659,,,0.04493539035320282,,,,,,,,,,,,
6,,,,22679,,,0.7548239231109619,,,,,,,,,,,,
6,,,,22699,,,0.4980100393295288,,,,,,,,,,,,
6,,,,22719,,,0.2971653342247009,,,,,,,,,,,,
6,,,,22739,,,0.5195437669754028,,,,,,,,,,,,
6,,,,22759,,,0.3886595666408539,,,,,,,,,,,,
6,,,,22779,,,0.746854305267334,,,,,,,,,,,,
6,,,,22799,,,0.13080701231956482,,,,,,,,,,,,
6,,,,22819,,,0.7765940427780151,,,,,,,,,,,,
6,,,,22839,,,0.5876697897911072,,,,,,,,,,,,
6,,,,22859,,,0.08952894806861877,,,,,,,,,,,,
6,,,,22879,,,0.13217693567276,,,,,,,,,,,,
6,,,,22899,,,0.10405482351779938,,,,,,,,,,,,
6,,,,22919,,,0.16942410171031952,,,,,,,,,,,,
6,,,,22939,,,0.07399459183216095,,,,,,,,,,,,
6,,,,22959,,,0.6448280811309814,,,,,,,,,,,,
6,,,,22979,,,0.03669407218694687,,,,,,,,,,,,
6,,,,22999,,,0.5069566965103149,,,,,,,,,,,,
6,,,,23019,,,0.6182069778442383,,,,,,,,,,,,
6,,,,23039,,,0.6336969137191772,,,,,,,,,,,,
6,,,,23059,,,0.1543043702840805,,,,,,,,,,,,
6,,,,23079,,,0.13548851013183594,,,,,,,,,,,,
6,,,,23099,,,0.4132598638534546,,,,,,,,,,,,
6,,,,23119,,,0.08360803872346878,,,,,,,,,,,,
6,,,,23139,,,0.04843178018927574,,,,,,,,,,,,
6,,,,23159,,,0.4390113353729248,,,,,,,,,,,,
6,,,,23179,,,0.3063127398490906,,,,,,,,,,,,
6,,,,23199,,,0.4405639171600342,,,,,,,,,,,,
6,,,,23219,,,0.08580803871154785,,,,,,,,,,,,
6,,,,23239,,,0.15333369374275208,,,,,,,,,,,,
6,,,,23259,,,0.6606414318084717,,,,,,,,,,,,
6,,,,23279,,,0.05198928713798523,,,,,,,,,,,,
6,,,,23299,,,0.5828397274017334,,,,,,,,,,,,
6,,,,23319,,,0.09868501871824265,,,,,,,,,,,,
6,,,,23339,,,0.531304657459259,,,,,,,,,,,,
6,,,,23359,,,0.8505054116249084,,,,,,,,,,,,
6,,,,23379,,,0.6737693548202515,,,,,,,,,,,,
6,,,,23399,,,0.5617885589599609,,,,,,,,,,,,
6,,,,23419,,,0.27710169553756714,,,,,,,,,,,,
6,,,,23439,,,0.7756619453430176,,,,,,,,,,,,
6,,,,23459,,,0.07353909313678741,,,,,,,,,,,,
6,,,,23479,,,0.10010436922311783,,,,,,,,,,,,
6,,,,23499,,,0.40728822350502014,,,,,,,,,,,,
6,,,,23519,,,0.04884175956249237,,,,,,,,,,,,
6,,,,23539,,,0.8135208487510681,,,,,,,,,,,,
6,,,,23559,,,0.38604438304901123,,,,,,,,,,,,
6,,,,23579,,,0.15045638382434845,,,,,,,,,,,,
6,,,,23599,,,0.7832232713699341,,,,,,,,,,,,
6,,,,23619,,,0.07858393341302872,,,,,,,,,,,,
6,,,,23639,,,0.2584981918334961,,,,,,,,,,,,
6,,,,23659,,,0.7778367400169373,,,,,,,,,,,,
6,,,,23679,,,0.12111487984657288,,,,,,,,,,,,
6,,,,23699,,,0.10133501142263412,,,,,,,,,,,,
6,,,,23719,,,0.752867579460144,,,,,,,,,,,,
6,,,,23739,,,0.1720767617225647,,,,,,,,,,,,
6,,,,23759,,,0.7023028135299683,,,,,,,,,,,,
6,,,,23779,,,0.07742782682180405,,,,,,,,,,,,
6,,,,23799,,,0.20078714191913605,,,,,,,,,,,,
6,,,,23819,,,0.31101518869400024,,,,,,,,,,,,
6,,,,23839,,,0.1372033655643463,,,,,,,,,,,,
6,,,,23859,,,0.21381308138370514,,,,,,,,,,,,
6,,,,23879,,,0.4663197994232178,,,,,,,,,,,,
6,,,,23899,,,0.07717159390449524,,,,,,,,,,,,
6,,,,23919,,,0.15724214911460876,,,,,,,,,,,,
6,,,,23939,,,0.778732419013977,,,,,,,,,,,,
6,,,,23959,,,0.4581354260444641,,,,,,,,,,,,
6,,,,23979,,,0.09830014407634735,,,,,,,,,,,,
6,,,,23999,,,0.11600876599550247,,,,,,,,,,,,
6,,,,24019,,,0.1894432157278061,,,,,,,,,,,,
6,,,,24039,,,0.09588669240474701,,,,,,,,,,,,
6,,,,24059,,,0.1813119798898697,,,,,,,,,,,,
6,,,,24079,,,0.09740334004163742,,,,,,,,,,,,
6,,,,24099,,,0.06018117070198059,,,,,,,,,,,,
6,,,,24119,,,0.11872003972530365,,,,,,,,,,,,
6,,,,24139,,,0.07678090035915375,,,,,,,,,,,,
6,,,,24159,,,0.08938511461019516,,,,,,,,,,,,
6,,,,24179,,,0.12094014883041382,,,,,,,,,,,,
6,,,,24199,,,0.2761017680168152,,,,,,,,,,,,
6,,,,24219,,,0.7290211915969849,,,,,,,,,,,,
6,,,,24239,,,0.46884605288505554,,,,,,,,,,,,
6,,,,24259,,,0.04424549639225006,,,,,,,,,,,,
6,,,,24279,,,0.0669189989566803,,,,,,,,,,,,
6,,,,24299,,,0.2274555265903473,,,,,,,,,,,,
6,,,,24319,,,0.7331810593605042,,,,,,,,,,,,
6,,,,24339,,,0.10851328074932098,,,,,,,,,,,,
6,,,,24359,,,0.1295711100101471,,,,,,,,,,,,
6,,,,24373,,,,0.6944015026092529,0.8852697610855103,0.6740884184837341,0.531072735786438,0.669173002243042,0.5876716375350952,0.6970759630203247,0.6843797564506531,0.7551512122154236,0.7852300405502319,0.4519311785697937,0.6944015026092529
6,,,,24373,0.5311277508735657,0.3492830991744995,,,,,,,,,,,,,
,0.00029528747416929463,0.00029528747416929463,2.9528747416929464e-05,24374,,,,,,,,,,,,,,,
7,,,,24379,,,0.044938020408153534,,,,,,,,,,,,
7,,,,24399,,,0.060664720833301544,,,,,,,,,,,,
7,,,,24419,,,0.1122848317027092,,,,,,,,,,,,
7,,,,24439,,,0.2323817014694214,,,,,,,,,,,,
7,,,,24459,,,0.1130797490477562,,,,,,,,,,,,
7,,,,24479,,,0.6834542155265808,,,,,,,,,,,,
7,,,,24499,,,0.6112985014915466,,,,,,,,,,,,
7,,,,24519,,,0.14664602279663086,,,,,,,,,,,,
7,,,,24539,,,0.05068771913647652,,,,,,,,,,,,
7,,,,24559,,,0.5897388458251953,,,,,,,,,,,,
7,,,,24579,,,0.08555059880018234,,,,,,,,,,,,
7,,,,24599,,,0.45618945360183716,,,,,,,,,,,,
7,,,,24619,,,0.1964900642633438,,,,,,,,,,,,
7,,,,24639,,,0.39246487617492676,,,,,,,,,,,,
7,,,,24659,,,0.6821597218513489,,,,,,,,,,,,
7,,,,24679,,,0.08684402704238892,,,,,,,,,,,,
7,,,,24699,,,0.040678709745407104,,,,,,,,,,,,
7,,,,24719,,,0.10600962489843369,,,,,,,,,,,,
7,,,,24739,,,0.4867786765098572,,,,,,,,,,,,
7,,,,24759,,,0.17498624324798584,,,,,,,,,,,,
7,,,,24779,,,0.16273024678230286,,,,,,,,,,,,
7,,,,24799,,,0.27314817905426025,,,,,,,,,,,,
7,,,,24819,,,0.23352199792861938,,,,,,,,,,,,
7,,,,24839,,,0.5840827226638794,,,,,,,,,,,,
7,,,,24859,,,0.6890697479248047,,,,,,,,,,,,
7,,,,24879,,,0.10007794201374054,,,,,,,,,,,,
7,,,,24899,,,0.6860742568969727,,,,,,,,,,,,
7,,,,24919,,,0.13308991491794586,,,,,,,,,,,,
7,,,,24939,,,0.8046627640724182,,,,,,,,,,,,
7,,,,24959,,,0.5208200812339783,,,,,,,,,,,,
7,,,,24979,,,0.2714301645755768,,,,,,,,,,,,
7,,,,24999,,,0.2764586806297302,,,,,,,,,,,,
7,,,,25019,,,0.25097277760505676,,,,,,,,,,,,
7,,,,25039,,,0.5662125945091248,,,,,,,,,,,,
7,,,,25059,,,0.8118658661842346,,,,,,,,,,,,
7,,,,25079,,,0.297952800989151,,,,,,,,,,,,
7,,,,25099,,,0.10341012477874756,,,,,,,,,,,,
7,,,,25119,,,0.5080684423446655,,,,,,,,,,,,
7,,,,25139,,,0.2739883065223694,,,,,,,,,,,,
7,,,,25159,,,0.30178776383399963,,,,,,,,,,,,
7,,,,25179,,,0.7297692894935608,,,,,,,,,,,,
7,,,,25199,,,0.6576586961746216,,,,,,,,,,,,
7,,,,25219,,,0.5045042634010315,,,,,,,,,,,,
7,,,,25239,,,0.1333760917186737,,,,,,,,,,,,
7,,,,25259,,,0.39535337686538696,,,,,,,,,,,,
7,,,,25279,,,0.7733241319656372,,,,,,,,,,,,
7,,,,25299,,,0.08160683512687683,,,,,,,,,,,,
7,,,,25319,,,0.0335933119058609,,,,,,,,,,,,
7,,,,25339,,,0.48059943318367004,,,,,,,,,,,,
7,,,,25359,,,0.6327778697013855,,,,,,,,,,,,
7,,,,25379,,,0.7637726068496704,,,,,,,,,,,,
7,,,,25399,,,0.5980689525604248,,,,,,,,,,,,
7,,,,25419,,,0.1199318990111351,,,,,,,,,,,,
7,,,,25439,,,0.7025363445281982,,,,,,,,,,,,
7,,,,25459,,,0.8399854898452759,,,,,,,,,,,,
7,,,,25479,,,0.3419346213340759,,,,,,,,,,,,
7,,,,25499,,,0.3524959683418274,,,,,,,,,,,,
7,,,,25519,,,0.6447862386703491,,,,,,,,,,,,
7,,,,25539,,,0.04384704679250717,,,,,,,,,,,,
7,,,,25559,,,0.07412414997816086,,,,,,,,,,,,
7,,,,25579,,,0.14078889787197113,,,,,,,,,,,,
7,,,,25599,,,0.11284030973911285,,,,,,,,,,,,
7,,,,25619,,,0.5169216990470886,,,,,,,,,,,,
7,,,,25639,,,0.6818718910217285,,,,,,,,,,,,
7,,,,25659,,,0.03570030629634857,,,,,,,,,,,,
7,,,,25679,,,0.7562510967254639,,,,,,,,,,,,
7,,,,25699,,,0.04965755343437195,,,,,,,,,,,,
7,,,,25719,,,0.1100810244679451,,,,,,,,,,,,
7,,,,25739,,,0.755631685256958,,,,,,,,,,,,
7,,,,25759,,,0.16890211403369904,,,,,,,,,,,,
7,,,,25779,,,0.4482806324958801,,,,,,,,,,,,
7,,,,25799,,,0.23895788192749023,,,,,,,,,,,,
7,,,,25819,,,0.36028146743774414,,,,,,,,,,,,
7,,,,25839,,,0.5147389769554138,,,,,,,,,,,,
7,,,,25859,,,0.6797013282775879,,,,,,,,,,,,
7,,,,25879,,,0.4356517195701599,,,,,,,,,,,,
7,,,,25899,,,0.06955207884311676,,,,,,,,,,,,
7,,,,25919,,,0.42468681931495667,,,,,,,,,,,,
7,,,,25939,,,0.19075188040733337,,,,,,,,,,,,
7,,,,25959,,,0.6601665019989014,,,,,,,,,,,,
7,,,,25979,,,0.4765700101852417,,,,,,,,,,,,
7,,,,25999,,,0.5467729568481445,,,,,,,,,,,,
7,,,,26019,,,0.4028458297252655,,,,,,,,,,,,
7,,,,26039,,,0.09984596818685532,,,,,,,,,,,,
7,,,,26059,,,0.433449923992157,,,,,,,,,,,,
7,,,,26079,,,0.46207085251808167,,,,,,,,,,,,
7,,,,26099,,,0.7277438640594482,,,,,,,,,,,,
7,,,,26119,,,0.5031716227531433,,,,,,,,,,,,
7,,,,26139,,,0.2984987497329712,,,,,,,,,,,,
7,,,,26159,,,0.6705589294433594,,,,,,,,,,,,
7,,,,26179,,,0.36648425459861755,,,,,,,,,,,,
7,,,,26199,,,0.5406105518341064,,,,,,,,,,,,
7,,,,26219,,,0.744625985622406,,,,,,,,,,,,
7,,,,26239,,,0.11203467845916748,,,,,,,,,,,,
7,,,,26259,,,0.1607929766178131,,,,,,,,,,,,
7,,,,26279,,,0.06871629506349564,,,,,,,,,,,,
7,,,,26299,,,0.11451762169599533,,,,,,,,,,,,
7,,,,26319,,,0.18053843080997467,,,,,,,,,,,,
7,,,,26339,,,0.1531824767589569,,,,,,,,,,,,
7,,,,26359,,,0.5957791209220886,,,,,,,,,,,,
7,,,,26379,,,0.4934923052787781,,,,,,,,,,,,
7,,,,26399,,,0.08580616116523743,,,,,,,,,,,,
7,,,,26419,,,0.3616395592689514,,,,,,,,,,,,
7,,,,26439,,,0.21871696412563324,,,,,,,,,,,,
7,,,,26459,,,0.6542578339576721,,,,,,,,,,,,
7,,,,26479,,,0.03266160562634468,,,,,,,,,,,,
7,,,,26499,,,0.8262293934822083,,,,,,,,,,,,
7,,,,26519,,,0.09527397155761719,,,,,,,,,,,,
7,,,,26539,,,0.28462934494018555,,,,,,,,,,,,
7,,,,26559,,,0.7524364590644836,,,,,,,,,,,,
7,,,,26579,,,0.09615223109722137,,,,,,,,,,,,
7,,,,26599,,,0.08298758417367935,,,,,,,,,,,,
7,,,,26619,,,0.07877150177955627,,,,,,,,,,,,
7,,,,26639,,,0.15243561565876007,,,,,,,,,,,,
7,,,,26659,,,0.2620808184146881,,,,,,,,,,,,
7,,,,26679,,,0.7456402778625488,,,,,,,,,,,,
7,,,,26699,,,0.08467085659503937,,,,,,,,,,,,
7,,,,26719,,,0.40118902921676636,,,,,,,,,,,,
7,,,,26739,,,0.6222842335700989,,,,,,,,,,,,
7,,,,26759,,,0.08515594899654388,,,,,,,,,,,,
7,,,,26779,,,0.0471637137234211,,,,,,,,,,,,
7,,,,26799,,,0.12288723886013031,,,,,,,,,,,,
7,,,,26819,,,0.06130494549870491,,,,,,,,,,,,
7,,,,26839,,,0.07818175852298737,,,,,,,,,,,,
7,,,,26859,,,0.332307368516922,,,,,,,,,,,,
7,,,,26879,,,0.08115041255950928,,,,,,,,,,,,
7,,,,26899,,,0.08711418509483337,,,,,,,,,,,,
7,,,,26919,,,0.1250285506248474,,,,,,,,,,,,
7,,,,26939,,,0.21446311473846436,,,,,,,,,,,,
7,,,,26959,,,0.10220503062009811,,,,,,,,,,,,
7,,,,26979,,,0.6816988587379456,,,,,,,,,,,,
7,,,,26999,,,0.3267245292663574,,,,,,,,,,,,
7,,,,27019,,,0.4937448799610138,,,,,,,,,,,,
7,,,,27039,,,0.47715991735458374,,,,,,,,,,,,
7,,,,27059,,,0.10833339393138885,,,,,,,,,,,,
7,,,,27079,,,0.05026005953550339,,,,,,,,,,,,
7,,,,27099,,,0.3841738700866699,,,,,,,,,,,,
7,,,,27119,,,0.10740827769041061,,,,,,,,,,,,
7,,,,27139,,,0.20052215456962585,,,,,,,,,,,,
7,,,,27159,,,0.7018290162086487,,,,,,,,,,,,
7,,,,27179,,,0.6329241991043091,,,,,,,,,,,,
7,,,,27199,,,0.7290547490119934,,,,,,,,,,,,
7,,,,27219,,,0.5275084972381592,,,,,,,,,,,,
7,,,,27239,,,0.46060675382614136,,,,,,,,,,,,
7,,,,27259,,,0.3852195143699646,,,,,,,,,,,,
7,,,,27279,,,0.10143427550792694,,,,,,,,,,,,
7,,,,27299,,,0.08189330250024796,,,,,,,,,,,,
7,,,,27319,,,0.3830690085887909,,,,,,,,,,,,
7,,,,27339,,,0.4032820165157318,,,,,,,,,,,,
7,,,,27359,,,0.10412232577800751,,,,,,,,,,,,
7,,,,27379,,,0.2662507891654968,,,,,,,,,,,,
7,,,,27399,,,0.7419589757919312,,,,,,,,,,,,
7,,,,27419,,,0.20796191692352295,,,,,,,,,,,,
7,,,,27439,,,0.6834707260131836,,,,,,,,,,,,
7,,,,27459,,,0.20972120761871338,,,,,,,,,,,,
7,,,,27479,,,0.6066668033599854,,,,,,,,,,,,
7,,,,27499,,,0.05473010614514351,,,,,,,,,,,,
7,,,,27519,,,0.3579520285129547,,,,,,,,,,,,
7,,,,27539,,,0.20085567235946655,,,,,,,,,,,,
7,,,,27559,,,0.20732814073562622,,,,,,,,,,,,
7,,,,27579,,,0.6957080364227295,,,,,,,,,,,,
7,,,,27599,,,0.14451700448989868,,,,,,,,,,,,
7,,,,27619,,,0.05860700085759163,,,,,,,,,,,,
7,,,,27639,,,0.23316062986850739,,,,,,,,,,,,
7,,,,27659,,,0.6850675344467163,,,,,,,,,,,,
7,,,,27679,,,0.4601794481277466,,,,,,,,,,,,
7,,,,27699,,,0.28006964921951294,,,,,,,,,,,,
7,,,,27719,,,0.7265163660049438,,,,,,,,,,,,
7,,,,27739,,,0.06952232122421265,,,,,,,,,,,,
7,,,,27759,,,0.06735812872648239,,,,,,,,,,,,
7,,,,27779,,,0.5100461840629578,,,,,,,,,,,,
7,,,,27799,,,0.20120003819465637,,,,,,,,,,,,
7,,,,27819,,,0.6058461666107178,,,,,,,,,,,,
7,,,,27839,,,0.5397143959999084,,,,,,,,,,,,
7,,,,27855,,,,0.6635771989822388,0.8732438683509827,0.646755576133728,0.5525929927825928,0.6512776613235474,0.5387445092201233,0.6583188772201538,0.6155906915664673,0.6381999254226685,0.8261829018592834,0.525137186050415,0.6635771989822388
7,,,,27855,0.5396460294723511,0.33299267292022705,,,,,,,,,,,,,
,0.00028946647288323766,0.00028946647288323766,2.8946647288323768e-05,27856,,,,,,,,,,,,,,,
8,,,,27859,,,0.6554533839225769,,,,,,,,,,,,
8,,,,27879,,,0.3939943015575409,,,,,,,,,,,,
8,,,,27899,,,0.09458484500646591,,,,,,,,,,,,
8,,,,27919,,,0.7397305965423584,,,,,,,,,,,,
8,,,,27939,,,0.5935463905334473,,,,,,,,,,,,
8,,,,27959,,,0.6664350628852844,,,,,,,,,,,,
8,,,,27979,,,0.7605892419815063,,,,,,,,,,,,
8,,,,27999,,,0.1044575572013855,,,,,,,,,,,,
8,,,,28019,,,0.5956922173500061,,,,,,,,,,,,
8,,,,28039,,,0.4768574833869934,,,,,,,,,,,,
8,,,,28059,,,0.3520413637161255,,,,,,,,,,,,
8,,,,28079,,,0.04891345649957657,,,,,,,,,,,,
8,,,,28099,,,0.6808702945709229,,,,,,,,,,,,
8,,,,28119,,,0.5394372940063477,,,,,,,,,,,,
8,,,,28139,,,0.3006426990032196,,,,,,,,,,,,
8,,,,28159,,,0.13395339250564575,,,,,,,,,,,,
8,,,,28179,,,0.07249996066093445,,,,,,,,,,,,
8,,,,28199,,,0.7589079141616821,,,,,,,,,,,,
8,,,,28219,,,0.24180421233177185,,,,,,,,,,,,
8,,,,28239,,,0.21067270636558533,,,,,,,,,,,,
8,,,,28259,,,0.11160047352313995,,,,,,,,,,,,
8,,,,28279,,,0.7239143252372742,,,,,,,,,,,,
8,,,,28299,,,0.10541791468858719,,,,,,,,,,,,
8,,,,28319,,,0.30781444907188416,,,,,,,,,,,,
8,,,,28339,,,0.8062944412231445,,,,,,,,,,,,
8,,,,28359,,,0.7326726317405701,,,,,,,,,,,,
8,,,,28379,,,0.6286351084709167,,,,,,,,,,,,
8,,,,28399,,,0.7180988788604736,,,,,,,,,,,,
8,,,,28419,,,0.06941794604063034,,,,,,,,,,,,
8,,,,28439,,,0.22219783067703247,,,,,,,,,,,,
8,,,,28459,,,0.6915571689605713,,,,,,,,,,,,
8,,,,28479,,,0.6034486293792725,,,,,,,,,,,,
8,,,,28499,,,0.10035496950149536,,,,,,,,,,,,
8,,,,28519,,,0.691224217414856,,,,,,,,,,,,
8,,,,28539,,,0.0368339903652668,,,,,,,,,,,,
8,,,,28559,,,0.5136710405349731,,,,,,,,,,,,
8,,,,28579,,,0.08954867720603943,,,,,,,,,,,,
8,,,,28599,,,0.07124719023704529,,,,,,,,,,,,
8,,,,28619,,,0.06258784979581833,,,,,,,,,,,,
8,,,,28639,,,0.6874129176139832,,,,,,,,,,,,
8,,,,28659,,,0.16168548166751862,,,,,,,,,,,,
8,,,,28679,,,0.07098479568958282,,,,,,,,,,,,
8,,,,28699,,,0.08810453116893768,,,,,,,,,,,,
8,,,,28719,,,0.30548304319381714,,,,,,,,,,,,
8,,,,28739,,,0.05055245757102966,,,,,,,,,,,,
8,,,,28759,,,0.2901512682437897,,,,,,,,,,,,
8,,,,28779,,,0.09260524809360504,,,,,,,,,,,,
8,,,,28799,,,0.04606781154870987,,,,,,,,,,,,
8,,,,28819,,,0.07952414453029633,,,,,,,,,,,,
8,,,,28839,,,0.09535745531320572,,,,,,,,,,,,
8,,,,28859,,,0.1313517987728119,,,,,,,,,,,,
8,,,,28879,,,0.38024938106536865,,,,,,,,,,,,
8,,,,28899,,,0.5066091418266296,,,,,,,,,,,,
8,,,,28919,,,0.18041501939296722,,,,,,,,,,,,
8,,,,28939,,,0.18767815828323364,,,,,,,,,,,,
8,,,,28959,,,0.764905571937561,,,,,,,,,,,,
8,,,,28979,,,0.25195950269699097,,,,,,,,,,,,
8,,,,28999,,,0.5439714789390564,,,,,,,,,,,,
8,,,,29019,,,0.7785279750823975,,,,,,,,,,,,
8,,,,29039,,,0.24062328040599823,,,,,,,,,,,,
8,,,,29059,,,0.3944163918495178,,,,,,,,,,,,
8,,,,29079,,,0.25746625661849976,,,,,,,,,,,,
8,,,,29099,,,0.12145905196666718,,,,,,,,,,,,
8,,,,29119,,,0.07484080642461777,,,,,,,,,,,,
8,,,,29139,,,0.6578415632247925,,,,,,,,,,,,
8,,,,29159,,,0.47069358825683594,,,,,,,,,,,,
8,,,,29179,,,0.8847588300704956,,,,,,,,,,,,
8,,,,29199,,,0.7998251914978027,,,,,,,,,,,,
8,,,,29219,,,0.03919021040201187,,,,,,,,,,,,
8,,,,29239,,,0.2188604474067688,,,,,,,,,,,,
8,,,,29259,,,0.5066282749176025,,,,,,,,,,,,
8,,,,29279,,,0.0844464898109436,,,,,,,,,,,,
8,,,,29299,,,0.32119131088256836,,,,,,,,,,,,
8,,,,29319,,,0.2538454830646515,,,,,,,,,,,,
8,,,,29339,,,0.13221897184848785,,,,,,,,,,,,
8,,,,29359,,,0.29794543981552124,,,,,,,,,,,,
8,,,,29379,,,0.29441484808921814,,,,,,,,,,,,
8,,,,29399,,,0.0652882382273674,,,,,,,,,,,,
8,,,,29419,,,0.23765920102596283,,,,,,,,,,,,
8,,,,29439,,,0.34122762084007263,,,,,,,,,,,,
8,,,,29459,,,0.07358483970165253,,,,,,,,,,,,
8,,,,29479,,,0.2792639136314392,,,,,,,,,,,,
8,,,,29499,,,0.5540841817855835,,,,,,,,,,,,
8,,,,29519,,,0.7657642960548401,,,,,,,,,,,,
8,,,,29539,,,0.21237336099147797,,,,,,,,,,,,
8,,,,29559,,,0.8258060216903687,,,,,,,,,,,,
8,,,,29579,,,0.24041849374771118,,,,,,,,,,,,
8,,,,29599,,,0.580841064453125,,,,,,,,,,,,
8,,,,29619,,,0.40089988708496094,,,,,,,,,,,,
8,,,,29639,,,0.27177906036376953,,,,,,,,,,,,
8,,,,29659,,,0.6136913299560547,,,,,,,,,,,,
8,,,,29679,,,0.19402547180652618,,,,,,,,,,,,
8,,,,29699,,,0.2875014543533325,,,,,,,,,,,,
8,,,,29719,,,0.42063307762145996,,,,,,,,,,,,
8,,,,29739,,,0.2386685311794281,,,,,,,,,,,,
8,,,,29759,,,0.33022540807724,,,,,,,,,,,,
8,,,,29779,,,0.05192456394433975,,,,,,,,,,,,
8,,,,29799,,,0.07089809328317642,,,,,,,,,,,,
8,,,,29819,,,0.03435993939638138,,,,,,,,,,,,
8,,,,29839,,,0.4551614820957184,,,,,,,,,,,,
8,,,,29859,,,0.14581669867038727,,,,,,,,,,,,
8,,,,29879,,,0.277305543422699,,,,,,,,,,,,
8,,,,29899,,,0.07886429876089096,,,,,,,,,,,,
8,,,,29919,,,0.7464456558227539,,,,,,,,,,,,
8,,,,29939,,,0.7297059893608093,,,,,,,,,,,,
8,,,,29959,,,0.6350082755088806,,,,,,,,,,,,
8,,,,29979,,,0.10833702981472015,,,,,,,,,,,,
8,,,,29999,,,0.30208122730255127,,,,,,,,,,,,
8,,,,30019,,,0.23072147369384766,,,,,,,,,,,,
8,,,,30039,,,0.17323152720928192,,,,,,,,,,,,
8,,,,30059,,,0.706262469291687,,,,,,,,,,,,
8,,,,30079,,,0.06713587045669556,,,,,,,,,,,,
8,,,,30099,,,0.6668018102645874,,,,,,,,,,,,
8,,,,30119,,,0.744598925113678,,,,,,,,,,,,
8,,,,30139,,,0.7497926950454712,,,,,,,,,,,,
8,,,,30159,,,0.05793230980634689,,,,,,,,,,,,
8,,,,30179,,,0.3309677839279175,,,,,,,,,,,,
8,,,,30199,,,0.7962828874588013,,,,,,,,,,,,
8,,,,30219,,,0.694751501083374,,,,,,,,,,,,
8,,,,30239,,,0.6729600429534912,,,,,,,,,,,,
8,,,,30259,,,0.07786349207162857,,,,,,,,,,,,
8,,,,30279,,,0.2512624263763428,,,,,,,,,,,,
8,,,,30299,,,0.12475215643644333,,,,,,,,,,,,
8,,,,30319,,,0.08592164516448975,,,,,,,,,,,,
8,,,,30339,,,0.7074779272079468,,,,,,,,,,,,
8,,,,30359,,,0.05914593115448952,,,,,,,,,,,,
8,,,,30379,,,0.930722713470459,,,,,,,,,,,,
8,,,,30399,,,0.053930073976516724,,,,,,,,,,,,
8,,,,30419,,,0.7176066637039185,,,,,,,,,,,,
8,,,,30439,,,0.13339538872241974,,,,,,,,,,,,
8,,,,30459,,,0.22069206833839417,,,,,,,,,,,,
8,,,,30479,,,0.1778133660554886,,,,,,,,,,,,
8,,,,30499,,,0.6278774738311768,,,,,,,,,,,,
8,,,,30519,,,0.11118127405643463,,,,,,,,,,,,
8,,,,30539,,,0.08463997393846512,,,,,,,,,,,,
8,,,,30559,,,0.054468780755996704,,,,,,,,,,,,
8,,,,30579,,,0.03372165933251381,,,,,,,,,,,,
8,,,,30599,,,0.08016891032457352,,,,,,,,,,,,
8,,,,30619,,,0.0780545026063919,,,,,,,,,,,,
8,,,,30639,,,0.298024445772171,,,,,,,,,,,,
8,,,,30659,,,0.8262602686882019,,,,,,,,,,,,
8,,,,30679,,,0.049867842346429825,,,,,,,,,,,,
8,,,,30699,,,0.07199730724096298,,,,,,,,,,,,
8,,,,30719,,,0.12674376368522644,,,,,,,,,,,,
8,,,,30739,,,0.5035369396209717,,,,,,,,,,,,
8,,,,30759,,,0.3983127474784851,,,,,,,,,,,,
8,,,,30779,,,0.026354456320405006,,,,,,,,,,,,
8,,,,30799,,,0.14532102644443512,,,,,,,,,,,,
8,,,,30819,,,0.7405017614364624,,,,,,,,,,,,
8,,,,30839,,,0.7048588991165161,,,,,,,,,,,,
8,,,,30859,,,0.4106348156929016,,,,,,,,,,,,
8,,,,30879,,,0.41247180104255676,,,,,,,,,,,,
8,,,,30899,,,0.6398687362670898,,,,,,,,,,,,
8,,,,30919,,,0.4940429925918579,,,,,,,,,,,,
8,,,,30939,,,0.14322099089622498,,,,,,,,,,,,
8,,,,30959,,,0.08569962531328201,,,,,,,,,,,,
8,,,,30979,,,0.06113129109144211,,,,,,,,,,,,
8,,,,30999,,,0.39202195405960083,,,,,,,,,,,,
8,,,,31019,,,0.6818132400512695,,,,,,,,,,,,
8,,,,31039,,,0.3561708927154541,,,,,,,,,,,,
8,,,,31059,,,0.7038032412528992,,,,,,,,,,,,
8,,,,31079,,,0.7953671216964722,,,,,,,,,,,,
8,,,,31099,,,0.11217378079891205,,,,,,,,,,,,
8,,,,31119,,,0.13071589171886444,,,,,,,,,,,,
8,,,,31139,,,0.7438019514083862,,,,,,,,,,,,
8,,,,31159,,,0.657447099685669,,,,,,,,,,,,
8,,,,31179,,,0.46677398681640625,,,,,,,,,,,,
8,,,,31199,,,0.8570495247840881,,,,,,,,,,,,
8,,,,31219,,,0.5159561038017273,,,,,,,,,,,,
8,,,,31239,,,0.57170569896698,,,,,,,,,,,,
8,,,,31259,,,0.1751948595046997,,,,,,,,,,,,
8,,,,31279,,,0.6747804880142212,,,,,,,,,,,,
8,,,,31299,,,0.7542524933815002,,,,,,,,,,,,
8,,,,31319,,,0.1649554967880249,,,,,,,,,,,,
8,,,,31337,,,,0.6214293241500854,0.8319953680038452,0.6126834154129028,0.7501484751701355,0.6196629405021667,0.5115267038345337,0.6402900218963623,0.5801011919975281,0.648431122303009,0.8186481595039368,0.4314712584018707,0.6214293241500854
8,,,,31337,0.5284631252288818,0.33377915620803833,,,,,,,,,,,,,
,0.0002814460020065795,0.0002814460020065795,2.814460020065795e-05,31338,,,,,,,,,,,,,,,
9,,,,31339,,,0.6817485690116882,,,,,,,,,,,,
9,,,,31359,,,0.7251565456390381,,,,,,,,,,,,
9,,,,31379,,,0.491615891456604,,,,,,,,,,,,
9,,,,31399,,,0.24573390185832977,,,,,,,,,,,,
9,,,,31419,,,0.20718373358249664,,,,,,,,,,,,
9,,,,31439,,,0.46079590916633606,,,,,,,,,,,,
9,,,,31459,,,0.6375675201416016,,,,,,,,,,,,
9,,,,31479,,,0.48616987466812134,,,,,,,,,,,,
9,,,,31499,,,0.2085571140050888,,,,,,,,,,,,
9,,,,31519,,,0.723019003868103,,,,,,,,,,,,
9,,,,31539,,,0.15238070487976074,,,,,,,,,,,,
9,,,,31559,,,0.7764208912849426,,,,,,,,,,,,
9,,,,31579,,,0.788742184638977,,,,,,,,,,,,
9,,,,31599,,,0.4326484799385071,,,,,,,,,,,,
9,,,,31619,,,0.8820499777793884,,,,,,,,,,,,
9,,,,31639,,,0.048051681369543076,,,,,,,,,,,,
9,,,,31659,,,0.8157118558883667,,,,,,,,,,,,
9,,,,31679,,,0.7657984495162964,,,,,,,,,,,,
9,,,,31699,,,0.708916962146759,,,,,,,,,,,,
9,,,,31719,,,0.3196171522140503,,,,,,,,,,,,
9,,,,31739,,,0.6838929653167725,,,,,,,,,,,,
9,,,,31759,,,0.10692677646875381,,,,,,,,,,,,
9,,,,31779,,,0.09593713283538818,,,,,,,,,,,,
9,,,,31799,,,0.06957157701253891,,,,,,,,,,,,
9,,,,31819,,,0.6742602586746216,,,,,,,,,,,,
9,,,,31839,,,0.7884421348571777,,,,,,,,,,,,
9,,,,31859,,,0.09540669620037079,,,,,,,,,,,,
9,,,,31879,,,0.05163517966866493,,,,,,,,,,,,
9,,,,31899,,,0.27334630489349365,,,,,,,,,,,,
9,,,,31919,,,0.24509446322917938,,,,,,,,,,,,
9,,,,31939,,,0.2770256996154785,,,,,,,,,,,,
9,,,,31959,,,0.08935674279928207,,,,,,,,,,,,
9,,,,31979,,,0.711705207824707,,,,,,,,,,,,
9,,,,31999,,,0.07822419703006744,,,,,,,,,,,,
9,,,,32019,,,0.050818976014852524,,,,,,,,,,,,
9,,,,32039,,,0.02951202727854252,,,,,,,,,,,,
9,,,,32059,,,0.31767985224723816,,,,,,,,,,,,
9,,,,32079,,,0.7069041728973389,,,,,,,,,,,,
9,,,,32099,,,0.1643313616514206,,,,,,,,,,,,
9,,,,32119,,,0.0755358636379242,,,,,,,,,,,,
9,,,,32139,,,0.7454197406768799,,,,,,,,,,,,
9,,,,32159,,,0.4788592457771301,,,,,,,,,,,,
9,,,,32179,,,0.3986334204673767,,,,,,,,,,,,
9,,,,32199,,,0.5475859642028809,,,,,,,,,,,,
9,,,,32219,,,0.3959187865257263,,,,,,,,,,,,
9,,,,32239,,,0.19266380369663239,,,,,,,,,,,,
9,,,,32259,,,0.06011536717414856,,,,,,,,,,,,
9,,,,32279,,,0.05548658221960068,,,,,,,,,,,,
9,,,,32299,,,0.05373875051736832,,,,,,,,,,,,
9,,,,32319,,,0.3560953140258789,,,,,,,,,,,,
9,,,,32339,,,0.036404773592948914,,,,,,,,,,,,
9,,,,32359,,,0.7021167278289795,,,,,,,,,,,,
9,,,,32379,,,0.03197382763028145,,,,,,,,,,,,
9,,,,32399,,,0.6002184152603149,,,,,,,,,,,,
9,,,,32419,,,0.5748459100723267,,,,,,,,,,,,
9,,,,32439,,,0.16685539484024048,,,,,,,,,,,,
9,,,,32459,,,0.33680981397628784,,,,,,,,,,,,
9,,,,32479,,,0.04586615785956383,,,,,,,,,,,,
9,,,,32499,,,0.09169308841228485,,,,,,,,,,,,
9,,,,32519,,,0.4284551739692688,,,,,,,,,,,,
9,,,,32539,,,0.19364763796329498,,,,,,,,,,,,
9,,,,32559,,,0.18523454666137695,,,,,,,,,,,,
9,,,,32579,,,0.11510609835386276,,,,,,,,,,,,
9,,,,32599,,,0.24492624402046204,,,,,,,,,,,,
9,,,,32619,,,0.6054845452308655,,,,,,,,,,,,
9,,,,32639,,,0.059157244861125946,,,,,,,,,,,,
9,,,,32659,,,0.7371773719787598,,,,,,,,,,,,
9,,,,32679,,,0.26890841126441956,,,,,,,,,,,,
9,,,,32699,,,0.6066181659698486,,,,,,,,,,,,
9,,,,32719,,,0.6343162059783936,,,,,,,,,,,,
9,,,,32739,,,0.7508038282394409,,,,,,,,,,,,
9,,,,32759,,,0.3783854842185974,,,,,,,,,,,,
9,,,,32779,,,0.03814838454127312,,,,,,,,,,,,
9,,,,32799,,,0.04553109407424927,,,,,,,,,,,,
