epoch,lr-AdamW/pg1,lr-AdamW/pg2,step,test/acc,test/auroc,test/f1,test/loss,test/macro_precision,test/mcc,test/recall,train/acc,train/loss_epoch,train/loss_step,val/acc,val/auroc,val/f1,val/loss,val/macro_precision,val/mcc,val/precision_c0,val/precision_c1,val/recall
,3.75e-05,3.75e-05,0,,,,,,,,,,,,,,,,,,,
0,,,19,,,,,,,,,,0.6709365248680115,,,,,,,,,
0,,,39,,,,,,,,,,0.5074272155761719,,,,,,,,,
0,,,59,,,,,,,,,,0.44252943992614746,,,,,,,,,
0,,,79,,,,,,,,,,0.49303632974624634,,,,,,,,,
0,,,99,,,,,,,,,,0.4836057126522064,,,,,,,,,
0,,,119,,,,,,,,,,0.40853580832481384,,,,,,,,,
0,,,139,,,,,,,,,,0.3905097544193268,,,,,,,,,
0,,,159,,,,,,,,,,0.3990063965320587,,,,,,,,,
0,,,179,,,,,,,,,,0.43742361664772034,,,,,,,,,
0,,,199,,,,,,,,,,0.35637366771698,,,,,,,,,
0,,,219,,,,,,,,,,0.38696202635765076,,,,,,,,,
0,,,239,,,,,,,,,,0.3272501826286316,,,,,,,,,
0,,,259,,,,,,,,,,0.4442598521709442,,,,,,,,,
0,,,279,,,,,,,,,,0.35696807503700256,,,,,,,,,
0,,,299,,,,,,,,,,0.3986518383026123,,,,,,,,,
0,,,319,,,,,,,,,,0.4580650329589844,,,,,,,,,
0,,,339,,,,,,,,,,0.3765292167663574,,,,,,,,,
0,,,359,,,,,,,,,,0.41567423939704895,,,,,,,,,
0,,,379,,,,,,,,,,0.24624896049499512,,,,,,,,,
0,,,399,,,,,,,,,,0.2995826005935669,,,,,,,,,
0,,,419,,,,,,,,,,0.37644216418266296,,,,,,,,,
0,,,439,,,,,,,,,,0.34421664476394653,,,,,,,,,
0,,,459,,,,,,,,,,0.3259989023208618,,,,,,,,,
0,,,479,,,,,,,,,,0.48534637689590454,,,,,,,,,
0,,,499,,,,,,,,,,0.37341004610061646,,,,,,,,,
0,,,519,,,,,,,,,,0.28921496868133545,,,,,,,,,
0,,,539,,,,,,,,,,0.30827686190605164,,,,,,,,,
0,,,559,,,,,,,,,,0.34882286190986633,,,,,,,,,
0,,,579,,,,,,,,,,0.37339794635772705,,,,,,,,,
0,,,599,,,,,,,,,,0.2570844888687134,,,,,,,,,
0,,,619,,,,,,,,,,0.2658192217350006,,,,,,,,,
0,,,639,,,,,,,,,,0.2927055358886719,,,,,,,,,
0,,,659,,,,,,,,,,0.34333866834640503,,,,,,,,,
0,,,679,,,,,,,,,,0.3208274245262146,,,,,,,,,
0,,,699,,,,,,,,,,0.3063795566558838,,,,,,,,,
0,,,719,,,,,,,,,,0.3860223889350891,,,,,,,,,
0,,,739,,,,,,,,,,0.3561016321182251,,,,,,,,,
0,,,759,,,,,,,,,,0.22223183512687683,,,,,,,,,
0,,,779,,,,,,,,,,0.31666299700737,,,,,,,,,
0,,,799,,,,,,,,,,0.29461735486984253,,,,,,,,,
0,,,819,,,,,,,,,,0.3482729494571686,,,,,,,,,
0,,,839,,,,,,,,,,0.4283943772315979,,,,,,,,,
0,,,859,,,,,,,,,,0.25196996331214905,,,,,,,,,
0,,,879,,,,,,,,,,0.3234102129936218,,,,,,,,,
0,,,899,,,,,,,,,,0.22394460439682007,,,,,,,,,
0,,,919,,,,,,,,,,0.3723531663417816,,,,,,,,,
0,,,939,,,,,,,,,,0.3968922793865204,,,,,,,,,
0,,,959,,,,,,,,,,0.3309749364852905,,,,,,,,,
0,,,979,,,,,,,,,,0.2872077226638794,,,,,,,,,
0,,,999,,,,,,,,,,0.3098825216293335,,,,,,,,,
0,,,1019,,,,,,,,,,0.26105180382728577,,,,,,,,,
0,,,1039,,,,,,,,,,0.33881235122680664,,,,,,,,,
0,,,1059,,,,,,,,,,0.26405707001686096,,,,,,,,,
0,,,1079,,,,,,,,,,0.2205403596162796,,,,,,,,,
0,,,1099,,,,,,,,,,0.31756988167762756,,,,,,,,,
0,,,1119,,,,,,,,,,0.3115280866622925,,,,,,,,,
0,,,1139,,,,,,,,,,0.2973616123199463,,,,,,,,,
0,,,1159,,,,,,,,,,0.26056236028671265,,,,,,,,,
0,,,1179,,,,,,,,,,0.3180559277534485,,,,,,,,,
0,,,1199,,,,,,,,,,0.44449397921562195,,,,,,,,,
0,,,1219,,,,,,,,,,0.26394566893577576,,,,,,,,,
0,,,1239,,,,,,,,,,0.3557426333427429,,,,,,,,,
0,,,1259,,,,,,,,,,0.2676500380039215,,,,,,,,,
0,,,1279,,,,,,,,,,0.3223944306373596,,,,,,,,,
0,,,1299,,,,,,,,,,0.37576696276664734,,,,,,,,,
0,,,1319,,,,,,,,,,0.37094756960868835,,,,,,,,,
0,,,1339,,,,,,,,,,0.3383839726448059,,,,,,,,,
0,,,1359,,,,,,,,,,0.22383078932762146,,,,,,,,,
0,,,1379,,,,,,,,,,0.4782482981681824,,,,,,,,,
0,,,1399,,,,,,,,,,0.3130642771720886,,,,,,,,,
0,,,1419,,,,,,,,,,0.3400489091873169,,,,,,,,,
0,,,1439,,,,,,,,,,0.34966734051704407,,,,,,,,,
0,,,1459,,,,,,,,,,0.2652890384197235,,,,,,,,,
0,,,1479,,,,,,,,,,0.220902219414711,,,,,,,,,
0,,,1499,,,,,,,,,,0.28277742862701416,,,,,,,,,
0,,,1519,,,,,,,,,,0.35971012711524963,,,,,,,,,
0,,,1539,,,,,,,,,,0.22977584600448608,,,,,,,,,
0,,,1559,,,,,,,,,,0.2654154896736145,,,,,,,,,
0,,,1579,,,,,,,,,,0.2644231617450714,,,,,,,,,
0,,,1599,,,,,,,,,,0.28003281354904175,,,,,,,,,
0,,,1619,,,,,,,,,,0.3530777096748352,,,,,,,,,
0,,,1639,,,,,,,,,,0.3362444043159485,,,,,,,,,
0,,,1659,,,,,,,,,,0.5524111390113831,,,,,,,,,
0,,,1679,,,,,,,,,,0.33134937286376953,,,,,,,,,
0,,,1699,,,,,,,,,,0.2654297947883606,,,,,,,,,
0,,,1719,,,,,,,,,,0.36418649554252625,,,,,,,,,
0,,,1739,,,,,,,,,,0.24440477788448334,,,,,,,,,
0,,,1759,,,,,,,,,,0.46028193831443787,,,,,,,,,
0,,,1779,,,,,,,,,,0.2538558542728424,,,,,,,,,
0,,,1799,,,,,,,,,,0.2362118661403656,,,,,,,,,
0,,,1819,,,,,,,,,,0.3773636221885681,,,,,,,,,
0,,,1839,,,,,,,,,,0.28315481543540955,,,,,,,,,
0,,,1859,,,,,,,,,,0.3177171051502228,,,,,,,,,
0,,,1879,,,,,,,,,,0.39776140451431274,,,,,,,,,
0,,,1899,,,,,,,,,,0.38219553232192993,,,,,,,,,
0,,,1919,,,,,,,,,,0.204819917678833,,,,,,,,,
0,,,1939,,,,,,,,,,0.38559725880622864,,,,,,,,,
0,,,1959,,,,,,,,,,0.3062831461429596,,,,,,,,,
0,,,1979,,,,,,,,,,0.2579280138015747,,,,,,,,,
0,,,1999,,,,,,,,,,0.3326188921928406,,,,,,,,,
0,,,2019,,,,,,,,,,0.19026902318000793,,,,,,,,,
0,,,2039,,,,,,,,,,0.1554739773273468,,,,,,,,,
0,,,2059,,,,,,,,,,0.2103283703327179,,,,,,,,,
0,,,2079,,,,,,,,,,0.3813280463218689,,,,,,,,,
0,,,2099,,,,,,,,,,0.35794469714164734,,,,,,,,,
0,,,2119,,,,,,,,,,0.29321467876434326,,,,,,,,,
0,,,2139,,,,,,,,,,0.4412493109703064,,,,,,,,,
0,,,2159,,,,,,,,,,0.41388630867004395,,,,,,,,,
0,,,2179,,,,,,,,,,0.2557547092437744,,,,,,,,,
0,,,2199,,,,,,,,,,0.3203039765357971,,,,,,,,,
0,,,2219,,,,,,,,,,0.33511048555374146,,,,,,,,,
0,,,2239,,,,,,,,,,0.32448720932006836,,,,,,,,,
0,,,2259,,,,,,,,,,0.36593854427337646,,,,,,,,,
0,,,2279,,,,,,,,,,0.4323248267173767,,,,,,,,,
0,,,2299,,,,,,,,,,0.28707149624824524,,,,,,,,,
0,,,2319,,,,,,,,,,0.29035696387290955,,,,,,,,,
0,,,2339,,,,,,,,,,0.4439904987812042,,,,,,,,,
0,,,2359,,,,,,,,,,0.31636402010917664,,,,,,,,,
0,,,2379,,,,,,,,,,0.23477716743946075,,,,,,,,,
0,,,2399,,,,,,,,,,0.2687608301639557,,,,,,,,,
0,,,2419,,,,,,,,,,0.2119402289390564,,,,,,,,,
0,,,2439,,,,,,,,,,0.33633488416671753,,,,,,,,,
0,,,2459,,,,,,,,,,0.41286778450012207,,,,,,,,,
0,,,2479,,,,,,,,,,0.33067721128463745,,,,,,,,,
0,,,2499,,,,,,,,,,0.30981940031051636,,,,,,,,,
0,,,2519,,,,,,,,,,0.2934260964393616,,,,,,,,,
0,,,2539,,,,,,,,,,0.4503348171710968,,,,,,,,,
0,,,2559,,,,,,,,,,0.3743383586406708,,,,,,,,,
0,,,2579,,,,,,,,,,0.20591488480567932,,,,,,,,,
0,,,2599,,,,,,,,,,0.344956636428833,,,,,,,,,
0,,,2619,,,,,,,,,,0.34351885318756104,,,,,,,,,
0,,,2639,,,,,,,,,,0.3748391568660736,,,,,,,,,
0,,,2659,,,,,,,,,,0.46431079506874084,,,,,,,,,
0,,,2679,,,,,,,,,,0.2615869641304016,,,,,,,,,
0,,,2699,,,,,,,,,,0.36568644642829895,,,,,,,,,
0,,,2719,,,,,,,,,,0.2747437655925751,,,,,,,,,
0,,,2739,,,,,,,,,,0.34074047207832336,,,,,,,,,
0,,,2759,,,,,,,,,,0.2574990391731262,,,,,,,,,
0,,,2779,,,,,,,,,,0.28911522030830383,,,,,,,,,
0,,,2799,,,,,,,,,,0.2509787082672119,,,,,,,,,
0,,,2819,,,,,,,,,,0.2319551706314087,,,,,,,,,
0,,,2839,,,,,,,,,,0.2837882339954376,,,,,,,,,
0,,,2859,,,,,,,,,,0.3514218330383301,,,,,,,,,
0,,,2879,,,,,,,,,,0.29841285943984985,,,,,,,,,
0,,,2899,,,,,,,,,,0.24345280230045319,,,,,,,,,
0,,,2919,,,,,,,,,,0.19683481752872467,,,,,,,,,
0,,,2939,,,,,,,,,,0.1889379471540451,,,,,,,,,
0,,,2959,,,,,,,,,,0.3424578309059143,,,,,,,,,
0,,,2979,,,,,,,,,,0.1975805163383484,,,,,,,,,
0,,,2999,,,,,,,,,,0.30818504095077515,,,,,,,,,
0,,,3019,,,,,,,,,,0.3731784224510193,,,,,,,,,
0,,,3039,,,,,,,,,,0.25642532110214233,,,,,,,,,
0,,,3059,,,,,,,,,,0.24606139957904816,,,,,,,,,
0,,,3079,,,,,,,,,,0.24196183681488037,,,,,,,,,
0,,,3099,,,,,,,,,,0.2805292010307312,,,,,,,,,
0,,,3119,,,,,,,,,,0.33676448464393616,,,,,,,,,
0,,,3139,,,,,,,,,,0.41857194900512695,,,,,,,,,
0,,,3159,,,,,,,,,,0.21873106062412262,,,,,,,,,
0,,,3179,,,,,,,,,,0.21577215194702148,,,,,,,,,
0,,,3199,,,,,,,,,,0.2530088424682617,,,,,,,,,
0,,,3219,,,,,,,,,,0.33936992287635803,,,,,,,,,
0,,,3239,,,,,,,,,,0.45519736409187317,,,,,,,,,
0,,,3259,,,,,,,,,,0.3328530490398407,,,,,,,,,
0,,,3279,,,,,,,,,,0.27278026938438416,,,,,,,,,
0,,,3299,,,,,,,,,,0.34875988960266113,,,,,,,,,
0,,,3319,,,,,,,,,,0.15003304183483124,,,,,,,,,
0,,,3339,,,,,,,,,,0.30264484882354736,,,,,,,,,
0,,,3359,,,,,,,,,,0.27433493733406067,,,,,,,,,
0,,,3379,,,,,,,,,,0.3454399108886719,,,,,,,,,
0,,,3399,,,,,,,,,,0.2667854428291321,,,,,,,,,
0,,,3419,,,,,,,,,,0.3036409020423889,,,,,,,,,
0,,,3439,,,,,,,,,,0.2811259329319,,,,,,,,,
0,,,3459,,,,,,,,,,0.3817617893218994,,,,,,,,,
0,,,3479,,,,,,,,,,0.337436705827713,,,,,,,,,
0,,,3499,,,,,,,,,,0.38349172472953796,,,,,,,,,
0,,,3504,,,,,,,,,,,0.6522799730300903,0.8639140129089355,0.5390260219573975,0.8937907218933105,0.6971005797386169,0.3464936316013336,0.4240652024745941,0.9701359868049622,0.6522799730300903
0,,,3504,,,,,,,,0.8414921760559082,0.3200971186161041,,,,,,,,,,
,7.5e-05,7.5e-05,3505,,,,,,,,,,,,,,,,,,,
1,,,3519,,,,,,,,,,0.285440057516098,,,,,,,,,
1,,,3539,,,,,,,,,,0.37701407074928284,,,,,,,,,
1,,,3559,,,,,,,,,,0.19456131756305695,,,,,,,,,
1,,,3579,,,,,,,,,,0.29198887944221497,,,,,,,,,
1,,,3599,,,,,,,,,,0.21662548184394836,,,,,,,,,
1,,,3619,,,,,,,,,,0.2333979457616806,,,,,,,,,
1,,,3639,,,,,,,,,,0.2821863293647766,,,,,,,,,
1,,,3659,,,,,,,,,,0.24776460230350494,,,,,,,,,
1,,,3679,,,,,,,,,,0.2649337351322174,,,,,,,,,
1,,,3699,,,,,,,,,,0.23751510679721832,,,,,,,,,
1,,,3719,,,,,,,,,,0.2805773615837097,,,,,,,,,
1,,,3739,,,,,,,,,,0.24962595105171204,,,,,,,,,
1,,,3759,,,,,,,,,,0.2743210792541504,,,,,,,,,
1,,,3779,,,,,,,,,,0.2819555401802063,,,,,,,,,
1,,,3799,,,,,,,,,,0.22052741050720215,,,,,,,,,
1,,,3819,,,,,,,,,,0.29631391167640686,,,,,,,,,
1,,,3839,,,,,,,,,,0.2635192573070526,,,,,,,,,
1,,,3859,,,,,,,,,,0.20015358924865723,,,,,,,,,
1,,,3879,,,,,,,,,,0.35298794507980347,,,,,,,,,
1,,,3899,,,,,,,,,,0.2882190942764282,,,,,,,,,
1,,,3919,,,,,,,,,,0.21958866715431213,,,,,,,,,
1,,,3939,,,,,,,,,,0.3564382791519165,,,,,,,,,
1,,,3959,,,,,,,,,,0.32672828435897827,,,,,,,,,
1,,,3979,,,,,,,,,,0.2523503601551056,,,,,,,,,
1,,,3999,,,,,,,,,,0.16390861570835114,,,,,,,,,
1,,,4019,,,,,,,,,,0.25144344568252563,,,,,,,,,
1,,,4039,,,,,,,,,,0.27609995007514954,,,,,,,,,
1,,,4059,,,,,,,,,,0.3963068723678589,,,,,,,,,
1,,,4079,,,,,,,,,,0.2799946963787079,,,,,,,,,
1,,,4099,,,,,,,,,,0.23574946820735931,,,,,,,,,
1,,,4119,,,,,,,,,,0.2954176664352417,,,,,,,,,
1,,,4139,,,,,,,,,,0.2535536289215088,,,,,,,,,
1,,,4159,,,,,,,,,,0.19861626625061035,,,,,,,,,
1,,,4179,,,,,,,,,,0.32278111577033997,,,,,,,,,
1,,,4199,,,,,,,,,,0.1842600405216217,,,,,,,,,
1,,,4219,,,,,,,,,,0.2080376297235489,,,,,,,,,
1,,,4239,,,,,,,,,,0.20296145975589752,,,,,,,,,
1,,,4259,,,,,,,,,,0.1658356785774231,,,,,,,,,
1,,,4279,,,,,,,,,,0.2321186065673828,,,,,,,,,
1,,,4299,,,,,,,,,,0.21426725387573242,,,,,,,,,
1,,,4319,,,,,,,,,,0.2007683515548706,,,,,,,,,
1,,,4339,,,,,,,,,,0.21496081352233887,,,,,,,,,
1,,,4359,,,,,,,,,,0.3465484082698822,,,,,,,,,
1,,,4379,,,,,,,,,,0.19189423322677612,,,,,,,,,
1,,,4399,,,,,,,,,,0.2866675555706024,,,,,,,,,
1,,,4419,,,,,,,,,,0.26011067628860474,,,,,,,,,
1,,,4439,,,,,,,,,,0.1866205781698227,,,,,,,,,
1,,,4459,,,,,,,,,,0.22531060874462128,,,,,,,,,
1,,,4479,,,,,,,,,,0.2380998134613037,,,,,,,,,
1,,,4499,,,,,,,,,,0.1676977276802063,,,,,,,,,
1,,,4519,,,,,,,,,,0.34844642877578735,,,,,,,,,
1,,,4539,,,,,,,,,,0.10567983984947205,,,,,,,,,
1,,,4559,,,,,,,,,,0.2147875726222992,,,,,,,,,
1,,,4579,,,,,,,,,,0.329500287771225,,,,,,,,,
1,,,4599,,,,,,,,,,0.22112718224525452,,,,,,,,,
1,,,4619,,,,,,,,,,0.2959667146205902,,,,,,,,,
1,,,4639,,,,,,,,,,0.2782157063484192,,,,,,,,,
1,,,4659,,,,,,,,,,0.28444796800613403,,,,,,,,,
1,,,4679,,,,,,,,,,0.218586266040802,,,,,,,,,
1,,,4699,,,,,,,,,,0.4487221837043762,,,,,,,,,
1,,,4719,,,,,,,,,,0.15348605811595917,,,,,,,,,
1,,,4739,,,,,,,,,,0.22006762027740479,,,,,,,,,
1,,,4759,,,,,,,,,,0.22854964435100555,,,,,,,,,
1,,,4779,,,,,,,,,,0.17372678220272064,,,,,,,,,
1,,,4799,,,,,,,,,,0.28209853172302246,,,,,,,,,
1,,,4819,,,,,,,,,,0.3535621464252472,,,,,,,,,
1,,,4839,,,,,,,,,,0.1801033616065979,,,,,,,,,
1,,,4859,,,,,,,,,,0.18282772600650787,,,,,,,,,
1,,,4879,,,,,,,,,,0.2811695635318756,,,,,,,,,
1,,,4899,,,,,,,,,,0.25749459862709045,,,,,,,,,
1,,,4919,,,,,,,,,,0.443697452545166,,,,,,,,,
1,,,4939,,,,,,,,,,0.2675621509552002,,,,,,,,,
1,,,4959,,,,,,,,,,0.14205218851566315,,,,,,,,,
1,,,4979,,,,,,,,,,0.18640272319316864,,,,,,,,,
1,,,4999,,,,,,,,,,0.24883578717708588,,,,,,,,,
1,,,5019,,,,,,,,,,0.23850414156913757,,,,,,,,,
1,,,5039,,,,,,,,,,0.22455865144729614,,,,,,,,,
1,,,5059,,,,,,,,,,0.2140164077281952,,,,,,,,,
1,,,5079,,,,,,,,,,0.2942212224006653,,,,,,,,,
1,,,5099,,,,,,,,,,0.33532100915908813,,,,,,,,,
1,,,5119,,,,,,,,,,0.16435551643371582,,,,,,,,,
1,,,5139,,,,,,,,,,0.30420398712158203,,,,,,,,,
1,,,5159,,,,,,,,,,0.2457484006881714,,,,,,,,,
1,,,5179,,,,,,,,,,0.27665624022483826,,,,,,,,,
1,,,5199,,,,,,,,,,0.5023210048675537,,,,,,,,,
1,,,5219,,,,,,,,,,0.2752305865287781,,,,,,,,,
1,,,5239,,,,,,,,,,0.2580544352531433,,,,,,,,,
1,,,5259,,,,,,,,,,0.36877715587615967,,,,,,,,,
1,,,5279,,,,,,,,,,0.17181071639060974,,,,,,,,,
1,,,5299,,,,,,,,,,0.26551762223243713,,,,,,,,,
1,,,5319,,,,,,,,,,0.24436092376708984,,,,,,,,,
1,,,5339,,,,,,,,,,0.2628498375415802,,,,,,,,,
1,,,5359,,,,,,,,,,0.20724329352378845,,,,,,,,,
1,,,5379,,,,,,,,,,0.2753296196460724,,,,,,,,,
1,,,5399,,,,,,,,,,0.13094477355480194,,,,,,,,,
1,,,5419,,,,,,,,,,0.1366249918937683,,,,,,,,,
1,,,5439,,,,,,,,,,0.10881958156824112,,,,,,,,,
1,,,5459,,,,,,,,,,0.31409168243408203,,,,,,,,,
1,,,5479,,,,,,,,,,0.19472868740558624,,,,,,,,,
1,,,5499,,,,,,,,,,0.17406392097473145,,,,,,,,,
1,,,5519,,,,,,,,,,0.15301746129989624,,,,,,,,,
1,,,5539,,,,,,,,,,0.1311832219362259,,,,,,,,,
1,,,5559,,,,,,,,,,0.2815375030040741,,,,,,,,,
1,,,5579,,,,,,,,,,0.4191814064979553,,,,,,,,,
1,,,5599,,,,,,,,,,0.32706043124198914,,,,,,,,,
1,,,5619,,,,,,,,,,0.18170107901096344,,,,,,,,,
1,,,5639,,,,,,,,,,0.14042223989963531,,,,,,,,,
1,,,5659,,,,,,,,,,0.2769073247909546,,,,,,,,,
1,,,5679,,,,,,,,,,0.12534625828266144,,,,,,,,,
1,,,5699,,,,,,,,,,0.20653751492500305,,,,,,,,,
1,,,5719,,,,,,,,,,0.18808284401893616,,,,,,,,,
1,,,5739,,,,,,,,,,0.17327159643173218,,,,,,,,,
1,,,5759,,,,,,,,,,0.17900915443897247,,,,,,,,,
1,,,5779,,,,,,,,,,0.14945119619369507,,,,,,,,,
1,,,5799,,,,,,,,,,0.11029713600873947,,,,,,,,,
1,,,5819,,,,,,,,,,0.1813323199748993,,,,,,,,,
1,,,5839,,,,,,,,,,0.2055327445268631,,,,,,,,,
1,,,5859,,,,,,,,,,0.2596144676208496,,,,,,,,,
1,,,5879,,,,,,,,,,0.19335375726222992,,,,,,,,,
1,,,5899,,,,,,,,,,0.243244007229805,,,,,,,,,
1,,,5919,,,,,,,,,,0.14151683449745178,,,,,,,,,
1,,,5939,,,,,,,,,,0.175852969288826,,,,,,,,,
1,,,5959,,,,,,,,,,0.3514454662799835,,,,,,,,,
1,,,5979,,,,,,,,,,0.20069162547588348,,,,,,,,,
1,,,5999,,,,,,,,,,0.3591676354408264,,,,,,,,,
1,,,6019,,,,,,,,,,0.18369437754154205,,,,,,,,,
1,,,6039,,,,,,,,,,0.15159952640533447,,,,,,,,,
1,,,6059,,,,,,,,,,0.22970537841320038,,,,,,,,,
1,,,6079,,,,,,,,,,0.45040467381477356,,,,,,,,,
1,,,6099,,,,,,,,,,0.3165844678878784,,,,,,,,,
1,,,6119,,,,,,,,,,0.3214383125305176,,,,,,,,,
1,,,6139,,,,,,,,,,0.2574716806411743,,,,,,,,,
1,,,6159,,,,,,,,,,0.14203551411628723,,,,,,,,,
1,,,6179,,,,,,,,,,0.3532054126262665,,,,,,,,,
1,,,6199,,,,,,,,,,0.20085303485393524,,,,,,,,,
1,,,6219,,,,,,,,,,0.1765693575143814,,,,,,,,,
1,,,6239,,,,,,,,,,0.26238879561424255,,,,,,,,,
1,,,6259,,,,,,,,,,0.18764594197273254,,,,,,,,,
1,,,6279,,,,,,,,,,0.32744160294532776,,,,,,,,,
1,,,6299,,,,,,,,,,0.2238125503063202,,,,,,,,,
1,,,6319,,,,,,,,,,0.19554005563259125,,,,,,,,,
1,,,6339,,,,,,,,,,0.11460970342159271,,,,,,,,,
1,,,6359,,,,,,,,,,0.09898672997951508,,,,,,,,,
1,,,6379,,,,,,,,,,0.3615228235721588,,,,,,,,,
1,,,6399,,,,,,,,,,0.15673112869262695,,,,,,,,,
1,,,6419,,,,,,,,,,0.2033763825893402,,,,,,,,,
1,,,6439,,,,,,,,,,0.25120675563812256,,,,,,,,,
1,,,6459,,,,,,,,,,0.1771012246608734,,,,,,,,,
1,,,6479,,,,,,,,,,0.20409739017486572,,,,,,,,,
1,,,6499,,,,,,,,,,0.1957196593284607,,,,,,,,,
1,,,6519,,,,,,,,,,0.33089888095855713,,,,,,,,,
1,,,6539,,,,,,,,,,0.22354207932949066,,,,,,,,,
1,,,6559,,,,,,,,,,0.18781782686710358,,,,,,,,,
1,,,6579,,,,,,,,,,0.17367082834243774,,,,,,,,,
1,,,6599,,,,,,,,,,0.13738079369068146,,,,,,,,,
1,,,6619,,,,,,,,,,0.1530856192111969,,,,,,,,,
1,,,6639,,,,,,,,,,0.3479093015193939,,,,,,,,,
1,,,6659,,,,,,,,,,0.1796337217092514,,,,,,,,,
1,,,6679,,,,,,,,,,0.10199831426143646,,,,,,,,,
1,,,6699,,,,,,,,,,0.18221279978752136,,,,,,,,,
1,,,6719,,,,,,,,,,0.28589239716529846,,,,,,,,,
1,,,6739,,,,,,,,,,0.21673163771629333,,,,,,,,,
1,,,6759,,,,,,,,,,0.1486092358827591,,,,,,,,,
1,,,6779,,,,,,,,,,0.11228544265031815,,,,,,,,,
1,,,6799,,,,,,,,,,0.15599589049816132,,,,,,,,,
1,,,6819,,,,,,,,,,0.19741567969322205,,,,,,,,,
1,,,6839,,,,,,,,,,0.11307783424854279,,,,,,,,,
1,,,6859,,,,,,,,,,0.18987450003623962,,,,,,,,,
1,,,6879,,,,,,,,,,0.1998508721590042,,,,,,,,,
1,,,6899,,,,,,,,,,0.17578479647636414,,,,,,,,,
1,,,6919,,,,,,,,,,0.23353703320026398,,,,,,,,,
1,,,6939,,,,,,,,,,0.17632700502872467,,,,,,,,,
1,,,6959,,,,,,,,,,0.10181242972612381,,,,,,,,,
1,,,6979,,,,,,,,,,0.26324349641799927,,,,,,,,,
1,,,6999,,,,,,,,,,0.3491191565990448,,,,,,,,,
1,,,7009,,,,,,,,,,,0.8200974464416504,0.9105724096298218,0.7726659774780273,0.4397442042827606,0.7868353724479675,0.6060207486152649,0.607517421245575,0.9661533236503601,0.8200974464416504
1,,,7009,,,,,,,,0.8892291188240051,0.2439965456724167,,,,,,,,,,
,0.0001125,0.0001125,7010,,,,,,,,,,,,,,,,,,,
2,,,7019,,,,,,,,,,0.18116270005702972,,,,,,,,,
2,,,7039,,,,,,,,,,0.20081451535224915,,,,,,,,,
2,,,7059,,,,,,,,,,0.18563662469387054,,,,,,,,,
2,,,7079,,,,,,,,,,0.1658521145582199,,,,,,,,,
2,,,7099,,,,,,,,,,0.20435674488544464,,,,,,,,,
2,,,7119,,,,,,,,,,0.2659496068954468,,,,,,,,,
2,,,7139,,,,,,,,,,0.11427295953035355,,,,,,,,,
2,,,7159,,,,,,,,,,0.20179802179336548,,,,,,,,,
2,,,7179,,,,,,,,,,0.2214471846818924,,,,,,,,,
2,,,7199,,,,,,,,,,0.1772376149892807,,,,,,,,,
2,,,7219,,,,,,,,,,0.10661659389734268,,,,,,,,,
2,,,7239,,,,,,,,,,0.16439050436019897,,,,,,,,,
2,,,7259,,,,,,,,,,0.2397235780954361,,,,,,,,,
2,,,7279,,,,,,,,,,0.33372461795806885,,,,,,,,,
2,,,7299,,,,,,,,,,0.20800931751728058,,,,,,,,,
2,,,7319,,,,,,,,,,0.34527158737182617,,,,,,,,,
2,,,7339,,,,,,,,,,0.24962565302848816,,,,,,,,,
2,,,7359,,,,,,,,,,0.2093844711780548,,,,,,,,,
2,,,7379,,,,,,,,,,0.2507731318473816,,,,,,,,,
2,,,7399,,,,,,,,,,0.14435167610645294,,,,,,,,,
2,,,7419,,,,,,,,,,0.4148120582103729,,,,,,,,,
2,,,7439,,,,,,,,,,0.16183215379714966,,,,,,,,,
2,,,7459,,,,,,,,,,0.24279944598674774,,,,,,,,,
2,,,7479,,,,,,,,,,0.3202413320541382,,,,,,,,,
2,,,7499,,,,,,,,,,0.3425673544406891,,,,,,,,,
2,,,7519,,,,,,,,,,0.23362845182418823,,,,,,,,,
2,,,7539,,,,,,,,,,0.3552982807159424,,,,,,,,,
2,,,7559,,,,,,,,,,0.18691742420196533,,,,,,,,,
2,,,7579,,,,,,,,,,0.18580248951911926,,,,,,,,,
2,,,7599,,,,,,,,,,0.18842792510986328,,,,,,,,,
2,,,7619,,,,,,,,,,0.26306042075157166,,,,,,,,,
2,,,7639,,,,,,,,,,0.24443672597408295,,,,,,,,,
2,,,7659,,,,,,,,,,0.3185924291610718,,,,,,,,,
2,,,7679,,,,,,,,,,0.10159168392419815,,,,,,,,,
2,,,7699,,,,,,,,,,0.41274669766426086,,,,,,,,,
2,,,7719,,,,,,,,,,0.21632081270217896,,,,,,,,,
2,,,7739,,,,,,,,,,0.12496130168437958,,,,,,,,,
2,,,7759,,,,,,,,,,0.12402771413326263,,,,,,,,,
2,,,7779,,,,,,,,,,0.1749991774559021,,,,,,,,,
2,,,7799,,,,,,,,,,0.3246805667877197,,,,,,,,,
2,,,7819,,,,,,,,,,0.20044811069965363,,,,,,,,,
2,,,7839,,,,,,,,,,0.1687057614326477,,,,,,,,,
2,,,7859,,,,,,,,,,0.11431198567152023,,,,,,,,,
2,,,7879,,,,,,,,,,0.2359180897474289,,,,,,,,,
2,,,7899,,,,,,,,,,0.19656825065612793,,,,,,,,,
2,,,7919,,,,,,,,,,0.1277691274881363,,,,,,,,,
2,,,7939,,,,,,,,,,0.1427375227212906,,,,,,,,,
2,,,7959,,,,,,,,,,0.25427064299583435,,,,,,,,,
2,,,7979,,,,,,,,,,0.31382447481155396,,,,,,,,,
2,,,7999,,,,,,,,,,0.24297574162483215,,,,,,,,,
2,,,8019,,,,,,,,,,0.32538098096847534,,,,,,,,,
2,,,8039,,,,,,,,,,0.15068848431110382,,,,,,,,,
2,,,8059,,,,,,,,,,0.1195225790143013,,,,,,,,,
2,,,8079,,,,,,,,,,0.19713468849658966,,,,,,,,,
2,,,8099,,,,,,,,,,0.2535606026649475,,,,,,,,,
2,,,8119,,,,,,,,,,0.14278271794319153,,,,,,,,,
2,,,8139,,,,,,,,,,0.2238173484802246,,,,,,,,,
2,,,8159,,,,,,,,,,0.4123412072658539,,,,,,,,,
2,,,8179,,,,,,,,,,0.07419033348560333,,,,,,,,,
2,,,8199,,,,,,,,,,0.15450330078601837,,,,,,,,,
2,,,8219,,,,,,,,,,0.25156378746032715,,,,,,,,,
2,,,8239,,,,,,,,,,0.22724083065986633,,,,,,,,,
2,,,8259,,,,,,,,,,0.20827773213386536,,,,,,,,,
2,,,8279,,,,,,,,,,0.3309914171695709,,,,,,,,,
2,,,8299,,,,,,,,,,0.13978666067123413,,,,,,,,,
2,,,8319,,,,,,,,,,0.3150792717933655,,,,,,,,,
2,,,8339,,,,,,,,,,0.25353243947029114,,,,,,,,,
2,,,8359,,,,,,,,,,0.2156030535697937,,,,,,,,,
2,,,8379,,,,,,,,,,0.25102606415748596,,,,,,,,,
2,,,8399,,,,,,,,,,0.22458282113075256,,,,,,,,,
2,,,8419,,,,,,,,,,0.2252192199230194,,,,,,,,,
2,,,8439,,,,,,,,,,0.34708213806152344,,,,,,,,,
2,,,8459,,,,,,,,,,0.10185042023658752,,,,,,,,,
2,,,8479,,,,,,,,,,0.1671660840511322,,,,,,,,,
2,,,8499,,,,,,,,,,0.17298005521297455,,,,,,,,,
2,,,8519,,,,,,,,,,0.221979022026062,,,,,,,,,
2,,,8539,,,,,,,,,,0.16890381276607513,,,,,,,,,
2,,,8559,,,,,,,,,,0.1679282784461975,,,,,,,,,
2,,,8579,,,,,,,,,,0.16919414699077606,,,,,,,,,
2,,,8599,,,,,,,,,,0.13919566571712494,,,,,,,,,
2,,,8619,,,,,,,,,,0.30627959966659546,,,,,,,,,
2,,,8639,,,,,,,,,,0.3789003789424896,,,,,,,,,
2,,,8659,,,,,,,,,,0.21362102031707764,,,,,,,,,
2,,,8679,,,,,,,,,,0.18957825005054474,,,,,,,,,
2,,,8699,,,,,,,,,,0.19851772487163544,,,,,,,,,
2,,,8719,,,,,,,,,,0.18290871381759644,,,,,,,,,
2,,,8739,,,,,,,,,,0.30078980326652527,,,,,,,,,
2,,,8759,,,,,,,,,,0.24640794098377228,,,,,,,,,
2,,,8779,,,,,,,,,,0.214918315410614,,,,,,,,,
2,,,8799,,,,,,,,,,0.43591538071632385,,,,,,,,,
2,,,8819,,,,,,,,,,0.22603854537010193,,,,,,,,,
2,,,8839,,,,,,,,,,0.40189075469970703,,,,,,,,,
2,,,8859,,,,,,,,,,0.45019420981407166,,,,,,,,,
2,,,8879,,,,,,,,,,0.36770525574684143,,,,,,,,,
2,,,8899,,,,,,,,,,0.21288123726844788,,,,,,,,,
2,,,8919,,,,,,,,,,0.16335858404636383,,,,,,,,,
2,,,8939,,,,,,,,,,0.13383790850639343,,,,,,,,,
2,,,8959,,,,,,,,,,0.1716960221529007,,,,,,,,,
2,,,8979,,,,,,,,,,0.22139573097229004,,,,,,,,,
2,,,8999,,,,,,,,,,0.3969692885875702,,,,,,,,,
2,,,9019,,,,,,,,,,0.20673230290412903,,,,,,,,,
2,,,9039,,,,,,,,,,0.2532086968421936,,,,,,,,,
2,,,9059,,,,,,,,,,0.3331013023853302,,,,,,,,,
2,,,9079,,,,,,,,,,0.09543982148170471,,,,,,,,,
2,,,9099,,,,,,,,,,0.3672086298465729,,,,,,,,,
2,,,9119,,,,,,,,,,0.14829032123088837,,,,,,,,,
2,,,9139,,,,,,,,,,0.22291958332061768,,,,,,,,,
2,,,9159,,,,,,,,,,0.1834597885608673,,,,,,,,,
2,,,9179,,,,,,,,,,0.18991777300834656,,,,,,,,,
2,,,9199,,,,,,,,,,0.20759433507919312,,,,,,,,,
2,,,9219,,,,,,,,,,0.37784844636917114,,,,,,,,,
2,,,9239,,,,,,,,,,0.30513447523117065,,,,,,,,,
2,,,9259,,,,,,,,,,0.3142772316932678,,,,,,,,,
2,,,9279,,,,,,,,,,0.24531669914722443,,,,,,,,,
2,,,9299,,,,,,,,,,0.14565831422805786,,,,,,,,,
2,,,9319,,,,,,,,,,0.27133211493492126,,,,,,,,,
2,,,9339,,,,,,,,,,0.22902318835258484,,,,,,,,,
2,,,9359,,,,,,,,,,0.3080126941204071,,,,,,,,,
2,,,9379,,,,,,,,,,0.18517188727855682,,,,,,,,,
2,,,9399,,,,,,,,,,0.15364927053451538,,,,,,,,,
2,,,9419,,,,,,,,,,0.16610784828662872,,,,,,,,,
2,,,9439,,,,,,,,,,0.1912064105272293,,,,,,,,,
2,,,9459,,,,,,,,,,0.22591882944107056,,,,,,,,,
2,,,9479,,,,,,,,,,0.1402662843465805,,,,,,,,,
2,,,9499,,,,,,,,,,0.12967447936534882,,,,,,,,,
2,,,9519,,,,,,,,,,0.26899170875549316,,,,,,,,,
2,,,9539,,,,,,,,,,0.17152538895606995,,,,,,,,,
2,,,9559,,,,,,,,,,0.1998191773891449,,,,,,,,,
2,,,9579,,,,,,,,,,0.21607589721679688,,,,,,,,,
2,,,9599,,,,,,,,,,0.17721128463745117,,,,,,,,,
2,,,9619,,,,,,,,,,0.16243231296539307,,,,,,,,,
2,,,9639,,,,,,,,,,0.22294557094573975,,,,,,,,,
2,,,9659,,,,,,,,,,0.13224905729293823,,,,,,,,,
2,,,9679,,,,,,,,,,0.14596647024154663,,,,,,,,,
2,,,9699,,,,,,,,,,0.18955454230308533,,,,,,,,,
2,,,9719,,,,,,,,,,0.4234445095062256,,,,,,,,,
2,,,9739,,,,,,,,,,0.211564302444458,,,,,,,,,
2,,,9759,,,,,,,,,,0.3484216034412384,,,,,,,,,
2,,,9779,,,,,,,,,,0.3303177058696747,,,,,,,,,
2,,,9799,,,,,,,,,,0.1975509077310562,,,,,,,,,
2,,,9819,,,,,,,,,,0.227751225233078,,,,,,,,,
2,,,9839,,,,,,,,,,0.14486728608608246,,,,,,,,,
2,,,9859,,,,,,,,,,0.17024177312850952,,,,,,,,,
2,,,9879,,,,,,,,,,0.19337764382362366,,,,,,,,,
2,,,9899,,,,,,,,,,0.16469576954841614,,,,,,,,,
2,,,9919,,,,,,,,,,0.18738608062267303,,,,,,,,,
2,,,9939,,,,,,,,,,0.08017279207706451,,,,,,,,,
2,,,9959,,,,,,,,,,0.13960790634155273,,,,,,,,,
2,,,9979,,,,,,,,,,0.17955191433429718,,,,,,,,,
2,,,9999,,,,,,,,,,0.15545699000358582,,,,,,,,,
2,,,10019,,,,,,,,,,0.18061168491840363,,,,,,,,,
2,,,10039,,,,,,,,,,0.1355765461921692,,,,,,,,,
2,,,10059,,,,,,,,,,0.18973121047019958,,,,,,,,,
2,,,10079,,,,,,,,,,0.32419827580451965,,,,,,,,,
2,,,10099,,,,,,,,,,0.13620775938034058,,,,,,,,,
2,,,10119,,,,,,,,,,0.16546812653541565,,,,,,,,,
2,,,10139,,,,,,,,,,0.23708580434322357,,,,,,,,,
2,,,10159,,,,,,,,,,0.15274657309055328,,,,,,,,,
2,,,10179,,,,,,,,,,0.10026814788579941,,,,,,,,,
2,,,10199,,,,,,,,,,0.2409859001636505,,,,,,,,,
2,,,10219,,,,,,,,,,0.1539458930492401,,,,,,,,,
2,,,10239,,,,,,,,,,0.14703458547592163,,,,,,,,,
2,,,10259,,,,,,,,,,0.1734761893749237,,,,,,,,,
2,,,10279,,,,,,,,,,0.364044189453125,,,,,,,,,
2,,,10299,,,,,,,,,,0.16805365681648254,,,,,,,,,
2,,,10319,,,,,,,,,,0.21792498230934143,,,,,,,,,
2,,,10339,,,,,,,,,,0.16250592470169067,,,,,,,,,
2,,,10359,,,,,,,,,,0.2379324734210968,,,,,,,,,
2,,,10379,,,,,,,,,,0.2052685022354126,,,,,,,,,
2,,,10399,,,,,,,,,,0.1350121647119522,,,,,,,,,
2,,,10419,,,,,,,,,,0.12037374079227448,,,,,,,,,
2,,,10439,,,,,,,,,,0.19855408370494843,,,,,,,,,
2,,,10459,,,,,,,,,,0.3250758945941925,,,,,,,,,
2,,,10479,,,,,,,,,,0.1521083563566208,,,,,,,,,
2,,,10499,,,,,,,,,,0.18500439822673798,,,,,,,,,
2,,,10514,,,,,,,,,,,0.8331985473632812,0.9251697659492493,0.8334962129592896,0.4641702473163605,0.8337972164154053,0.6669954061508179,0.7803230285644531,0.8872713446617126,0.8331985473632812
2,,,10514,,,,,,,,0.9082324504852295,0.20907042920589447,,,,,,,,,,
,0.00015,0.00015,10515,,,,,,,,,,,,,,,,,,,
3,,,10519,,,,,,,,,,0.36217188835144043,,,,,,,,,
3,,,10539,,,,,,,,,,0.16899918019771576,,,,,,,,,
3,,,10559,,,,,,,,,,0.2143951952457428,,,,,,,,,
3,,,10579,,,,,,,,,,0.1826605200767517,,,,,,,,,
3,,,10599,,,,,,,,,,0.1479465365409851,,,,,,,,,
3,,,10619,,,,,,,,,,0.10684281587600708,,,,,,,,,
3,,,10639,,,,,,,,,,0.1523818075656891,,,,,,,,,
3,,,10659,,,,,,,,,,0.32689157128334045,,,,,,,,,
3,,,10679,,,,,,,,,,0.2776123285293579,,,,,,,,,
3,,,10699,,,,,,,,,,0.10383199155330658,,,,,,,,,
3,,,10719,,,,,,,,,,0.19229549169540405,,,,,,,,,
3,,,10739,,,,,,,,,,0.11527754366397858,,,,,,,,,
3,,,10759,,,,,,,,,,0.21656009554862976,,,,,,,,,
3,,,10779,,,,,,,,,,0.3163812458515167,,,,,,,,,
3,,,10799,,,,,,,,,,0.2910468578338623,,,,,,,,,
3,,,10819,,,,,,,,,,0.219697043299675,,,,,,,,,
3,,,10839,,,,,,,,,,0.28778204321861267,,,,,,,,,
3,,,10859,,,,,,,,,,0.2298772931098938,,,,,,,,,
3,,,10879,,,,,,,,,,0.17713789641857147,,,,,,,,,
3,,,10899,,,,,,,,,,0.3456611931324005,,,,,,,,,
3,,,10919,,,,,,,,,,0.14086678624153137,,,,,,,,,
3,,,10939,,,,,,,,,,0.114336758852005,,,,,,,,,
3,,,10959,,,,,,,,,,0.226505309343338,,,,,,,,,
3,,,10979,,,,,,,,,,0.23588216304779053,,,,,,,,,
3,,,10999,,,,,,,,,,0.22803854942321777,,,,,,,,,
3,,,11019,,,,,,,,,,0.35074687004089355,,,,,,,,,
3,,,11039,,,,,,,,,,0.09386199712753296,,,,,,,,,
3,,,11059,,,,,,,,,,0.2203233540058136,,,,,,,,,
3,,,11079,,,,,,,,,,0.14185301959514618,,,,,,,,,
3,,,11099,,,,,,,,,,0.2952774465084076,,,,,,,,,
3,,,11119,,,,,,,,,,0.26746365427970886,,,,,,,,,
3,,,11139,,,,,,,,,,0.14354771375656128,,,,,,,,,
3,,,11159,,,,,,,,,,0.10181654989719391,,,,,,,,,
3,,,11179,,,,,,,,,,0.19806677103042603,,,,,,,,,
3,,,11199,,,,,,,,,,0.13857850432395935,,,,,,,,,
3,,,11219,,,,,,,,,,0.14745917916297913,,,,,,,,,
3,,,11239,,,,,,,,,,0.117055244743824,,,,,,,,,
3,,,11259,,,,,,,,,,0.21916648745536804,,,,,,,,,
3,,,11279,,,,,,,,,,0.19084587693214417,,,,,,,,,
3,,,11299,,,,,,,,,,0.358415424823761,,,,,,,,,
3,,,11319,,,,,,,,,,0.15656620264053345,,,,,,,,,
3,,,11339,,,,,,,,,,0.17902891337871552,,,,,,,,,
3,,,11359,,,,,,,,,,0.23370377719402313,,,,,,,,,
3,,,11379,,,,,,,,,,0.20015853643417358,,,,,,,,,
3,,,11399,,,,,,,,,,0.26009732484817505,,,,,,,,,
3,,,11419,,,,,,,,,,0.12358585745096207,,,,,,,,,
3,,,11439,,,,,,,,,,0.2019147425889969,,,,,,,,,
3,,,11459,,,,,,,,,,0.13083353638648987,,,,,,,,,
3,,,11479,,,,,,,,,,0.08243642002344131,,,,,,,,,
3,,,11499,,,,,,,,,,0.21051131188869476,,,,,,,,,
3,,,11519,,,,,,,,,,0.15469691157341003,,,,,,,,,
3,,,11539,,,,,,,,,,0.2602832317352295,,,,,,,,,
3,,,11559,,,,,,,,,,0.3131573796272278,,,,,,,,,
3,,,11579,,,,,,,,,,0.10657083243131638,,,,,,,,,
3,,,11599,,,,,,,,,,0.5849891304969788,,,,,,,,,
3,,,11619,,,,,,,,,,0.21493229269981384,,,,,,,,,
3,,,11639,,,,,,,,,,0.23223653435707092,,,,,,,,,
3,,,11659,,,,,,,,,,0.18003666400909424,,,,,,,,,
3,,,11679,,,,,,,,,,0.270455926656723,,,,,,,,,
3,,,11699,,,,,,,,,,0.1695593297481537,,,,,,,,,
3,,,11719,,,,,,,,,,0.2415391206741333,,,,,,,,,
3,,,11739,,,,,,,,,,0.20958009362220764,,,,,,,,,
3,,,11759,,,,,,,,,,0.2974504232406616,,,,,,,,,
3,,,11779,,,,,,,,,,0.22059479355812073,,,,,,,,,
3,,,11799,,,,,,,,,,0.22293084859848022,,,,,,,,,
3,,,11819,,,,,,,,,,0.13728222250938416,,,,,,,,,
3,,,11839,,,,,,,,,,0.2847094237804413,,,,,,,,,
3,,,11859,,,,,,,,,,0.20094524323940277,,,,,,,,,
3,,,11879,,,,,,,,,,0.3504253923892975,,,,,,,,,
3,,,11899,,,,,,,,,,0.17196716368198395,,,,,,,,,
3,,,11919,,,,,,,,,,0.2109578251838684,,,,,,,,,
3,,,11939,,,,,,,,,,0.21350879967212677,,,,,,,,,
3,,,11959,,,,,,,,,,0.28510230779647827,,,,,,,,,
3,,,11979,,,,,,,,,,0.1774921864271164,,,,,,,,,
3,,,11999,,,,,,,,,,0.16041003167629242,,,,,,,,,
3,,,12019,,,,,,,,,,0.15661312639713287,,,,,,,,,
3,,,12039,,,,,,,,,,0.11921181529760361,,,,,,,,,
3,,,12059,,,,,,,,,,0.10956685245037079,,,,,,,,,
3,,,12079,,,,,,,,,,0.2237803041934967,,,,,,,,,
3,,,12099,,,,,,,,,,0.3420158326625824,,,,,,,,,
3,,,12119,,,,,,,,,,0.27923667430877686,,,,,,,,,
3,,,12139,,,,,,,,,,0.10806230455636978,,,,,,,,,
3,,,12159,,,,,,,,,,0.34322747588157654,,,,,,,,,
3,,,12179,,,,,,,,,,0.2057773619890213,,,,,,,,,
3,,,12199,,,,,,,,,,0.24586643278598785,,,,,,,,,
3,,,12219,,,,,,,,,,0.2974039912223816,,,,,,,,,
3,,,12239,,,,,,,,,,0.10926412045955658,,,,,,,,,
3,,,12259,,,,,,,,,,0.13884474337100983,,,,,,,,,
3,,,12279,,,,,,,,,,0.23638959228992462,,,,,,,,,
3,,,12299,,,,,,,,,,0.060839176177978516,,,,,,,,,
3,,,12319,,,,,,,,,,0.15987925231456757,,,,,,,,,
3,,,12339,,,,,,,,,,0.16249927878379822,,,,,,,,,
3,,,12359,,,,,,,,,,0.14834152162075043,,,,,,,,,
3,,,12379,,,,,,,,,,0.11462285369634628,,,,,,,,,
3,,,12399,,,,,,,,,,0.27333396673202515,,,,,,,,,
3,,,12419,,,,,,,,,,0.1928355097770691,,,,,,,,,
3,,,12439,,,,,,,,,,0.2270350307226181,,,,,,,,,
3,,,12459,,,,,,,,,,0.15426671504974365,,,,,,,,,
3,,,12479,,,,,,,,,,0.08721495419740677,,,,,,,,,
3,,,12499,,,,,,,,,,0.31490081548690796,,,,,,,,,
3,,,12519,,,,,,,,,,0.11176392436027527,,,,,,,,,
3,,,12539,,,,,,,,,,0.2262972891330719,,,,,,,,,
3,,,12559,,,,,,,,,,0.1671791821718216,,,,,,,,,
3,,,12579,,,,,,,,,,0.18863514065742493,,,,,,,,,
3,,,12599,,,,,,,,,,0.25671637058258057,,,,,,,,,
3,,,12619,,,,,,,,,,0.15739791095256805,,,,,,,,,
3,,,12639,,,,,,,,,,0.09728971123695374,,,,,,,,,
3,,,12659,,,,,,,,,,0.21909628808498383,,,,,,,,,
3,,,12679,,,,,,,,,,0.19406281411647797,,,,,,,,,
3,,,12699,,,,,,,,,,0.2577102780342102,,,,,,,,,
3,,,12719,,,,,,,,,,0.17591895163059235,,,,,,,,,
3,,,12739,,,,,,,,,,0.14440204203128815,,,,,,,,,
3,,,12759,,,,,,,,,,0.17031924426555634,,,,,,,,,
3,,,12779,,,,,,,,,,0.1717691421508789,,,,,,,,,
3,,,12799,,,,,,,,,,0.21545204520225525,,,,,,,,,
3,,,12819,,,,,,,,,,0.10570865124464035,,,,,,,,,
3,,,12839,,,,,,,,,,0.08101338148117065,,,,,,,,,
3,,,12859,,,,,,,,,,0.3039320707321167,,,,,,,,,
3,,,12879,,,,,,,,,,0.14471623301506042,,,,,,,,,
3,,,12899,,,,,,,,,,0.13144494593143463,,,,,,,,,
3,,,12919,,,,,,,,,,0.09630413353443146,,,,,,,,,
3,,,12939,,,,,,,,,,0.1068795770406723,,,,,,,,,
3,,,12959,,,,,,,,,,0.1993086189031601,,,,,,,,,
3,,,12979,,,,,,,,,,0.16600026190280914,,,,,,,,,
3,,,12999,,,,,,,,,,0.11020833253860474,,,,,,,,,
3,,,13019,,,,,,,,,,0.27907752990722656,,,,,,,,,
3,,,13039,,,,,,,,,,0.13553106784820557,,,,,,,,,
3,,,13059,,,,,,,,,,0.13179758191108704,,,,,,,,,
3,,,13079,,,,,,,,,,0.3486578166484833,,,,,,,,,
3,,,13099,,,,,,,,,,0.2839522361755371,,,,,,,,,
3,,,13119,,,,,,,,,,0.13342681527137756,,,,,,,,,
3,,,13139,,,,,,,,,,0.09269211441278458,,,,,,,,,
3,,,13159,,,,,,,,,,0.17406955361366272,,,,,,,,,
3,,,13179,,,,,,,,,,0.13849039375782013,,,,,,,,,
3,,,13199,,,,,,,,,,0.17699475586414337,,,,,,,,,
3,,,13219,,,,,,,,,,0.1136367991566658,,,,,,,,,
3,,,13239,,,,,,,,,,0.21770596504211426,,,,,,,,,
3,,,13259,,,,,,,,,,0.2902325391769409,,,,,,,,,
3,,,13279,,,,,,,,,,0.24312478303909302,,,,,,,,,
3,,,13299,,,,,,,,,,0.14972449839115143,,,,,,,,,
3,,,13319,,,,,,,,,,0.18397636711597443,,,,,,,,,
3,,,13339,,,,,,,,,,0.07192830741405487,,,,,,,,,
3,,,13359,,,,,,,,,,0.22878903150558472,,,,,,,,,
3,,,13379,,,,,,,,,,0.14967134594917297,,,,,,,,,
3,,,13399,,,,,,,,,,0.18147388100624084,,,,,,,,,
3,,,13419,,,,,,,,,,0.21504159271717072,,,,,,,,,
3,,,13439,,,,,,,,,,0.2433914840221405,,,,,,,,,
3,,,13459,,,,,,,,,,0.09937307983636856,,,,,,,,,
3,,,13479,,,,,,,,,,0.16612125933170319,,,,,,,,,
3,,,13499,,,,,,,,,,0.09964462369680405,,,,,,,,,
3,,,13519,,,,,,,,,,0.23071317374706268,,,,,,,,,
3,,,13539,,,,,,,,,,0.31442341208457947,,,,,,,,,
3,,,13559,,,,,,,,,,0.28080469369888306,,,,,,,,,
3,,,13579,,,,,,,,,,0.1240847259759903,,,,,,,,,
3,,,13599,,,,,,,,,,0.16962797939777374,,,,,,,,,
3,,,13619,,,,,,,,,,0.1366368979215622,,,,,,,,,
3,,,13639,,,,,,,,,,0.4107932448387146,,,,,,,,,
3,,,13659,,,,,,,,,,0.29588189721107483,,,,,,,,,
3,,,13679,,,,,,,,,,0.35536012053489685,,,,,,,,,
3,,,13699,,,,,,,,,,0.19769692420959473,,,,,,,,,
3,,,13719,,,,,,,,,,0.27223753929138184,,,,,,,,,
3,,,13739,,,,,,,,,,0.08636791259050369,,,,,,,,,
3,,,13759,,,,,,,,,,0.26610609889030457,,,,,,,,,
3,,,13779,,,,,,,,,,0.18030200898647308,,,,,,,,,
3,,,13799,,,,,,,,,,0.11819654703140259,,,,,,,,,
3,,,13819,,,,,,,,,,0.18467381596565247,,,,,,,,,
3,,,13839,,,,,,,,,,0.13997676968574524,,,,,,,,,
3,,,13859,,,,,,,,,,0.1439966857433319,,,,,,,,,
3,,,13879,,,,,,,,,,0.22526131570339203,,,,,,,,,
3,,,13899,,,,,,,,,,0.11580031365156174,,,,,,,,,
3,,,13919,,,,,,,,,,0.15214845538139343,,,,,,,,,
3,,,13939,,,,,,,,,,0.14010067284107208,,,,,,,,,
3,,,13959,,,,,,,,,,0.16700951755046844,,,,,,,,,
3,,,13979,,,,,,,,,,0.15999847650527954,,,,,,,,,
3,,,13999,,,,,,,,,,0.17246420681476593,,,,,,,,,
3,,,14019,,,,,,,,,,0.2761252820491791,,,,,,,,,
3,,,14019,,,,,,,,,,,0.7891826629638672,0.9029510617256165,0.796288013458252,0.64426589012146,0.8059879541397095,0.5949333906173706,0.7634268403053284,0.8485490679740906,0.7891826629638672
3,,,14019,,,,,,,,0.9168913960456848,0.19273634254932404,,,,,,,,,,
,0.00018749999999999998,0.00018749999999999998,14020,,,,,,,,,,,,,,,,,,,
4,,,14039,,,,,,,,,,0.1571507751941681,,,,,,,,,
4,,,14059,,,,,,,,,,0.10341638326644897,,,,,,,,,
4,,,14079,,,,,,,,,,0.15833570063114166,,,,,,,,,
4,,,14099,,,,,,,,,,0.18516099452972412,,,,,,,,,
4,,,14119,,,,,,,,,,0.18987247347831726,,,,,,,,,
4,,,14139,,,,,,,,,,0.27117350697517395,,,,,,,,,
4,,,14159,,,,,,,,,,0.12034735828638077,,,,,,,,,
4,,,14179,,,,,,,,,,0.19205322861671448,,,,,,,,,
4,,,14199,,,,,,,,,,0.295756995677948,,,,,,,,,
4,,,14219,,,,,,,,,,0.25586482882499695,,,,,,,,,
4,,,14239,,,,,,,,,,0.21446526050567627,,,,,,,,,
4,,,14259,,,,,,,,,,0.12070748209953308,,,,,,,,,
4,,,14279,,,,,,,,,,0.3169269561767578,,,,,,,,,
4,,,14299,,,,,,,,,,0.22823546826839447,,,,,,,,,
4,,,14319,,,,,,,,,,0.1819159984588623,,,,,,,,,
4,,,14339,,,,,,,,,,0.18221130967140198,,,,,,,,,
4,,,14359,,,,,,,,,,0.20962747931480408,,,,,,,,,
4,,,14379,,,,,,,,,,0.3223911225795746,,,,,,,,,
4,,,14399,,,,,,,,,,0.2708858549594879,,,,,,,,,
4,,,14419,,,,,,,,,,0.13104325532913208,,,,,,,,,
4,,,14439,,,,,,,,,,0.18092548847198486,,,,,,,,,
4,,,14459,,,,,,,,,,0.12694932520389557,,,,,,,,,
4,,,14479,,,,,,,,,,0.2035512924194336,,,,,,,,,
4,,,14499,,,,,,,,,,0.16320809721946716,,,,,,,,,
4,,,14519,,,,,,,,,,0.2143651396036148,,,,,,,,,
4,,,14539,,,,,,,,,,0.2427549958229065,,,,,,,,,
4,,,14559,,,,,,,,,,0.15765531361103058,,,,,,,,,
4,,,14579,,,,,,,,,,0.120152048766613,,,,,,,,,
4,,,14599,,,,,,,,,,0.19463127851486206,,,,,,,,,
4,,,14619,,,,,,,,,,0.1531454622745514,,,,,,,,,
4,,,14639,,,,,,,,,,0.3621784448623657,,,,,,,,,
4,,,14659,,,,,,,,,,0.11654548346996307,,,,,,,,,
4,,,14679,,,,,,,,,,0.1560998409986496,,,,,,,,,
4,,,14699,,,,,,,,,,0.3251127600669861,,,,,,,,,
4,,,14719,,,,,,,,,,0.11510944366455078,,,,,,,,,
4,,,14739,,,,,,,,,,0.25617703795433044,,,,,,,,,
4,,,14759,,,,,,,,,,0.2442007064819336,,,,,,,,,
4,,,14779,,,,,,,,,,0.26649147272109985,,,,,,,,,
4,,,14799,,,,,,,,,,0.22995701432228088,,,,,,,,,
4,,,14819,,,,,,,,,,0.10526120662689209,,,,,,,,,
4,,,14839,,,,,,,,,,0.314797580242157,,,,,,,,,
4,,,14859,,,,,,,,,,0.27956336736679077,,,,,,,,,
4,,,14879,,,,,,,,,,0.3009417653083801,,,,,,,,,
4,,,14899,,,,,,,,,,0.13243649899959564,,,,,,,,,
4,,,14919,,,,,,,,,,0.11165395379066467,,,,,,,,,
4,,,14939,,,,,,,,,,0.13064298033714294,,,,,,,,,
4,,,14959,,,,,,,,,,0.27903804183006287,,,,,,,,,
4,,,14979,,,,,,,,,,0.09319598972797394,,,,,,,,,
4,,,14999,,,,,,,,,,0.24515113234519958,,,,,,,,,
4,,,15019,,,,,,,,,,0.10851892828941345,,,,,,,,,
4,,,15039,,,,,,,,,,0.19857433438301086,,,,,,,,,
4,,,15059,,,,,,,,,,0.29634642601013184,,,,,,,,,
4,,,15079,,,,,,,,,,0.1320386826992035,,,,,,,,,
4,,,15099,,,,,,,,,,0.20651483535766602,,,,,,,,,
4,,,15119,,,,,,,,,,0.3569071590900421,,,,,,,,,
4,,,15139,,,,,,,,,,0.18344423174858093,,,,,,,,,
4,,,15159,,,,,,,,,,0.07882578670978546,,,,,,,,,
4,,,15179,,,,,,,,,,0.1609041839838028,,,,,,,,,
4,,,15199,,,,,,,,,,0.31641456484794617,,,,,,,,,
4,,,15219,,,,,,,,,,0.11115865409374237,,,,,,,,,
4,,,15239,,,,,,,,,,0.07592234760522842,,,,,,,,,
4,,,15259,,,,,,,,,,0.14304108917713165,,,,,,,,,
4,,,15279,,,,,,,,,,0.2718600034713745,,,,,,,,,
4,,,15299,,,,,,,,,,0.15908214449882507,,,,,,,,,
4,,,15319,,,,,,,,,,0.07828395068645477,,,,,,,,,
4,,,15339,,,,,,,,,,0.25018423795700073,,,,,,,,,
4,,,15359,,,,,,,,,,0.30623531341552734,,,,,,,,,
4,,,15379,,,,,,,,,,0.13920825719833374,,,,,,,,,
4,,,15399,,,,,,,,,,0.36477911472320557,,,,,,,,,
4,,,15419,,,,,,,,,,0.16251184046268463,,,,,,,,,
4,,,15439,,,,,,,,,,0.164306178689003,,,,,,,,,
4,,,15459,,,,,,,,,,0.26086610555648804,,,,,,,,,
4,,,15479,,,,,,,,,,0.1761297732591629,,,,,,,,,
4,,,15499,,,,,,,,,,0.0664554238319397,,,,,,,,,
4,,,15519,,,,,,,,,,0.09784290194511414,,,,,,,,,
4,,,15539,,,,,,,,,,0.17294670641422272,,,,,,,,,
4,,,15559,,,,,,,,,,0.04928654804825783,,,,,,,,,
4,,,15579,,,,,,,,,,0.21468853950500488,,,,,,,,,
4,,,15599,,,,,,,,,,0.08193182200193405,,,,,,,,,
4,,,15619,,,,,,,,,,0.2142927050590515,,,,,,,,,
4,,,15639,,,,,,,,,,0.19001257419586182,,,,,,,,,
4,,,15659,,,,,,,,,,0.1924843192100525,,,,,,,,,
4,,,15679,,,,,,,,,,0.10972857475280762,,,,,,,,,
4,,,15699,,,,,,,,,,0.09937383234500885,,,,,,,,,
4,,,15719,,,,,,,,,,0.07703454792499542,,,,,,,,,
4,,,15739,,,,,,,,,,0.16681413352489471,,,,,,,,,
4,,,15759,,,,,,,,,,0.2916674315929413,,,,,,,,,
4,,,15779,,,,,,,,,,0.17025087773799896,,,,,,,,,
4,,,15799,,,,,,,,,,0.07400187849998474,,,,,,,,,
4,,,15819,,,,,,,,,,0.12581804394721985,,,,,,,,,
4,,,15839,,,,,,,,,,0.18051542341709137,,,,,,,,,
4,,,15859,,,,,,,,,,0.043212540447711945,,,,,,,,,
4,,,15879,,,,,,,,,,0.2602407932281494,,,,,,,,,
4,,,15899,,,,,,,,,,0.056151121854782104,,,,,,,,,
4,,,15919,,,,,,,,,,0.20935645699501038,,,,,,,,,
4,,,15939,,,,,,,,,,0.17969578504562378,,,,,,,,,
4,,,15959,,,,,,,,,,0.12638328969478607,,,,,,,,,
4,,,15979,,,,,,,,,,0.09199866652488708,,,,,,,,,
4,,,15999,,,,,,,,,,0.12584377825260162,,,,,,,,,
4,,,16019,,,,,,,,,,0.15679627656936646,,,,,,,,,
4,,,16039,,,,,,,,,,0.11989477276802063,,,,,,,,,
4,,,16059,,,,,,,,,,0.24223555624485016,,,,,,,,,
4,,,16079,,,,,,,,,,0.22926464676856995,,,,,,,,,
4,,,16099,,,,,,,,,,0.10028577595949173,,,,,,,,,
4,,,16119,,,,,,,,,,0.22726565599441528,,,,,,,,,
4,,,16139,,,,,,,,,,0.1296057403087616,,,,,,,,,
4,,,16159,,,,,,,,,,0.19302241504192352,,,,,,,,,
4,,,16179,,,,,,,,,,0.2129235565662384,,,,,,,,,
4,,,16199,,,,,,,,,,0.09252674877643585,,,,,,,,,
4,,,16219,,,,,,,,,,0.16712801158428192,,,,,,,,,
4,,,16239,,,,,,,,,,0.16505824029445648,,,,,,,,,
4,,,16259,,,,,,,,,,0.1198163628578186,,,,,,,,,
4,,,16279,,,,,,,,,,0.16468526422977448,,,,,,,,,
4,,,16299,,,,,,,,,,0.19413533806800842,,,,,,,,,
4,,,16319,,,,,,,,,,0.05264502391219139,,,,,,,,,
4,,,16339,,,,,,,,,,0.08814835548400879,,,,,,,,,
4,,,16359,,,,,,,,,,0.20526422560214996,,,,,,,,,
4,,,16379,,,,,,,,,,0.1602523922920227,,,,,,,,,
4,,,16399,,,,,,,,,,0.16008028388023376,,,,,,,,,
4,,,16419,,,,,,,,,,0.2266736477613449,,,,,,,,,
4,,,16439,,,,,,,,,,0.13831183314323425,,,,,,,,,
4,,,16459,,,,,,,,,,0.21865114569664001,,,,,,,,,
4,,,16479,,,,,,,,,,0.14283259212970734,,,,,,,,,
4,,,16499,,,,,,,,,,0.15026362240314484,,,,,,,,,
4,,,16519,,,,,,,,,,0.1847471445798874,,,,,,,,,
4,,,16539,,,,,,,,,,0.1832016259431839,,,,,,,,,
4,,,16559,,,,,,,,,,0.0937800332903862,,,,,,,,,
4,,,16579,,,,,,,,,,0.08068791776895523,,,,,,,,,
4,,,16599,,,,,,,,,,0.11361043155193329,,,,,,,,,
4,,,16619,,,,,,,,,,0.17234815657138824,,,,,,,,,
4,,,16639,,,,,,,,,,0.07114391773939133,,,,,,,,,
4,,,16659,,,,,,,,,,0.11819647252559662,,,,,,,,,
4,,,16679,,,,,,,,,,0.24390451610088348,,,,,,,,,
4,,,16699,,,,,,,,,,0.24361370503902435,,,,,,,,,
4,,,16719,,,,,,,,,,0.18497687578201294,,,,,,,,,
4,,,16739,,,,,,,,,,0.08988528698682785,,,,,,,,,
4,,,16759,,,,,,,,,,0.09437467902898788,,,,,,,,,
4,,,16779,,,,,,,,,,0.11344916373491287,,,,,,,,,
4,,,16799,,,,,,,,,,0.14901481568813324,,,,,,,,,
4,,,16819,,,,,,,,,,0.23406130075454712,,,,,,,,,
4,,,16839,,,,,,,,,,0.08076121658086777,,,,,,,,,
4,,,16859,,,,,,,,,,0.15872211754322052,,,,,,,,,
4,,,16879,,,,,,,,,,0.1060914471745491,,,,,,,,,
4,,,16899,,,,,,,,,,0.18203862011432648,,,,,,,,,
4,,,16919,,,,,,,,,,0.1865791529417038,,,,,,,,,
4,,,16939,,,,,,,,,,0.05890889838337898,,,,,,,,,
4,,,16959,,,,,,,,,,0.24201105535030365,,,,,,,,,
4,,,16979,,,,,,,,,,0.13054855167865753,,,,,,,,,
4,,,16999,,,,,,,,,,0.21400609612464905,,,,,,,,,
4,,,17019,,,,,,,,,,0.2391151785850525,,,,,,,,,
4,,,17039,,,,,,,,,,0.2513585090637207,,,,,,,,,
4,,,17059,,,,,,,,,,0.10585558414459229,,,,,,,,,
4,,,17079,,,,,,,,,,0.21949706971645355,,,,,,,,,
4,,,17099,,,,,,,,,,0.30171889066696167,,,,,,,,,
4,,,17119,,,,,,,,,,0.21835875511169434,,,,,,,,,
4,,,17139,,,,,,,,,,0.2326917052268982,,,,,,,,,
4,,,17159,,,,,,,,,,0.30402177572250366,,,,,,,,,
4,,,17179,,,,,,,,,,0.16753557324409485,,,,,,,,,
4,,,17199,,,,,,,,,,0.30293574929237366,,,,,,,,,
4,,,17219,,,,,,,,,,0.39951398968696594,,,,,,,,,
4,,,17239,,,,,,,,,,0.18510359525680542,,,,,,,,,
4,,,17259,,,,,,,,,,0.22005914151668549,,,,,,,,,
4,,,17279,,,,,,,,,,0.19687503576278687,,,,,,,,,
4,,,17299,,,,,,,,,,0.12334656715393066,,,,,,,,,
4,,,17319,,,,,,,,,,0.12805122137069702,,,,,,,,,
4,,,17339,,,,,,,,,,0.1773054152727127,,,,,,,,,
4,,,17359,,,,,,,,,,0.1961059272289276,,,,,,,,,
4,,,17379,,,,,,,,,,0.13990262150764465,,,,,,,,,
4,,,17399,,,,,,,,,,0.3901064395904541,,,,,,,,,
4,,,17419,,,,,,,,,,0.09626366198062897,,,,,,,,,
4,,,17439,,,,,,,,,,0.3204462230205536,,,,,,,,,
4,,,17459,,,,,,,,,,0.1844874918460846,,,,,,,,,
4,,,17479,,,,,,,,,,0.13668736815452576,,,,,,,,,
4,,,17499,,,,,,,,,,0.3324894309043884,,,,,,,,,
4,,,17519,,,,,,,,,,0.1305762529373169,,,,,,,,,
4,,,17524,,,,,,,,,,,0.8550335764884949,0.9244985580444336,0.8359473347663879,0.48821204900741577,0.827696681022644,0.6821828484535217,0.7231559753417969,0.9322373867034912,0.8550335764884949
4,,,17524,,,,,,,,0.9235909581184387,0.17916133999824524,,,,,,,,,,
,0.000225,0.000225,17525,,,,,,,,,,,,,,,,,,,
5,,,17539,,,,,,,,,,0.16810783743858337,,,,,,,,,
5,,,17559,,,,,,,,,,0.12125499546527863,,,,,,,,,
5,,,17579,,,,,,,,,,0.12738865613937378,,,,,,,,,
5,,,17599,,,,,,,,,,0.10717158019542694,,,,,,,,,
5,,,17619,,,,,,,,,,0.08655329793691635,,,,,,,,,
5,,,17639,,,,,,,,,,0.11067507416009903,,,,,,,,,
5,,,17659,,,,,,,,,,0.09850197285413742,,,,,,,,,
5,,,17679,,,,,,,,,,0.06245173513889313,,,,,,,,,
5,,,17699,,,,,,,,,,0.1695583313703537,,,,,,,,,
5,,,17719,,,,,,,,,,0.22361713647842407,,,,,,,,,
5,,,17739,,,,,,,,,,0.1874198615550995,,,,,,,,,
5,,,17759,,,,,,,,,,0.14364151656627655,,,,,,,,,
5,,,17779,,,,,,,,,,0.2548726499080658,,,,,,,,,
5,,,17799,,,,,,,,,,0.17866304516792297,,,,,,,,,
5,,,17819,,,,,,,,,,0.19531336426734924,,,,,,,,,
5,,,17839,,,,,,,,,,0.11726012825965881,,,,,,,,,
5,,,17859,,,,,,,,,,0.09886251389980316,,,,,,,,,
5,,,17879,,,,,,,,,,0.22470222413539886,,,,,,,,,
5,,,17899,,,,,,,,,,0.08225509524345398,,,,,,,,,
5,,,17919,,,,,,,,,,0.125654399394989,,,,,,,,,
5,,,17939,,,,,,,,,,0.12352394312620163,,,,,,,,,
5,,,17959,,,,,,,,,,0.10091568529605865,,,,,,,,,
5,,,17979,,,,,,,,,,0.14901259541511536,,,,,,,,,
5,,,17999,,,,,,,,,,0.1364845186471939,,,,,,,,,
5,,,18019,,,,,,,,,,0.1385456621646881,,,,,,,,,
5,,,18039,,,,,,,,,,0.1371435970067978,,,,,,,,,
5,,,18059,,,,,,,,,,0.21128971874713898,,,,,,,,,
5,,,18079,,,,,,,,,,0.1553739309310913,,,,,,,,,
5,,,18099,,,,,,,,,,0.2362525314092636,,,,,,,,,
5,,,18119,,,,,,,,,,0.32807883620262146,,,,,,,,,
5,,,18139,,,,,,,,,,0.13372983038425446,,,,,,,,,
5,,,18159,,,,,,,,,,0.1260911524295807,,,,,,,,,
5,,,18179,,,,,,,,,,0.2425953894853592,,,,,,,,,
5,,,18199,,,,,,,,,,0.13172118365764618,,,,,,,,,
5,,,18219,,,,,,,,,,0.19644400477409363,,,,,,,,,
5,,,18239,,,,,,,,,,0.12176516652107239,,,,,,,,,
5,,,18259,,,,,,,,,,0.12360738962888718,,,,,,,,,
5,,,18279,,,,,,,,,,0.15265408158302307,,,,,,,,,
5,,,18299,,,,,,,,,,0.1992122381925583,,,,,,,,,
5,,,18319,,,,,,,,,,0.2805267870426178,,,,,,,,,
5,,,18339,,,,,,,,,,0.1499568521976471,,,,,,,,,
5,,,18359,,,,,,,,,,0.11645691096782684,,,,,,,,,
5,,,18379,,,,,,,,,,0.21948964893817902,,,,,,,,,
5,,,18399,,,,,,,,,,0.09756742417812347,,,,,,,,,
5,,,18419,,,,,,,,,,0.1720457673072815,,,,,,,,,
5,,,18439,,,,,,,,,,0.17297586798667908,,,,,,,,,
5,,,18459,,,,,,,,,,0.15535852313041687,,,,,,,,,
5,,,18479,,,,,,,,,,0.13981817662715912,,,,,,,,,
5,,,18499,,,,,,,,,,0.11194391548633575,,,,,,,,,
5,,,18519,,,,,,,,,,0.18548397719860077,,,,,,,,,
5,,,18539,,,,,,,,,,0.13139384984970093,,,,,,,,,
5,,,18559,,,,,,,,,,0.1427164375782013,,,,,,,,,
5,,,18579,,,,,,,,,,0.3957844078540802,,,,,,,,,
5,,,18599,,,,,,,,,,0.12810106575489044,,,,,,,,,
5,,,18619,,,,,,,,,,0.10459792613983154,,,,,,,,,
5,,,18639,,,,,,,,,,0.30100181698799133,,,,,,,,,
5,,,18659,,,,,,,,,,0.08515924215316772,,,,,,,,,
5,,,18679,,,,,,,,,,0.1441204845905304,,,,,,,,,
5,,,18699,,,,,,,,,,0.0893564447760582,,,,,,,,,
5,,,18719,,,,,,,,,,0.19361881911754608,,,,,,,,,
5,,,18739,,,,,,,,,,0.14267025887966156,,,,,,,,,
5,,,18759,,,,,,,,,,0.13308413326740265,,,,,,,,,
5,,,18779,,,,,,,,,,0.12151330709457397,,,,,,,,,
5,,,18799,,,,,,,,,,0.09300793707370758,,,,,,,,,
5,,,18819,,,,,,,,,,0.19469402730464935,,,,,,,,,
5,,,18839,,,,,,,,,,0.2109605371952057,,,,,,,,,
5,,,18859,,,,,,,,,,0.21241889894008636,,,,,,,,,
5,,,18879,,,,,,,,,,0.10148181766271591,,,,,,,,,
5,,,18899,,,,,,,,,,0.17376503348350525,,,,,,,,,
5,,,18919,,,,,,,,,,0.41391879320144653,,,,,,,,,
5,,,18939,,,,,,,,,,0.15206441283226013,,,,,,,,,
5,,,18959,,,,,,,,,,0.4809851348400116,,,,,,,,,
5,,,18979,,,,,,,,,,0.10214301198720932,,,,,,,,,
5,,,18999,,,,,,,,,,0.3011986017227173,,,,,,,,,
5,,,19019,,,,,,,,,,0.23664093017578125,,,,,,,,,
5,,,19039,,,,,,,,,,0.27673184871673584,,,,,,,,,
5,,,19059,,,,,,,,,,0.1542583405971527,,,,,,,,,
5,,,19079,,,,,,,,,,0.2683663070201874,,,,,,,,,
5,,,19099,,,,,,,,,,0.16036875545978546,,,,,,,,,
5,,,19119,,,,,,,,,,0.19814841449260712,,,,,,,,,
5,,,19139,,,,,,,,,,0.11011550575494766,,,,,,,,,
5,,,19159,,,,,,,,,,0.10161067545413971,,,,,,,,,
5,,,19179,,,,,,,,,,0.15973079204559326,,,,,,,,,
5,,,19199,,,,,,,,,,0.1222105622291565,,,,,,,,,
5,,,19219,,,,,,,,,,0.2106761932373047,,,,,,,,,
5,,,19239,,,,,,,,,,0.14650997519493103,,,,,,,,,
5,,,19259,,,,,,,,,,0.1521315723657608,,,,,,,,,
5,,,19279,,,,,,,,,,0.18359187245368958,,,,,,,,,
5,,,19299,,,,,,,,,,0.32237863540649414,,,,,,,,,
5,,,19319,,,,,,,,,,0.04250015690922737,,,,,,,,,
5,,,19339,,,,,,,,,,0.10834221541881561,,,,,,,,,
5,,,19359,,,,,,,,,,0.08377823233604431,,,,,,,,,
5,,,19379,,,,,,,,,,0.04702096804976463,,,,,,,,,
5,,,19399,,,,,,,,,,0.12314415723085403,,,,,,,,,
5,,,19419,,,,,,,,,,0.07210631668567657,,,,,,,,,
5,,,19439,,,,,,,,,,0.2736770510673523,,,,,,,,,
5,,,19459,,,,,,,,,,0.1597645878791809,,,,,,,,,
5,,,19479,,,,,,,,,,0.11934385448694229,,,,,,,,,
5,,,19499,,,,,,,,,,0.18194934725761414,,,,,,,,,
5,,,19519,,,,,,,,,,0.15493789315223694,,,,,,,,,
5,,,19539,,,,,,,,,,0.09864459931850433,,,,,,,,,
5,,,19559,,,,,,,,,,0.18053123354911804,,,,,,,,,
5,,,19579,,,,,,,,,,0.14358320832252502,,,,,,,,,
5,,,19599,,,,,,,,,,0.05492151528596878,,,,,,,,,
5,,,19619,,,,,,,,,,0.25075072050094604,,,,,,,,,
5,,,19639,,,,,,,,,,0.10433484613895416,,,,,,,,,
5,,,19659,,,,,,,,,,0.09945392608642578,,,,,,,,,
5,,,19679,,,,,,,,,,0.22557717561721802,,,,,,,,,
5,,,19699,,,,,,,,,,0.07078526169061661,,,,,,,,,
5,,,19719,,,,,,,,,,0.14749228954315186,,,,,,,,,
5,,,19739,,,,,,,,,,0.09548589587211609,,,,,,,,,
5,,,19759,,,,,,,,,,0.11727864295244217,,,,,,,,,
5,,,19779,,,,,,,,,,0.16837044060230255,,,,,,,,,
5,,,19799,,,,,,,,,,0.33443930745124817,,,,,,,,,
5,,,19819,,,,,,,,,,0.21495400369167328,,,,,,,,,
5,,,19839,,,,,,,,,,0.21523623168468475,,,,,,,,,
5,,,19859,,,,,,,,,,0.15017688274383545,,,,,,,,,
5,,,19879,,,,,,,,,,0.18340402841567993,,,,,,,,,
5,,,19899,,,,,,,,,,0.16132590174674988,,,,,,,,,
5,,,19919,,,,,,,,,,0.14724650979042053,,,,,,,,,
5,,,19939,,,,,,,,,,0.29856282472610474,,,,,,,,,
5,,,19959,,,,,,,,,,0.11297070980072021,,,,,,,,,
5,,,19979,,,,,,,,,,0.21197955310344696,,,,,,,,,
5,,,19999,,,,,,,,,,0.12205792963504791,,,,,,,,,
5,,,20019,,,,,,,,,,0.18276619911193848,,,,,,,,,
5,,,20039,,,,,,,,,,0.16253355145454407,,,,,,,,,
5,,,20059,,,,,,,,,,0.14172039926052094,,,,,,,,,
5,,,20079,,,,,,,,,,0.12531407177448273,,,,,,,,,
5,,,20099,,,,,,,,,,0.15343812108039856,,,,,,,,,
5,,,20119,,,,,,,,,,0.16780760884284973,,,,,,,,,
5,,,20139,,,,,,,,,,0.11011895537376404,,,,,,,,,
5,,,20159,,,,,,,,,,0.18462027609348297,,,,,,,,,
5,,,20179,,,,,,,,,,0.09972013533115387,,,,,,,,,
5,,,20199,,,,,,,,,,0.17328232526779175,,,,,,,,,
5,,,20219,,,,,,,,,,0.2463500052690506,,,,,,,,,
5,,,20239,,,,,,,,,,0.06946208328008652,,,,,,,,,
5,,,20259,,,,,,,,,,0.16232752799987793,,,,,,,,,
5,,,20279,,,,,,,,,,0.33131393790245056,,,,,,,,,
5,,,20299,,,,,,,,,,0.18122714757919312,,,,,,,,,
5,,,20319,,,,,,,,,,0.17191369831562042,,,,,,,,,
5,,,20339,,,,,,,,,,0.16881611943244934,,,,,,,,,
5,,,20359,,,,,,,,,,0.26850390434265137,,,,,,,,,
5,,,20379,,,,,,,,,,0.3455274999141693,,,,,,,,,
5,,,20399,,,,,,,,,,0.15032413601875305,,,,,,,,,
5,,,20419,,,,,,,,,,0.18257378041744232,,,,,,,,,
5,,,20439,,,,,,,,,,0.13278678059577942,,,,,,,,,
5,,,20459,,,,,,,,,,0.2119826078414917,,,,,,,,,
5,,,20479,,,,,,,,,,0.30243951082229614,,,,,,,,,
5,,,20499,,,,,,,,,,0.05477354675531387,,,,,,,,,
5,,,20519,,,,,,,,,,0.09539861977100372,,,,,,,,,
5,,,20539,,,,,,,,,,0.15371757745742798,,,,,,,,,
5,,,20559,,,,,,,,,,0.21091444790363312,,,,,,,,,
5,,,20579,,,,,,,,,,0.2560265362262726,,,,,,,,,
5,,,20599,,,,,,,,,,0.13751299679279327,,,,,,,,,
5,,,20619,,,,,,,,,,0.23252622783184052,,,,,,,,,
5,,,20639,,,,,,,,,,0.2868568003177643,,,,,,,,,
5,,,20659,,,,,,,,,,0.20231373608112335,,,,,,,,,
5,,,20679,,,,,,,,,,0.2275245040655136,,,,,,,,,
5,,,20699,,,,,,,,,,0.12306464463472366,,,,,,,,,
5,,,20719,,,,,,,,,,0.11300551146268845,,,,,,,,,
5,,,20739,,,,,,,,,,0.17791622877120972,,,,,,,,,
5,,,20759,,,,,,,,,,0.21929694712162018,,,,,,,,,
5,,,20779,,,,,,,,,,0.10478094965219498,,,,,,,,,
5,,,20799,,,,,,,,,,0.14429908990859985,,,,,,,,,
5,,,20819,,,,,,,,,,0.10614024847745895,,,,,,,,,
5,,,20839,,,,,,,,,,0.19163215160369873,,,,,,,,,
5,,,20859,,,,,,,,,,0.07786556333303452,,,,,,,,,
5,,,20879,,,,,,,,,,0.11069189757108688,,,,,,,,,
5,,,20899,,,,,,,,,,0.09782537817955017,,,,,,,,,
5,,,20919,,,,,,,,,,0.22516244649887085,,,,,,,,,
5,,,20939,,,,,,,,,,0.22214698791503906,,,,,,,,,
5,,,20959,,,,,,,,,,0.11490295827388763,,,,,,,,,
5,,,20979,,,,,,,,,,0.2316417098045349,,,,,,,,,
5,,,20999,,,,,,,,,,0.13628864288330078,,,,,,,,,
5,,,21019,,,,,,,,,,0.11077027767896652,,,,,,,,,
5,,,21029,,,,,,,,,,,0.768968939781189,0.8486135005950928,0.7382891178131104,0.6872877478599548,0.7407039403915405,0.5088885426521301,0.5875961780548096,0.8938116431236267,0.768968939781189
5,,,21029,,,,,,,,0.9293556809425354,0.16656939685344696,,,,,,,,,,
,0.0002625,0.0002625,21030,,,,,,,,,,,,,,,,,,,
6,,,21039,,,,,,,,,,0.106206975877285,,,,,,,,,
6,,,21059,,,,,,,,,,0.17025411128997803,,,,,,,,,
6,,,21079,,,,,,,,,,0.11738266050815582,,,,,,,,,
6,,,21099,,,,,,,,,,0.09481580555438995,,,,,,,,,
6,,,21119,,,,,,,,,,0.13912291824817657,,,,,,,,,
6,,,21139,,,,,,,,,,0.15042968094348907,,,,,,,,,
6,,,21159,,,,,,,,,,0.04437578469514847,,,,,,,,,
6,,,21179,,,,,,,,,,0.13765960931777954,,,,,,,,,
6,,,21199,,,,,,,,,,0.2072478085756302,,,,,,,,,
6,,,21219,,,,,,,,,,0.09551090002059937,,,,,,,,,
6,,,21239,,,,,,,,,,0.1305512636899948,,,,,,,,,
6,,,21259,,,,,,,,,,0.16735079884529114,,,,,,,,,
6,,,21279,,,,,,,,,,0.18093708157539368,,,,,,,,,
6,,,21299,,,,,,,,,,0.19748981297016144,,,,,,,,,
6,,,21319,,,,,,,,,,0.12084486335515976,,,,,,,,,
6,,,21339,,,,,,,,,,0.13851572573184967,,,,,,,,,
6,,,21359,,,,,,,,,,0.09216555953025818,,,,,,,,,
6,,,21379,,,,,,,,,,0.19456328451633453,,,,,,,,,
6,,,21399,,,,,,,,,,0.1558840274810791,,,,,,,,,
6,,,21419,,,,,,,,,,0.1941915601491928,,,,,,,,,
6,,,21439,,,,,,,,,,0.11515485495328903,,,,,,,,,
6,,,21459,,,,,,,,,,0.07027620822191238,,,,,,,,,
6,,,21479,,,,,,,,,,0.1692938506603241,,,,,,,,,
6,,,21499,,,,,,,,,,0.14005976915359497,,,,,,,,,
6,,,21519,,,,,,,,,,0.11757643520832062,,,,,,,,,
6,,,21539,,,,,,,,,,0.09245926886796951,,,,,,,,,
6,,,21559,,,,,,,,,,0.09819569438695908,,,,,,,,,
6,,,21579,,,,,,,,,,0.1380566656589508,,,,,,,,,
6,,,21599,,,,,,,,,,0.054801806807518005,,,,,,,,,
6,,,21619,,,,,,,,,,0.30085596442222595,,,,,,,,,
6,,,21639,,,,,,,,,,0.1666935682296753,,,,,,,,,
6,,,21659,,,,,,,,,,0.16157551109790802,,,,,,,,,
6,,,21679,,,,,,,,,,0.15131041407585144,,,,,,,,,
6,,,21699,,,,,,,,,,0.13379640877246857,,,,,,,,,
6,,,21719,,,,,,,,,,0.13302507996559143,,,,,,,,,
6,,,21739,,,,,,,,,,0.16496670246124268,,,,,,,,,
6,,,21759,,,,,,,,,,0.11641635000705719,,,,,,,,,
6,,,21779,,,,,,,,,,0.07656580954790115,,,,,,,,,
6,,,21799,,,,,,,,,,0.15183204412460327,,,,,,,,,
6,,,21819,,,,,,,,,,0.21261991560459137,,,,,,,,,
6,,,21839,,,,,,,,,,0.28899702429771423,,,,,,,,,
6,,,21859,,,,,,,,,,0.27556902170181274,,,,,,,,,
6,,,21879,,,,,,,,,,0.12654708325862885,,,,,,,,,
6,,,21899,,,,,,,,,,0.10502796620130539,,,,,,,,,
6,,,21919,,,,,,,,,,0.16246774792671204,,,,,,,,,
6,,,21939,,,,,,,,,,0.14610826969146729,,,,,,,,,
6,,,21959,,,,,,,,,,0.08177687972784042,,,,,,,,,
6,,,21979,,,,,,,,,,0.18947599828243256,,,,,,,,,
6,,,21999,,,,,,,,,,0.19689658284187317,,,,,,,,,
6,,,22019,,,,,,,,,,0.1597474366426468,,,,,,,,,
6,,,22039,,,,,,,,,,0.089002825319767,,,,,,,,,
6,,,22059,,,,,,,,,,0.24855183064937592,,,,,,,,,
6,,,22079,,,,,,,,,,0.29372283816337585,,,,,,,,,
6,,,22099,,,,,,,,,,0.23741230368614197,,,,,,,,,
6,,,22119,,,,,,,,,,0.24782127141952515,,,,,,,,,
6,,,22139,,,,,,,,,,0.2502913475036621,,,,,,,,,
6,,,22159,,,,,,,,,,0.050158578902482986,,,,,,,,,
6,,,22179,,,,,,,,,,0.22218291461467743,,,,,,,,,
6,,,22199,,,,,,,,,,0.15318948030471802,,,,,,,,,
6,,,22219,,,,,,,,,,0.17824535071849823,,,,,,,,,
6,,,22239,,,,,,,,,,0.0881657749414444,,,,,,,,,
6,,,22259,,,,,,,,,,0.14346595108509064,,,,,,,,,
6,,,22279,,,,,,,,,,0.08782313764095306,,,,,,,,,
6,,,22299,,,,,,,,,,0.17221327126026154,,,,,,,,,
6,,,22319,,,,,,,,,,0.23362325131893158,,,,,,,,,
6,,,22339,,,,,,,,,,0.1651432365179062,,,,,,,,,
6,,,22359,,,,,,,,,,0.13397115468978882,,,,,,,,,
6,,,22379,,,,,,,,,,0.08042621612548828,,,,,,,,,
6,,,22399,,,,,,,,,,0.14024344086647034,,,,,,,,,
6,,,22419,,,,,,,,,,0.13674664497375488,,,,,,,,,
6,,,22439,,,,,,,,,,0.10447899997234344,,,,,,,,,
6,,,22459,,,,,,,,,,0.14216338098049164,,,,,,,,,
6,,,22479,,,,,,,,,,0.3308252692222595,,,,,,,,,
6,,,22499,,,,,,,,,,0.07490821182727814,,,,,,,,,
6,,,22519,,,,,,,,,,0.03166572004556656,,,,,,,,,
6,,,22539,,,,,,,,,,0.12220429629087448,,,,,,,,,
6,,,22559,,,,,,,,,,0.15129639208316803,,,,,,,,,
6,,,22579,,,,,,,,,,0.1292855590581894,,,,,,,,,
6,,,22599,,,,,,,,,,0.10484489798545837,,,,,,,,,
6,,,22619,,,,,,,,,,0.11991649866104126,,,,,,,,,
6,,,22639,,,,,,,,,,0.11675839871168137,,,,,,,,,
6,,,22659,,,,,,,,,,0.3769492506980896,,,,,,,,,
6,,,22679,,,,,,,,,,0.23211394250392914,,,,,,,,,
6,,,22699,,,,,,,,,,0.16383543610572815,,,,,,,,,
6,,,22719,,,,,,,,,,0.09810110181570053,,,,,,,,,
6,,,22739,,,,,,,,,,0.11571455746889114,,,,,,,,,
6,,,22759,,,,,,,,,,0.08188895881175995,,,,,,,,,
6,,,22779,,,,,,,,,,0.1319829672574997,,,,,,,,,
6,,,22799,,,,,,,,,,0.3291042149066925,,,,,,,,,
6,,,22819,,,,,,,,,,0.18991169333457947,,,,,,,,,
6,,,22839,,,,,,,,,,0.21566596627235413,,,,,,,,,
6,,,22859,,,,,,,,,,0.18433991074562073,,,,,,,,,
6,,,22879,,,,,,,,,,0.1398940086364746,,,,,,,,,
6,,,22899,,,,,,,,,,0.2329307496547699,,,,,,,,,
6,,,22919,,,,,,,,,,0.2665053904056549,,,,,,,,,
6,,,22939,,,,,,,,,,0.0965864434838295,,,,,,,,,
6,,,22959,,,,,,,,,,0.04433467239141464,,,,,,,,,
6,,,22979,,,,,,,,,,0.1432206928730011,,,,,,,,,
6,,,22999,,,,,,,,,,0.204207181930542,,,,,,,,,
6,,,23019,,,,,,,,,,0.0936509370803833,,,,,,,,,
6,,,23039,,,,,,,,,,0.12497824430465698,,,,,,,,,
6,,,23059,,,,,,,,,,0.2843540608882904,,,,,,,,,
6,,,23079,,,,,,,,,,0.18868453800678253,,,,,,,,,
6,,,23099,,,,,,,,,,0.05337056890130043,,,,,,,,,
6,,,23119,,,,,,,,,,0.1620427519083023,,,,,,,,,
6,,,23139,,,,,,,,,,0.13673149049282074,,,,,,,,,
6,,,23159,,,,,,,,,,0.2681383788585663,,,,,,,,,
6,,,23179,,,,,,,,,,0.16696351766586304,,,,,,,,,
6,,,23199,,,,,,,,,,0.10292722284793854,,,,,,,,,
6,,,23219,,,,,,,,,,0.13298246264457703,,,,,,,,,
6,,,23239,,,,,,,,,,0.12238788604736328,,,,,,,,,
6,,,23259,,,,,,,,,,0.19522778689861298,,,,,,,,,
6,,,23279,,,,,,,,,,0.16072040796279907,,,,,,,,,
6,,,23299,,,,,,,,,,0.19605237245559692,,,,,,,,,
6,,,23319,,,,,,,,,,0.139369934797287,,,,,,,,,
6,,,23339,,,,,,,,,,0.0768369734287262,,,,,,,,,
6,,,23359,,,,,,,,,,0.09770097583532333,,,,,,,,,
6,,,23379,,,,,,,,,,0.05993814393877983,,,,,,,,,
6,,,23399,,,,,,,,,,0.07523417472839355,,,,,,,,,
6,,,23419,,,,,,,,,,0.14600814878940582,,,,,,,,,
6,,,23439,,,,,,,,,,0.05864541232585907,,,,,,,,,
6,,,23459,,,,,,,,,,0.1421603113412857,,,,,,,,,
6,,,23479,,,,,,,,,,0.14981119334697723,,,,,,,,,
6,,,23499,,,,,,,,,,0.08731458336114883,,,,,,,,,
6,,,23519,,,,,,,,,,0.34504878520965576,,,,,,,,,
6,,,23539,,,,,,,,,,0.20353421568870544,,,,,,,,,
6,,,23559,,,,,,,,,,0.17424893379211426,,,,,,,,,
6,,,23579,,,,,,,,,,0.15278926491737366,,,,,,,,,
6,,,23599,,,,,,,,,,0.22734993696212769,,,,,,,,,
6,,,23619,,,,,,,,,,0.05193333700299263,,,,,,,,,
6,,,23639,,,,,,,,,,0.15538793802261353,,,,,,,,,
6,,,23659,,,,,,,,,,0.11953888833522797,,,,,,,,,
6,,,23679,,,,,,,,,,0.11125509440898895,,,,,,,,,
6,,,23699,,,,,,,,,,0.11126354336738586,,,,,,,,,
6,,,23719,,,,,,,,,,0.07637171447277069,,,,,,,,,
6,,,23739,,,,,,,,,,0.041997216641902924,,,,,,,,,
6,,,23759,,,,,,,,,,0.11402147263288498,,,,,,,,,
6,,,23779,,,,,,,,,,0.08412974327802658,,,,,,,,,
6,,,23799,,,,,,,,,,0.1594768464565277,,,,,,,,,
6,,,23819,,,,,,,,,,0.1719977855682373,,,,,,,,,
6,,,23839,,,,,,,,,,0.14907270669937134,,,,,,,,,
6,,,23859,,,,,,,,,,0.16142626106739044,,,,,,,,,
6,,,23879,,,,,,,,,,0.1410016268491745,,,,,,,,,
6,,,23899,,,,,,,,,,0.10044088959693909,,,,,,,,,
6,,,23919,,,,,,,,,,0.12417059391736984,,,,,,,,,
6,,,23939,,,,,,,,,,0.11107863485813141,,,,,,,,,
6,,,23959,,,,,,,,,,0.1457311511039734,,,,,,,,,
6,,,23979,,,,,,,,,,0.2533022463321686,,,,,,,,,
6,,,23999,,,,,,,,,,0.2555385231971741,,,,,,,,,
6,,,24019,,,,,,,,,,0.09195245802402496,,,,,,,,,
6,,,24039,,,,,,,,,,0.10627119243144989,,,,,,,,,
6,,,24059,,,,,,,,,,0.11092311143875122,,,,,,,,,
6,,,24079,,,,,,,,,,0.17494119703769684,,,,,,,,,
6,,,24099,,,,,,,,,,0.10347910970449448,,,,,,,,,
6,,,24119,,,,,,,,,,0.04040161520242691,,,,,,,,,
6,,,24139,,,,,,,,,,0.17790332436561584,,,,,,,,,
6,,,24159,,,,,,,,,,0.15233886241912842,,,,,,,,,
6,,,24179,,,,,,,,,,0.10147669911384583,,,,,,,,,
6,,,24199,,,,,,,,,,0.22938723862171173,,,,,,,,,
6,,,24219,,,,,,,,,,0.11062900722026825,,,,,,,,,
6,,,24239,,,,,,,,,,0.09405539929866791,,,,,,,,,
6,,,24259,,,,,,,,,,0.223305344581604,,,,,,,,,
6,,,24279,,,,,,,,,,0.23072712123394012,,,,,,,,,
6,,,24299,,,,,,,,,,0.10138960927724838,,,,,,,,,
6,,,24319,,,,,,,,,,0.1782592535018921,,,,,,,,,
6,,,24339,,,,,,,,,,0.2876790165901184,,,,,,,,,
6,,,24359,,,,,,,,,,0.18217498064041138,,,,,,,,,
6,,,24379,,,,,,,,,,0.1658363938331604,,,,,,,,,
6,,,24399,,,,,,,,,,0.2083054631948471,,,,,,,,,
6,,,24419,,,,,,,,,,0.16013915836811066,,,,,,,,,
6,,,24439,,,,,,,,,,0.19568145275115967,,,,,,,,,
6,,,24459,,,,,,,,,,0.2640913426876068,,,,,,,,,
6,,,24479,,,,,,,,,,0.08084788918495178,,,,,,,,,
6,,,24499,,,,,,,,,,0.3143223822116852,,,,,,,,,
6,,,24519,,,,,,,,,,0.19090931117534637,,,,,,,,,
6,,,24534,,,,,,,,,,,0.8388141393661499,0.9213370084762573,0.8288232684135437,0.5241738557815552,0.8221822381019592,0.6607871055603027,0.7381599545478821,0.9062045216560364,0.8388141393661499
6,,,24534,,,,,,,,0.9359974265098572,0.15280930697917938,,,,,,,,,,
,0.0003,0.0003,24535,,,,,,,,,,,,,,,,,,,
7,,,24539,,,,,,,,,,0.16860882937908173,,,,,,,,,
7,,,24559,,,,,,,,,,0.10142058879137039,,,,,,,,,
7,,,24579,,,,,,,,,,0.17048873007297516,,,,,,,,,
7,,,24599,,,,,,,,,,0.050493668764829636,,,,,,,,,
7,,,24619,,,,,,,,,,0.07446685433387756,,,,,,,,,
7,,,24639,,,,,,,,,,0.09930957853794098,,,,,,,,,
7,,,24659,,,,,,,,,,0.08436059951782227,,,,,,,,,
7,,,24679,,,,,,,,,,0.19367974996566772,,,,,,,,,
7,,,24699,,,,,,,,,,0.20942099392414093,,,,,,,,,
7,,,24719,,,,,,,,,,0.11483166366815567,,,,,,,,,
7,,,24739,,,,,,,,,,0.0730845257639885,,,,,,,,,
7,,,24759,,,,,,,,,,0.09570394456386566,,,,,,,,,
7,,,24779,,,,,,,,,,0.06073112040758133,,,,,,,,,
7,,,24799,,,,,,,,,,0.13573305308818817,,,,,,,,,
7,,,24819,,,,,,,,,,0.1426386833190918,,,,,,,,,
7,,,24839,,,,,,,,,,0.17674872279167175,,,,,,,,,
7,,,24859,,,,,,,,,,0.28729820251464844,,,,,,,,,
7,,,24879,,,,,,,,,,0.1389499306678772,,,,,,,,,
7,,,24899,,,,,,,,,,0.19667014479637146,,,,,,,,,
7,,,24919,,,,,,,,,,0.1342935562133789,,,,,,,,,
7,,,24939,,,,,,,,,,0.09011714160442352,,,,,,,,,
7,,,24959,,,,,,,,,,0.19647124409675598,,,,,,,,,
7,,,24979,,,,,,,,,,0.17632697522640228,,,,,,,,,
7,,,24999,,,,,,,,,,0.18833953142166138,,,,,,,,,
7,,,25019,,,,,,,,,,0.19498412311077118,,,,,,,,,
7,,,25039,,,,,,,,,,0.2682758569717407,,,,,,,,,
7,,,25059,,,,,,,,,,0.1487494260072708,,,,,,,,,
7,,,25079,,,,,,,,,,0.03871846944093704,,,,,,,,,
7,,,25099,,,,,,,,,,0.16879767179489136,,,,,,,,,
7,,,25119,,,,,,,,,,0.10130297392606735,,,,,,,,,
7,,,25139,,,,,,,,,,0.1498371809720993,,,,,,,,,
7,,,25159,,,,,,,,,,0.22948434948921204,,,,,,,,,
7,,,25179,,,,,,,,,,0.06651154160499573,,,,,,,,,
7,,,25199,,,,,,,,,,0.22386205196380615,,,,,,,,,
7,,,25219,,,,,,,,,,0.17694170773029327,,,,,,,,,
7,,,25239,,,,,,,,,,0.1822158396244049,,,,,,,,,
7,,,25259,,,,,,,,,,0.16414600610733032,,,,,,,,,
7,,,25279,,,,,,,,,,0.07225234806537628,,,,,,,,,
7,,,25299,,,,,,,,,,0.12291443347930908,,,,,,,,,
7,,,25319,,,,,,,,,,0.21182265877723694,,,,,,,,,
7,,,25339,,,,,,,,,,0.17732159793376923,,,,,,,,,
7,,,25359,,,,,,,,,,0.15491819381713867,,,,,,,,,
7,,,25379,,,,,,,,,,0.10707546025514603,,,,,,,,,
7,,,25399,,,,,,,,,,0.2119148075580597,,,,,,,,,
7,,,25419,,,,,,,,,,0.07824921607971191,,,,,,,,,
7,,,25439,,,,,,,,,,0.1517694592475891,,,,,,,,,
7,,,25459,,,,,,,,,,0.07914242148399353,,,,,,,,,
7,,,25479,,,,,,,,,,0.14566472172737122,,,,,,,,,
7,,,25499,,,,,,,,,,0.1298309713602066,,,,,,,,,
7,,,25519,,,,,,,,,,0.07492777705192566,,,,,,,,,
7,,,25539,,,,,,,,,,0.0558578222990036,,,,,,,,,
7,,,25559,,,,,,,,,,0.040119469165802,,,,,,,,,
7,,,25579,,,,,,,,,,0.12112779915332794,,,,,,,,,
7,,,25599,,,,,,,,,,0.1614893078804016,,,,,,,,,
7,,,25619,,,,,,,,,,0.07464388012886047,,,,,,,,,
7,,,25639,,,,,,,,,,0.23165598511695862,,,,,,,,,
7,,,25659,,,,,,,,,,0.1104888916015625,,,,,,,,,
7,,,25679,,,,,,,,,,0.11909420043230057,,,,,,,,,
7,,,25699,,,,,,,,,,0.06796272844076157,,,,,,,,,
7,,,25719,,,,,,,,,,0.03862212598323822,,,,,,,,,
7,,,25739,,,,,,,,,,0.2716705799102783,,,,,,,,,
7,,,25759,,,,,,,,,,0.2098603993654251,,,,,,,,,
7,,,25779,,,,,,,,,,0.10179945826530457,,,,,,,,,
7,,,25799,,,,,,,,,,0.03243478760123253,,,,,,,,,
7,,,25819,,,,,,,,,,0.19836753606796265,,,,,,,,,
7,,,25839,,,,,,,,,,0.150139719247818,,,,,,,,,
7,,,25859,,,,,,,,,,0.1069154292345047,,,,,,,,,
7,,,25879,,,,,,,,,,0.15753574669361115,,,,,,,,,
7,,,25899,,,,,,,,,,0.06794726103544235,,,,,,,,,
7,,,25919,,,,,,,,,,0.06634211540222168,,,,,,,,,
7,,,25939,,,,,,,,,,0.14127442240715027,,,,,,,,,
7,,,25959,,,,,,,,,,0.0914619043469429,,,,,,,,,
7,,,25979,,,,,,,,,,0.20608478784561157,,,,,,,,,
7,,,25999,,,,,,,,,,0.19825144112110138,,,,,,,,,
7,,,26019,,,,,,,,,,0.12001294642686844,,,,,,,,,
7,,,26039,,,,,,,,,,0.12858334183692932,,,,,,,,,
7,,,26059,,,,,,,,,,0.06680547446012497,,,,,,,,,
7,,,26079,,,,,,,,,,0.16485688090324402,,,,,,,,,
7,,,26099,,,,,,,,,,0.10745548456907272,,,,,,,,,
7,,,26119,,,,,,,,,,0.09669730067253113,,,,,,,,,
7,,,26139,,,,,,,,,,0.08621232211589813,,,,,,,,,
7,,,26159,,,,,,,,,,0.13292203843593597,,,,,,,,,
7,,,26179,,,,,,,,,,0.15081700682640076,,,,,,,,,
7,,,26199,,,,,,,,,,0.16563288867473602,,,,,,,,,
7,,,26219,,,,,,,,,,0.14587245881557465,,,,,,,,,
7,,,26239,,,,,,,,,,0.2503429651260376,,,,,,,,,
7,,,26259,,,,,,,,,,0.15261852741241455,,,,,,,,,
7,,,26279,,,,,,,,,,0.225847989320755,,,,,,,,,
7,,,26299,,,,,,,,,,0.1723843663930893,,,,,,,,,
7,,,26319,,,,,,,,,,0.12758679687976837,,,,,,,,,
7,,,26339,,,,,,,,,,0.18347956240177155,,,,,,,,,
7,,,26359,,,,,,,,,,0.09559157490730286,,,,,,,,,
7,,,26379,,,,,,,,,,0.07474461197853088,,,,,,,,,
7,,,26399,,,,,,,,,,0.17256397008895874,,,,,,,,,
7,,,26419,,,,,,,,,,0.19271621108055115,,,,,,,,,
7,,,26439,,,,,,,,,,0.13568153977394104,,,,,,,,,
7,,,26459,,,,,,,,,,0.08042867481708527,,,,,,,,,
7,,,26479,,,,,,,,,,0.09544593840837479,,,,,,,,,
7,,,26499,,,,,,,,,,0.10243052244186401,,,,,,,,,
7,,,26519,,,,,,,,,,0.14606736600399017,,,,,,,,,
7,,,26539,,,,,,,,,,0.04695889726281166,,,,,,,,,
7,,,26559,,,,,,,,,,0.09505538642406464,,,,,,,,,
7,,,26579,,,,,,,,,,0.08183062821626663,,,,,,,,,
7,,,26599,,,,,,,,,,0.2537117004394531,,,,,,,,,
7,,,26619,,,,,,,,,,0.07663160562515259,,,,,,,,,
7,,,26639,,,,,,,,,,0.17890053987503052,,,,,,,,,
7,,,26659,,,,,,,,,,0.09141521155834198,,,,,,,,,
7,,,26679,,,,,,,,,,0.12278664857149124,,,,,,,,,
7,,,26699,,,,,,,,,,0.09471307694911957,,,,,,,,,
7,,,26719,,,,,,,,,,0.09143877774477005,,,,,,,,,
7,,,26739,,,,,,,,,,0.11736080795526505,,,,,,,,,
7,,,26759,,,,,,,,,,0.19943466782569885,,,,,,,,,
7,,,26779,,,,,,,,,,0.16012297570705414,,,,,,,,,
7,,,26799,,,,,,,,,,0.1731417179107666,,,,,,,,,
7,,,26819,,,,,,,,,,0.06389355659484863,,,,,,,,,
7,,,26839,,,,,,,,,,0.15164773166179657,,,,,,,,,
7,,,26859,,,,,,,,,,0.11032214015722275,,,,,,,,,
7,,,26879,,,,,,,,,,0.15162386000156403,,,,,,,,,
7,,,26899,,,,,,,,,,0.0897710993885994,,,,,,,,,
7,,,26919,,,,,,,,,,0.2354406714439392,,,,,,,,,
7,,,26939,,,,,,,,,,0.2091561257839203,,,,,,,,,
7,,,26959,,,,,,,,,,0.14740362763404846,,,,,,,,,
7,,,26979,,,,,,,,,,0.21474984288215637,,,,,,,,,
7,,,26999,,,,,,,,,,0.050706230103969574,,,,,,,,,
7,,,27019,,,,,,,,,,0.11920931935310364,,,,,,,,,
7,,,27039,,,,,,,,,,0.08799663186073303,,,,,,,,,
7,,,27059,,,,,,,,,,0.06614848971366882,,,,,,,,,
7,,,27079,,,,,,,,,,0.18628299236297607,,,,,,,,,
7,,,27099,,,,,,,,,,0.058120083063840866,,,,,,,,,
7,,,27119,,,,,,,,,,0.09768253564834595,,,,,,,,,
7,,,27139,,,,,,,,,,0.09498569369316101,,,,,,,,,
7,,,27159,,,,,,,,,,0.030730411410331726,,,,,,,,,
7,,,27179,,,,,,,,,,0.1570119857788086,,,,,,,,,
7,,,27199,,,,,,,,,,0.10086677968502045,,,,,,,,,
7,,,27219,,,,,,,,,,0.11704026162624359,,,,,,,,,
7,,,27239,,,,,,,,,,0.07741039991378784,,,,,,,,,
7,,,27259,,,,,,,,,,0.12828093767166138,,,,,,,,,
7,,,27279,,,,,,,,,,0.09610705077648163,,,,,,,,,
7,,,27299,,,,,,,,,,0.16896891593933105,,,,,,,,,
7,,,27319,,,,,,,,,,0.11252374947071075,,,,,,,,,
7,,,27339,,,,,,,,,,0.08717526495456696,,,,,,,,,
7,,,27359,,,,,,,,,,0.04418531805276871,,,,,,,,,
7,,,27379,,,,,,,,,,0.09564332664012909,,,,,,,,,
7,,,27399,,,,,,,,,,0.08656150102615356,,,,,,,,,
7,,,27419,,,,,,,,,,0.08200505375862122,,,,,,,,,
7,,,27439,,,,,,,,,,0.11524104326963425,,,,,,,,,
7,,,27459,,,,,,,,,,0.1027841567993164,,,,,,,,,
7,,,27479,,,,,,,,,,0.26815810799598694,,,,,,,,,
7,,,27499,,,,,,,,,,0.14239154756069183,,,,,,,,,
7,,,27519,,,,,,,,,,0.12884053587913513,,,,,,,,,
7,,,27539,,,,,,,,,,0.2894064784049988,,,,,,,,,
7,,,27559,,,,,,,,,,0.11469153314828873,,,,,,,,,
7,,,27579,,,,,,,,,,0.18919405341148376,,,,,,,,,
7,,,27599,,,,,,,,,,0.11013036221265793,,,,,,,,,
7,,,27619,,,,,,,,,,0.04607604816555977,,,,,,,,,
7,,,27639,,,,,,,,,,0.24781623482704163,,,,,,,,,
7,,,27659,,,,,,,,,,0.3238048255443573,,,,,,,,,
7,,,27679,,,,,,,,,,0.09870763123035431,,,,,,,,,
7,,,27699,,,,,,,,,,0.16447153687477112,,,,,,,,,
7,,,27719,,,,,,,,,,0.18218308687210083,,,,,,,,,
7,,,27739,,,,,,,,,,0.0699647068977356,,,,,,,,,
7,,,27759,,,,,,,,,,0.09658336639404297,,,,,,,,,
7,,,27779,,,,,,,,,,0.17939387261867523,,,,,,,,,
7,,,27799,,,,,,,,,,0.07582324743270874,,,,,,,,,
7,,,27819,,,,,,,,,,0.30737680196762085,,,,,,,,,
7,,,27839,,,,,,,,,,0.042891353368759155,,,,,,,,,
7,,,27859,,,,,,,,,,0.11816056072711945,,,,,,,,,
7,,,27879,,,,,,,,,,0.2908400595188141,,,,,,,,,
7,,,27899,,,,,,,,,,0.0797891765832901,,,,,,,,,
7,,,27919,,,,,,,,,,0.09320816397666931,,,,,,,,,
7,,,27939,,,,,,,,,,0.14226357638835907,,,,,,,,,
7,,,27959,,,,,,,,,,0.10508596897125244,,,,,,,,,
7,,,27979,,,,,,,,,,0.06290962547063828,,,,,,,,,
7,,,27999,,,,,,,,,,0.08946333825588226,,,,,,,,,
7,,,28019,,,,,,,,,,0.15758904814720154,,,,,,,,,
7,,,28039,,,,,,,,,,0.09797647595405579,,,,,,,,,
7,,,28039,,,,,,,,,,,0.815365195274353,0.9086898565292358,0.765265941619873,0.8271491527557373,0.7834682464599609,0.5979833602905273,0.5978590250015259,0.969077467918396,0.815365195274353
7,,,28039,,,,,,,,0.9403798580169678,0.14439092576503754,,,,,,,,,,
,0.0003,0.0003,28040,,,,,,,,,,,,,,,,,,,
8,,,28059,,,,,,,,,,0.1313965767621994,,,,,,,,,
8,,,28079,,,,,,,,,,0.08308519423007965,,,,,,,,,
8,,,28099,,,,,,,,,,0.06305277347564697,,,,,,,,,
8,,,28119,,,,,,,,,,0.06143669784069061,,,,,,,,,
8,,,28139,,,,,,,,,,0.07646308839321136,,,,,,,,,
8,,,28159,,,,,,,,,,0.05577892065048218,,,,,,,,,
8,,,28179,,,,,,,,,,0.06330946087837219,,,,,,,,,
8,,,28199,,,,,,,,,,0.16599008440971375,,,,,,,,,
8,,,28219,,,,,,,,,,0.22637315094470978,,,,,,,,,
8,,,28239,,,,,,,,,,0.12835392355918884,,,,,,,,,
8,,,28259,,,,,,,,,,0.12235883623361588,,,,,,,,,
8,,,28279,,,,,,,,,,0.3099937438964844,,,,,,,,,
8,,,28299,,,,,,,,,,0.09208272397518158,,,,,,,,,
8,,,28319,,,,,,,,,,0.04873897135257721,,,,,,,,,
8,,,28339,,,,,,,,,,0.14607101678848267,,,,,,,,,
8,,,28359,,,,,,,,,,0.17897574603557587,,,,,,,,,
8,,,28379,,,,,,,,,,0.10849832743406296,,,,,,,,,
8,,,28399,,,,,,,,,,0.18708834052085876,,,,,,,,,
8,,,28419,,,,,,,,,,0.05910088121891022,,,,,,,,,
8,,,28439,,,,,,,,,,0.10571765154600143,,,,,,,,,
8,,,28459,,,,,,,,,,0.19874589145183563,,,,,,,,,
8,,,28479,,,,,,,,,,0.07177464663982391,,,,,,,,,
8,,,28499,,,,,,,,,,0.1101352870464325,,,,,,,,,
8,,,28519,,,,,,,,,,0.12198811024427414,,,,,,,,,
8,,,28539,,,,,,,,,,0.09023703634738922,,,,,,,,,
8,,,28559,,,,,,,,,,0.1321708858013153,,,,,,,,,
8,,,28579,,,,,,,,,,0.31218084692955017,,,,,,,,,
8,,,28599,,,,,,,,,,0.13055367767810822,,,,,,,,,
8,,,28619,,,,,,,,,,0.2309543788433075,,,,,,,,,
8,,,28639,,,,,,,,,,0.14697419106960297,,,,,,,,,
8,,,28659,,,,,,,,,,0.15016894042491913,,,,,,,,,
8,,,28679,,,,,,,,,,0.08935107290744781,,,,,,,,,
8,,,28699,,,,,,,,,,0.20217306911945343,,,,,,,,,
8,,,28719,,,,,,,,,,0.021146871149539948,,,,,,,,,
8,,,28739,,,,,,,,,,0.11171741783618927,,,,,,,,,
8,,,28759,,,,,,,,,,0.05747143551707268,,,,,,,,,
8,,,28779,,,,,,,,,,0.21751923859119415,,,,,,,,,
8,,,28799,,,,,,,,,,0.11799842119216919,,,,,,,,,
8,,,28819,,,,,,,,,,0.159120112657547,,,,,,,,,
8,,,28839,,,,,,,,,,0.09055393934249878,,,,,,,,,
8,,,28859,,,,,,,,,,0.13196918368339539,,,,,,,,,
8,,,28879,,,,,,,,,,0.2612881660461426,,,,,,,,,
8,,,28899,,,,,,,,,,0.1418178230524063,,,,,,,,,
8,,,28919,,,,,,,,,,0.22824804484844208,,,,,,,,,
8,,,28939,,,,,,,,,,0.03412938490509987,,,,,,,,,
8,,,28959,,,,,,,,,,0.06088153272867203,,,,,,,,,
8,,,28979,,,,,,,,,,0.07055629789829254,,,,,,,,,
8,,,28999,,,,,,,,,,0.13094882667064667,,,,,,,,,
8,,,29019,,,,,,,,,,0.254445880651474,,,,,,,,,
8,,,29039,,,,,,,,,,0.21960492432117462,,,,,,,,,
8,,,29059,,,,,,,,,,0.22682340443134308,,,,,,,,,
8,,,29079,,,,,,,,,,0.06962499022483826,,,,,,,,,
8,,,29099,,,,,,,,,,0.09659244120121002,,,,,,,,,
8,,,29119,,,,,,,,,,0.116704061627388,,,,,,,,,
8,,,29139,,,,,,,,,,0.08365151286125183,,,,,,,,,
8,,,29159,,,,,,,,,,0.09927316755056381,,,,,,,,,
8,,,29179,,,,,,,,,,0.15127307176589966,,,,,,,,,
8,,,29199,,,,,,,,,,0.10918233543634415,,,,,,,,,
8,,,29219,,,,,,,,,,0.16618773341178894,,,,,,,,,
8,,,29239,,,,,,,,,,0.24920834600925446,,,,,,,,,
8,,,29259,,,,,,,,,,0.22070977091789246,,,,,,,,,
8,,,29279,,,,,,,,,,0.12075279653072357,,,,,,,,,
8,,,29299,,,,,,,,,,0.07872597873210907,,,,,,,,,
8,,,29319,,,,,,,,,,0.03815611079335213,,,,,,,,,
8,,,29339,,,,,,,,,,0.14700932800769806,,,,,,,,,
8,,,29359,,,,,,,,,,0.18268825113773346,,,,,,,,,
8,,,29379,,,,,,,,,,0.09492778778076172,,,,,,,,,
8,,,29399,,,,,,,,,,0.27445003390312195,,,,,,,,,
8,,,29419,,,,,,,,,,0.12200894951820374,,,,,,,,,
8,,,29439,,,,,,,,,,0.0667935311794281,,,,,,,,,
8,,,29459,,,,,,,,,,0.09418456256389618,,,,,,,,,
8,,,29479,,,,,,,,,,0.18249274790287018,,,,,,,,,
8,,,29499,,,,,,,,,,0.08192164450883865,,,,,,,,,
8,,,29519,,,,,,,,,,0.11649048328399658,,,,,,,,,
8,,,29539,,,,,,,,,,0.09370900690555573,,,,,,,,,
8,,,29559,,,,,,,,,,0.059444647282361984,,,,,,,,,
8,,,29579,,,,,,,,,,0.1371629536151886,,,,,,,,,
8,,,29599,,,,,,,,,,0.1819218397140503,,,,,,,,,
8,,,29619,,,,,,,,,,0.09260690212249756,,,,,,,,,
8,,,29639,,,,,,,,,,0.16726961731910706,,,,,,,,,
8,,,29659,,,,,,,,,,0.10974942147731781,,,,,,,,,
8,,,29679,,,,,,,,,,0.07573074847459793,,,,,,,,,
8,,,29699,,,,,,,,,,0.07679152488708496,,,,,,,,,
8,,,29719,,,,,,,,,,0.013546034693717957,,,,,,,,,
8,,,29739,,,,,,,,,,0.22188596427440643,,,,,,,,,
8,,,29759,,,,,,,,,,0.13524478673934937,,,,,,,,,
8,,,29779,,,,,,,,,,0.034030064940452576,,,,,,,,,
8,,,29799,,,,,,,,,,0.04874490574002266,,,,,,,,,
8,,,29819,,,,,,,,,,0.18116305768489838,,,,,,,,,
8,,,29839,,,,,,,,,,0.046824730932712555,,,,,,,,,
8,,,29859,,,,,,,,,,0.13848760724067688,,,,,,,,,
8,,,29879,,,,,,,,,,0.12424534559249878,,,,,,,,,
8,,,29899,,,,,,,,,,0.10660941898822784,,,,,,,,,
8,,,29919,,,,,,,,,,0.0428958460688591,,,,,,,,,
8,,,29939,,,,,,,,,,0.10232463479042053,,,,,,,,,
8,,,29959,,,,,,,,,,0.10918031632900238,,,,,,,,,
8,,,29979,,,,,,,,,,0.07006854563951492,,,,,,,,,
8,,,29999,,,,,,,,,,0.1298067569732666,,,,,,,,,
8,,,30019,,,,,,,,,,0.13762463629245758,,,,,,,,,
8,,,30039,,,,,,,,,,0.053662706166505814,,,,,,,,,
8,,,30059,,,,,,,,,,0.09933795034885406,,,,,,,,,
8,,,30079,,,,,,,,,,0.07301589101552963,,,,,,,,,
8,,,30099,,,,,,,,,,0.14358042180538177,,,,,,,,,
8,,,30119,,,,,,,,,,0.1705501526594162,,,,,,,,,
8,,,30139,,,,,,,,,,0.12713059782981873,,,,,,,,,
8,,,30159,,,,,,,,,,0.07317234575748444,,,,,,,,,
8,,,30179,,,,,,,,,,0.06054946780204773,,,,,,,,,
8,,,30199,,,,,,,,,,0.1344296634197235,,,,,,,,,
8,,,30219,,,,,,,,,,0.11492513120174408,,,,,,,,,
8,,,30239,,,,,,,,,,0.18494457006454468,,,,,,,,,
8,,,30259,,,,,,,,,,0.18869976699352264,,,,,,,,,
8,,,30279,,,,,,,,,,0.1774170994758606,,,,,,,,,
8,,,30299,,,,,,,,,,0.03252215310931206,,,,,,,,,
8,,,30319,,,,,,,,,,0.18157686293125153,,,,,,,,,
8,,,30339,,,,,,,,,,0.21017754077911377,,,,,,,,,
8,,,30359,,,,,,,,,,0.10306694358587265,,,,,,,,,
8,,,30379,,,,,,,,,,0.04275289922952652,,,,,,,,,
8,,,30399,,,,,,,,,,0.07746576517820358,,,,,,,,,
8,,,30419,,,,,,,,,,0.24004468321800232,,,,,,,,,
8,,,30439,,,,,,,,,,0.1098349392414093,,,,,,,,,
8,,,30459,,,,,,,,,,0.21442943811416626,,,,,,,,,
8,,,30479,,,,,,,,,,0.07437124103307724,,,,,,,,,
8,,,30499,,,,,,,,,,0.06538648903369904,,,,,,,,,
8,,,30519,,,,,,,,,,0.11538448929786682,,,,,,,,,
8,,,30539,,,,,,,,,,0.1331590861082077,,,,,,,,,
8,,,30559,,,,,,,,,,0.19255331158638,,,,,,,,,
8,,,30579,,,,,,,,,,0.07174162566661835,,,,,,,,,
8,,,30599,,,,,,,,,,0.15524545311927795,,,,,,,,,
8,,,30619,,,,,,,,,,0.22072333097457886,,,,,,,,,
8,,,30639,,,,,,,,,,0.14679977297782898,,,,,,,,,
8,,,30659,,,,,,,,,,0.11085299402475357,,,,,,,,,
8,,,30679,,,,,,,,,,0.1479908525943756,,,,,,,,,
8,,,30699,,,,,,,,,,0.177018404006958,,,,,,,,,
8,,,30719,,,,,,,,,,0.040996186435222626,,,,,,,,,
8,,,30739,,,,,,,,,,0.1391645222902298,,,,,,,,,
8,,,30759,,,,,,,,,,0.11847894638776779,,,,,,,,,
8,,,30779,,,,,,,,,,0.09027743339538574,,,,,,,,,
8,,,30799,,,,,,,,,,0.1797856092453003,,,,,,,,,
8,,,30819,,,,,,,,,,0.16441072523593903,,,,,,,,,
8,,,30839,,,,,,,,,,0.12583303451538086,,,,,,,,,
8,,,30859,,,,,,,,,,0.0905265212059021,,,,,,,,,
8,,,30879,,,,,,,,,,0.2010650783777237,,,,,,,,,
8,,,30899,,,,,,,,,,0.10506236553192139,,,,,,,,,
8,,,30919,,,,,,,,,,0.0650908350944519,,,,,,,,,
8,,,30939,,,,,,,,,,0.09073751419782639,,,,,,,,,
8,,,30959,,,,,,,,,,0.13293372094631195,,,,,,,,,
8,,,30979,,,,,,,,,,0.21035954356193542,,,,,,,,,
8,,,30999,,,,,,,,,,0.19661247730255127,,,,,,,,,
8,,,31019,,,,,,,,,,0.05016760900616646,,,,,,,,,
8,,,31039,,,,,,,,,,0.19431741535663605,,,,,,,,,
8,,,31059,,,,,,,,,,0.10884527862071991,,,,,,,,,
8,,,31079,,,,,,,,,,0.13514888286590576,,,,,,,,,
8,,,31099,,,,,,,,,,0.03289453685283661,,,,,,,,,
8,,,31119,,,,,,,,,,0.14894823729991913,,,,,,,,,
8,,,31139,,,,,,,,,,0.08967818319797516,,,,,,,,,
8,,,31159,,,,,,,,,,0.22140036523342133,,,,,,,,,
8,,,31179,,,,,,,,,,0.02227475866675377,,,,,,,,,
8,,,31199,,,,,,,,,,0.016341082751750946,,,,,,,,,
8,,,31219,,,,,,,,,,0.17036381363868713,,,,,,,,,
8,,,31239,,,,,,,,,,0.1951100379228592,,,,,,,,,
8,,,31259,,,,,,,,,,0.03815433010458946,,,,,,,,,
8,,,31279,,,,,,,,,,0.13013437390327454,,,,,,,,,
8,,,31299,,,,,,,,,,0.05792552977800369,,,,,,,,,
8,,,31319,,,,,,,,,,0.04269993677735329,,,,,,,,,
8,,,31339,,,,,,,,,,0.142521470785141,,,,,,,,,
8,,,31359,,,,,,,,,,0.2708267271518707,,,,,,,,,
8,,,31379,,,,,,,,,,0.06838032603263855,,,,,,,,,
8,,,31399,,,,,,,,,,0.2816101610660553,,,,,,,,,
8,,,31419,,,,,,,,,,0.1029977798461914,,,,,,,,,
8,,,31439,,,,,,,,,,0.1559593826532364,,,,,,,,,
8,,,31459,,,,,,,,,,0.08563002198934555,,,,,,,,,
8,,,31479,,,,,,,,,,0.26225724816322327,,,,,,,,,
8,,,31499,,,,,,,,,,0.054631900042295456,,,,,,,,,
8,,,31519,,,,,,,,,,0.11945067346096039,,,,,,,,,
8,,,31539,,,,,,,,,,0.059350207448005676,,,,,,,,,
8,,,31544,,,,,,,,,,,0.7819089293479919,0.9156666994094849,0.7940243482589722,0.7810399532318115,0.8147525787353516,0.595757007598877,0.7921596765518188,0.8373454809188843,0.7819089293479919
8,,,31544,,,,,,,,0.9461748600006104,0.13060817122459412,,,,,,,,,,
,0.00029927770900082954,0.00029927770900082954,31545,,,,,,,,,,,,,,,,,,,
9,,,31559,,,,,,,,,,0.16849593818187714,,,,,,,,,
9,,,31579,,,,,,,,,,0.09433421492576599,,,,,,,,,
9,,,31599,,,,,,,,,,0.179625004529953,,,,,,,,,
9,,,31619,,,,,,,,,,0.05639180168509483,,,,,,,,,
9,,,31639,,,,,,,,,,0.2255217432975769,,,,,,,,,
9,,,31659,,,,,,,,,,0.16558179259300232,,,,,,,,,
9,,,31679,,,,,,,,,,0.10479994863271713,,,,,,,,,
9,,,31699,,,,,,,,,,0.11914308369159698,,,,,,,,,
9,,,31719,,,,,,,,,,0.1301722228527069,,,,,,,,,
9,,,31739,,,,,,,,,,0.07483062893152237,,,,,,,,,
9,,,31759,,,,,,,,,,0.08948878943920135,,,,,,,,,
9,,,31779,,,,,,,,,,0.1289181113243103,,,,,,,,,
9,,,31799,,,,,,,,,,0.08585211634635925,,,,,,,,,
9,,,31819,,,,,,,,,,0.09546127915382385,,,,,,,,,
9,,,31839,,,,,,,,,,0.23927441239356995,,,,,,,,,
9,,,31859,,,,,,,,,,0.10678592324256897,,,,,,,,,
9,,,31879,,,,,,,,,,0.09676864743232727,,,,,,,,,
9,,,31899,,,,,,,,,,0.4328667223453522,,,,,,,,,
9,,,31919,,,,,,,,,,0.1684892326593399,,,,,,,,,
9,,,31939,,,,,,,,,,0.12117490917444229,,,,,,,,,
9,,,31959,,,,,,,,,,0.15645718574523926,,,,,,,,,
9,,,31979,,,,,,,,,,0.08724363148212433,,,,,,,,,
9,,,31999,,,,,,,,,,0.04448917135596275,,,,,,,,,
9,,,32019,,,,,,,,,,0.16917097568511963,,,,,,,,,
9,,,32039,,,,,,,,,,0.06318071484565735,,,,,,,,,
9,,,32059,,,,,,,,,,0.030012663453817368,,,,,,,,,
9,,,32079,,,,,,,,,,0.12569358944892883,,,,,,,,,
9,,,32099,,,,,,,,,,0.13963523507118225,,,,,,,,,
9,,,32119,,,,,,,,,,0.2024502456188202,,,,,,,,,
9,,,32139,,,,,,,,,,0.16518791019916534,,,,,,,,,
9,,,32159,,,,,,,,,,0.05626794695854187,,,,,,,,,
9,,,32179,,,,,,,,,,0.03783167898654938,,,,,,,,,
9,,,32199,,,,,,,,,,0.05442659184336662,,,,,,,,,
9,,,32219,,,,,,,,,,0.2285236418247223,,,,,,,,,
9,,,32239,,,,,,,,,,0.23995670676231384,,,,,,,,,
9,,,32259,,,,,,,,,,0.02083485946059227,,,,,,,,,
9,,,32279,,,,,,,,,,0.06571891158819199,,,,,,,,,
9,,,32299,,,,,,,,,,0.03656197339296341,,,,,,,,,
9,,,32319,,,,,,,,,,0.3708176910877228,,,,,,,,,
9,,,32339,,,,,,,,,,0.0926661267876625,,,,,,,,,
9,,,32359,,,,,,,,,,0.08681323379278183,,,,,,,,,
9,,,32379,,,,,,,,,,0.06638989597558975,,,,,,,,,
9,,,32399,,,,,,,,,,0.1643158495426178,,,,,,,,,
9,,,32419,,,,,,,,,,0.10079905390739441,,,,,,,,,
9,,,32439,,,,,,,,,,0.12552516162395477,,,,,,,,,
9,,,32459,,,,,,,,,,0.09833399206399918,,,,,,,,,
9,,,32479,,,,,,,,,,0.25307920575141907,,,,,,,,,
9,,,32499,,,,,,,,,,0.11878065764904022,,,,,,,,,
9,,,32519,,,,,,,,,,0.28081509470939636,,,,,,,,,
9,,,32539,,,,,,,,,,0.5331127047538757,,,,,,,,,
9,,,32559,,,,,,,,,,0.12127962708473206,,,,,,,,,
9,,,32579,,,,,,,,,,0.038669195026159286,,,,,,,,,
9,,,32599,,,,,,,,,,0.09686389565467834,,,,,,,,,
9,,,32619,,,,,,,,,,0.10176093131303787,,,,,,,,,
9,,,32639,,,,,,,,,,0.16232892870903015,,,,,,,,,
9,,,32659,,,,,,,,,,0.19954238831996918,,,,,,,,,
9,,,32679,,,,,,,,,,0.036950647830963135,,,,,,,,,
9,,,32699,,,,,,,,,,0.15527378022670746,,,,,,,,,
9,,,32719,,,,,,,,,,0.12693294882774353,,,,,,,,,
9,,,32739,,,,,,,,,,0.10348033905029297,,,,,,,,,
9,,,32759,,,,,,,,,,0.09283141791820526,,,,,,,,,
9,,,32779,,,,,,,,,,0.039560675621032715,,,,,,,,,
9,,,32799,,,,,,,,,,0.07175914943218231,,,,,,,,,
9,,,32819,,,,,,,,,,0.14387723803520203,,,,,,,,,
9,,,32839,,,,,,,,,,0.07182541489601135,,,,,,,,,
9,,,32859,,,,,,,,,,0.15928968787193298,,,,,,,,,
9,,,32879,,,,,,,,,,0.17892074584960938,,,,,,,,,
9,,,32899,,,,,,,,,,0.09392588585615158,,,,,,,,,
9,,,32919,,,,,,,,,,0.04378274455666542,,,,,,,,,
9,,,32939,,,,,,,,,,0.16976185142993927,,,,,,,,,
9,,,32959,,,,,,,,,,0.11491148173809052,,,,,,,,,
9,,,32979,,,,,,,,,,0.05767030268907547,,,,,,,,,
9,,,32999,,,,,,,,,,0.07157140970230103,,,,,,,,,
9,,,33019,,,,,,,,,,0.15302330255508423,,,,,,,,,
9,,,33039,,,,,,,,,,0.19789737462997437,,,,,,,,,
9,,,33059,,,,,,,,,,0.08479984849691391,,,,,,,,,
9,,,33079,,,,,,,,,,0.02866320125758648,,,,,,,,,
9,,,33099,,,,,,,,,,0.2290862798690796,,,,,,,,,
9,,,33119,,,,,,,,,,0.1258511245250702,,,,,,,,,
9,,,33139,,,,,,,,,,0.09145618975162506,,,,,,,,,
9,,,33159,,,,,,,,,,0.16536451876163483,,,,,,,,,
9,,,33179,,,,,,,,,,0.08556196093559265,,,,,,,,,
9,,,33199,,,,,,,,,,0.10581318289041519,,,,,,,,,
9,,,33219,,,,,,,,,,0.14129042625427246,,,,,,,,,
9,,,33239,,,,,,,,,,0.02210010029375553,,,,,,,,,
9,,,33259,,,,,,,,,,0.10608133673667908,,,,,,,,,
9,,,33279,,,,,,,,,,0.05202379450201988,,,,,,,,,
9,,,33299,,,,,,,,,,0.05939717963337898,,,,,,,,,
9,,,33319,,,,,,,,,,0.030977200716733932,,,,,,,,,
9,,,33339,,,,,,,,,,0.039883870631456375,,,,,,,,,
9,,,33359,,,,,,,,,,0.09711632132530212,,,,,,,,,
9,,,33379,,,,,,,,,,0.05798112601041794,,,,,,,,,
9,,,33399,,,,,,,,,,0.14843164384365082,,,,,,,,,
9,,,33419,,,,,,,,,,0.0887770876288414,,,,,,,,,
9,,,33439,,,,,,,,,,0.10756321251392365,,,,,,,,,
9,,,33459,,,,,,,,,,0.12451223284006119,,,,,,,,,
9,,,33479,,,,,,,,,,0.1575196087360382,,,,,,,,,
9,,,33499,,,,,,,,,,0.05654187127947807,,,,,,,,,
9,,,33519,,,,,,,,,,0.1618724912405014,,,,,,,,,
9,,,33539,,,,,,,,,,0.23801454901695251,,,,,,,,,
9,,,33559,,,,,,,,,,0.0874515026807785,,,,,,,,,
9,,,33579,,,,,,,,,,0.0772453024983406,,,,,,,,,
9,,,33599,,,,,,,,,,0.21464377641677856,,,,,,,,,
9,,,33619,,,,,,,,,,0.16619116067886353,,,,,,,,,
9,,,33639,,,,,,,,,,0.08507005870342255,,,,,,,,,
9,,,33659,,,,,,,,,,0.08864819258451462,,,,,,,,,
9,,,33679,,,,,,,,,,0.23283274471759796,,,,,,,,,
9,,,33699,,,,,,,,,,0.23277164995670319,,,,,,,,,
9,,,33719,,,,,,,,,,0.10082423686981201,,,,,,,,,
9,,,33739,,,,,,,,,,0.2715732753276825,,,,,,,,,
9,,,33759,,,,,,,,,,0.031081102788448334,,,,,,,,,
9,,,33779,,,,,,,,,,0.07367534190416336,,,,,,,,,
9,,,33799,,,,,,,,,,0.10378579795360565,,,,,,,,,
9,,,33819,,,,,,,,,,0.17272239923477173,,,,,,,,,
9,,,33839,,,,,,,,,,0.10026970505714417,,,,,,,,,
9,,,33859,,,,,,,,,,0.08541092276573181,,,,,,,,,
9,,,33879,,,,,,,,,,0.06569220125675201,,,,,,,,,
9,,,33899,,,,,,,,,,0.14950710535049438,,,,,,,,,
9,,,33919,,,,,,,,,,0.04155920445919037,,,,,,,,,
9,,,33939,,,,,,,,,,0.12880848348140717,,,,,,,,,
9,,,33959,,,,,,,,,,0.04637317731976509,,,,,,,,,
9,,,33979,,,,,,,,,,0.22341635823249817,,,,,,,,,
9,,,33999,,,,,,,,,,0.1063712015748024,,,,,,,,,
9,,,34019,,,,,,,,,,0.06588465720415115,,,,,,,,,
9,,,34039,,,,,,,,,,0.12267450988292694,,,,,,,,,
9,,,34059,,,,,,,,,,0.22410736978054047,,,,,,,,,
9,,,34079,,,,,,,,,,0.09462334215641022,,,,,,,,,
9,,,34099,,,,,,,,,,0.12896285951137543,,,,,,,,,
9,,,34119,,,,,,,,,,0.08190257847309113,,,,,,,,,
9,,,34139,,,,,,,,,,0.12523561716079712,,,,,,,,,
9,,,34159,,,,,,,,,,0.08092483133077621,,,,,,,,,
9,,,34179,,,,,,,,,,0.07740561664104462,,,,,,,,,
9,,,34199,,,,,,,,,,0.10164368897676468,,,,,,,,,
9,,,34219,,,,,,,,,,0.19852867722511292,,,,,,,,,
9,,,34239,,,,,,,,,,0.20409435033798218,,,,,,,,,
9,,,34259,,,,,,,,,,0.05823779106140137,,,,,,,,,
9,,,34279,,,,,,,,,,0.04562782123684883,,,,,,,,,
9,,,34299,,,,,,,,,,0.11306089162826538,,,,,,,,,
9,,,34319,,,,,,,,,,0.1715056598186493,,,,,,,,,
9,,,34339,,,,,,,,,,0.2510742247104645,,,,,,,,,
9,,,34359,,,,,,,,,,0.14975985884666443,,,,,,,,,
9,,,34379,,,,,,,,,,0.20263326168060303,,,,,,,,,
9,,,34399,,,,,,,,,,0.05570727214217186,,,,,,,,,
9,,,34419,,,,,,,,,,0.16132988035678864,,,,,,,,,
9,,,34439,,,,,,,,,,0.23899513483047485,,,,,,,,,
9,,,34459,,,,,,,,,,0.16577067971229553,,,,,,,,,
9,,,34479,,,,,,,,,,0.11580349504947662,,,,,,,,,
9,,,34499,,,,,,,,,,0.22401146590709686,,,,,,,,,
9,,,34519,,,,,,,,,,0.07808826118707657,,,,,,,,,
9,,,34539,,,,,,,,,,0.1002306193113327,,,,,,,,,
9,,,34559,,,,,,,,,,0.04955562204122543,,,,,,,,,
9,,,34579,,,,,,,,,,0.162949800491333,,,,,,,,,
9,,,34599,,,,,,,,,,0.14214417338371277,,,,,,,,,
9,,,34619,,,,,,,,,,0.12814117968082428,,,,,,,,,
9,,,34639,,,,,,,,,,0.060313813388347626,,,,,,,,,
9,,,34659,,,,,,,,,,0.08253633975982666,,,,,,,,,
9,,,34679,,,,,,,,,,0.053487710654735565,,,,,,,,,
9,,,34699,,,,,,,,,,0.06294844299554825,,,,,,,,,
9,,,34719,,,,,,,,,,0.05954231321811676,,,,,,,,,
9,,,34739,,,,,,,,,,0.1044469103217125,,,,,,,,,
9,,,34759,,,,,,,,,,0.16705437004566193,,,,,,,,,
9,,,34779,,,,,,,,,,0.10989487171173096,,,,,,,,,
9,,,34799,,,,,,,,,,0.04059828072786331,,,,,,,,,
9,,,34819,,,,,,,,,,0.11921670287847519,,,,,,,,,
9,,,34839,,,,,,,,,,0.1320497989654541,,,,,,,,,
9,,,34859,,,,,,,,,,0.04299237206578255,,,,,,,,,
9,,,34879,,,,,,,,,,0.1440013200044632,,,,,,,,,
9,,,34899,,,,,,,,,,0.11135660111904144,,,,,,,,,
9,,,34919,,,,,,,,,,0.08938492834568024,,,,,,,,,
9,,,34939,,,,,,,,,,0.07018669694662094,,,,,,,,,
9,,,34959,,,,,,,,,,0.14182166755199432,,,,,,,,,
9,,,34979,,,,,,,,,,0.26508986949920654,,,,,,,,,
9,,,34999,,,,,,,,,,0.31045296788215637,,,,,,,,,
9,,,35019,,,,,,,,,,0.10714379698038101,,,,,,,,,
9,,,35039,,,,,,,,,,0.10929974913597107,,,,,,,,,
9,,,35049,,,,,,,,,,,0.849847674369812,0.9174627065658569,0.8271044492721558,0.6404822468757629,0.8196381330490112,0.6688037514686584,0.7040159106254578,0.9352604150772095,0.849847674369812
9,,,35049,,,,,,,,0.9507219791412354,0.1200418695807457,,,,,,,,,,
,0.00029711779206048454,0.00029711779206048454,35050,,,,,,,,,,,,,,,,,,,
10,,,35059,,,,,,,,,,0.12053469568490982,,,,,,,,,
10,,,35079,,,,,,,,,,0.19054365158081055,,,,,,,,,
10,,,35099,,,,,,,,,,0.18833167850971222,,,,,,,,,
10,,,35119,,,,,,,,,,0.08399108797311783,,,,,,,,,
10,,,35139,,,,,,,,,,0.05471223220229149,,,,,,,,,
10,,,35159,,,,,,,,,,0.23242488503456116,,,,,,,,,
10,,,35179,,,,,,,,,,0.07212996482849121,,,,,,,,,
10,,,35199,,,,,,,,,,0.12321212887763977,,,,,,,,,
10,,,35219,,,,,,,,,,0.057916462421417236,,,,,,,,,
10,,,35239,,,,,,,,,,0.11818977445363998,,,,,,,,,
10,,,35259,,,,,,,,,,0.08152642101049423,,,,,,,,,
10,,,35279,,,,,,,,,,0.0799022689461708,,,,,,,,,
10,,,35299,,,,,,,,,,0.18196998536586761,,,,,,,,,
10,,,35319,,,,,,,,,,0.0698685571551323,,,,,,,,,
10,,,35339,,,,,,,,,,0.23556464910507202,,,,,,,,,
10,,,35359,,,,,,,,,,0.08566487580537796,,,,,,,,,
10,,,35379,,,,,,,,,,0.07663528621196747,,,,,,,,,
10,,,35399,,,,,,,,,,0.0740843266248703,,,,,,,,,
10,,,35419,,,,,,,,,,0.13281364738941193,,,,,,,,,
10,,,35439,,,,,,,,,,0.10963333398103714,,,,,,,,,
10,,,35459,,,,,,,,,,0.019059523940086365,,,,,,,,,
10,,,35479,,,,,,,,,,0.2949458956718445,,,,,,,,,
10,,,35499,,,,,,,,,,0.07073748111724854,,,,,,,,,
10,,,35519,,,,,,,,,,0.17368808388710022,,,,,,,,,
10,,,35539,,,,,,,,,,0.34310847520828247,,,,,,,,,
10,,,35559,,,,,,,,,,0.0213985163718462,,,,,,,,,
10,,,35579,,,,,,,,,,0.15025876462459564,,,,,,,,,
10,,,35599,,,,,,,,,,0.06647089868783951,,,,,,,,,
10,,,35619,,,,,,,,,,0.07276482880115509,,,,,,,,,
10,,,35639,,,,,,,,,,0.08315786719322205,,,,,,,,,
10,,,35659,,,,,,,,,,0.05683930590748787,,,,,,,,,
10,,,35679,,,,,,,,,,0.07266691327095032,,,,,,,,,
10,,,35699,,,,,,,,,,0.0616154745221138,,,,,,,,,
10,,,35719,,,,,,,,,,0.11627870798110962,,,,,,,,,
10,,,35739,,,,,,,,,,0.11720889806747437,,,,,,,,,
10,,,35759,,,,,,,,,,0.09181676805019379,,,,,,,,,
10,,,35779,,,,,,,,,,0.2164246290922165,,,,,,,,,
10,,,35799,,,,,,,,,,0.07337602227926254,,,,,,,,,
10,,,35819,,,,,,,,,,0.10504309087991714,,,,,,,,,
10,,,35839,,,,,,,,,,0.12096832692623138,,,,,,,,,
10,,,35859,,,,,,,,,,0.11297023296356201,,,,,,,,,
10,,,35879,,,,,,,,,,0.18997614085674286,,,,,,,,,
10,,,35899,,,,,,,,,,0.07794767618179321,,,,,,,,,
10,,,35919,,,,,,,,,,0.10834886133670807,,,,,,,,,
10,,,35939,,,,,,,,,,0.10015018284320831,,,,,,,,,
10,,,35959,,,,,,,,,,0.07470397651195526,,,,,,,,,
10,,,35979,,,,,,,,,,0.06549353897571564,,,,,,,,,
10,,,35999,,,,,,,,,,0.24168382585048676,,,,,,,,,
10,,,36019,,,,,,,,,,0.08315204828977585,,,,,,,,,
10,,,36039,,,,,,,,,,0.08569185435771942,,,,,,,,,
10,,,36059,,,,,,,,,,0.05141238868236542,,,,,,,,,
10,,,36079,,,,,,,,,,0.06808891147375107,,,,,,,,,
10,,,36099,,,,,,,,,,0.13879840075969696,,,,,,,,,
10,,,36119,,,,,,,,,,0.1655934751033783,,,,,,,,,
10,,,36139,,,,,,,,,,0.21113499999046326,,,,,,,,,
10,,,36159,,,,,,,,,,0.12659898400306702,,,,,,,,,
10,,,36179,,,,,,,,,,0.1043984591960907,,,,,,,,,
10,,,36199,,,,,,,,,,0.06835195422172546,,,,,,,,,
10,,,36219,,,,,,,,,,0.026705365628004074,,,,,,,,,
10,,,36239,,,,,,,,,,0.05177965387701988,,,,,,,,,
10,,,36259,,,,,,,,,,0.2731061577796936,,,,,,,,,
10,,,36279,,,,,,,,,,0.029347874224185944,,,,,,,,,
10,,,36299,,,,,,,,,,0.20319142937660217,,,,,,,,,
10,,,36319,,,,,,,,,,0.08967214822769165,,,,,,,,,
10,,,36339,,,,,,,,,,0.15061204135417938,,,,,,,,,
10,,,36359,,,,,,,,,,0.13451148569583893,,,,,,,,,
10,,,36379,,,,,,,,,,0.16517923772335052,,,,,,,,,
10,,,36399,,,,,,,,,,0.06701592355966568,,,,,,,,,
10,,,36419,,,,,,,,,,0.11719784140586853,,,,,,,,,
10,,,36439,,,,,,,,,,0.19924649596214294,,,,,,,,,
10,,,36459,,,,,,,,,,0.05411701276898384,,,,,,,,,
10,,,36479,,,,,,,,,,0.4474073648452759,,,,,,,,,
10,,,36499,,,,,,,,,,0.09381207078695297,,,,,,,,,
10,,,36519,,,,,,,,,,0.049834322184324265,,,,,,,,,
10,,,36539,,,,,,,,,,0.09386362135410309,,,,,,,,,
10,,,36559,,,,,,,,,,0.2854559123516083,,,,,,,,,
10,,,36579,,,,,,,,,,0.09130771458148956,,,,,,,,,
10,,,36599,,,,,,,,,,0.07806792855262756,,,,,,,,,
10,,,36619,,,,,,,,,,0.19277088344097137,,,,,,,,,
10,,,36639,,,,,,,,,,0.06831534206867218,,,,,,,,,
10,,,36659,,,,,,,,,,0.04571617394685745,,,,,,,,,
10,,,36679,,,,,,,,,,0.07731281965970993,,,,,,,,,
10,,,36699,,,,,,,,,,0.054690372198820114,,,,,,,,,
10,,,36719,,,,,,,,,,0.017592089250683784,,,,,,,,,
10,,,36739,,,,,,,,,,0.11116495728492737,,,,,,,,,
10,,,36759,,,,,,,,,,0.10472501814365387,,,,,,,,,
10,,,36779,,,,,,,,,,0.14593523740768433,,,,,,,,,
10,,,36799,,,,,,,,,,0.06203189119696617,,,,,,,,,
10,,,36819,,,,,,,,,,0.05295930057764053,,,,,,,,,
10,,,36839,,,,,,,,,,0.05024682357907295,,,,,,,,,
10,,,36859,,,,,,,,,,0.07233260571956635,,,,,,,,,
10,,,36879,,,,,,,,,,0.09405751526355743,,,,,,,,,
10,,,36899,,,,,,,,,,0.1066887304186821,,,,,,,,,
10,,,36919,,,,,,,,,,0.04433484375476837,,,,,,,,,
10,,,36939,,,,,,,,,,0.21454854309558868,,,,,,,,,
10,,,36959,,,,,,,,,,0.19517281651496887,,,,,,,,,
10,,,36979,,,,,,,,,,0.12407156825065613,,,,,,,,,
10,,,36999,,,,,,,,,,0.051795266568660736,,,,,,,,,
10,,,37019,,,,,,,,,,0.18342013657093048,,,,,,,,,
10,,,37039,,,,,,,,,,0.015905382111668587,,,,,,,,,
10,,,37059,,,,,,,,,,0.20234069228172302,,,,,,,,,
10,,,37079,,,,,,,,,,0.02300884574651718,,,,,,,,,
10,,,37099,,,,,,,,,,0.09141473472118378,,,,,,,,,
10,,,37119,,,,,,,,,,0.02979201450943947,,,,,,,,,
10,,,37139,,,,,,,,,,0.1528603583574295,,,,,,,,,
10,,,37159,,,,,,,,,,0.05471855774521828,,,,,,,,,
10,,,37179,,,,,,,,,,0.05949211120605469,,,,,,,,,
10,,,37199,,,,,,,,,,0.06439291685819626,,,,,,,,,
10,,,37219,,,,,,,,,,0.10487101227045059,,,,,,,,,
10,,,37239,,,,,,,,,,0.11663045734167099,,,,,,,,,
10,,,37259,,,,,,,,,,0.10709298402070999,,,,,,,,,
10,,,37279,,,,,,,,,,0.07416558265686035,,,,,,,,,
10,,,37299,,,,,,,,,,0.08268599957227707,,,,,,,,,
10,,,37319,,,,,,,,,,0.02928510680794716,,,,,,,,,
10,,,37339,,,,,,,,,,0.044906385242938995,,,,,,,,,
10,,,37359,,,,,,,,,,0.018520239740610123,,,,,,,,,
10,,,37379,,,,,,,,,,0.051410578191280365,,,,,,,,,
10,,,37399,,,,,,,,,,0.15436580777168274,,,,,,,,,
10,,,37419,,,,,,,,,,0.07180779427289963,,,,,,,,,
10,,,37439,,,,,,,,,,0.09237553924322128,,,,,,,,,
10,,,37459,,,,,,,,,,0.07231124490499496,,,,,,,,,
10,,,37479,,,,,,,,,,0.2544444799423218,,,,,,,,,
10,,,37499,,,,,,,,,,0.2895865738391876,,,,,,,,,
10,,,37519,,,,,,,,,,0.06904258579015732,,,,,,,,,
10,,,37539,,,,,,,,,,0.05358565226197243,,,,,,,,,
10,,,37559,,,,,,,,,,0.0991082638502121,,,,,,,,,
10,,,37579,,,,,,,,,,0.08581496775150299,,,,,,,,,
10,,,37599,,,,,,,,,,0.06299927830696106,,,,,,,,,
10,,,37619,,,,,,,,,,0.259793221950531,,,,,,,,,
10,,,37639,,,,,,,,,,0.20672088861465454,,,,,,,,,
10,,,37659,,,,,,,,,,0.0900963544845581,,,,,,,,,
10,,,37679,,,,,,,,,,0.05578525364398956,,,,,,,,,
10,,,37699,,,,,,,,,,0.22047938406467438,,,,,,,,,
10,,,37719,,,,,,,,,,0.12413835525512695,,,,,,,,,
10,,,37739,,,,,,,,,,0.1849532425403595,,,,,,,,,
10,,,37759,,,,,,,,,,0.09200471639633179,,,,,,,,,
10,,,37779,,,,,,,,,,0.10913939774036407,,,,,,,,,
10,,,37799,,,,,,,,,,0.16478687524795532,,,,,,,,,
10,,,37819,,,,,,,,,,0.05103849619626999,,,,,,,,,
10,,,37839,,,,,,,,,,0.0942489355802536,,,,,,,,,
10,,,37859,,,,,,,,,,0.07832100987434387,,,,,,,,,
10,,,37879,,,,,,,,,,0.14621984958648682,,,,,,,,,
10,,,37899,,,,,,,,,,0.10299834609031677,,,,,,,,,
10,,,37919,,,,,,,,,,0.07378740608692169,,,,,,,,,
10,,,37939,,,,,,,,,,0.039579540491104126,,,,,,,,,
10,,,37959,,,,,,,,,,0.08326569199562073,,,,,,,,,
10,,,37979,,,,,,,,,,0.14106620848178864,,,,,,,,,
10,,,37999,,,,,,,,,,0.05133743956685066,,,,,,,,,
10,,,38019,,,,,,,,,,0.08757420629262924,,,,,,,,,
10,,,38039,,,,,,,,,,0.04742827266454697,,,,,,,,,
10,,,38059,,,,,,,,,,0.02736109308898449,,,,,,,,,
10,,,38079,,,,,,,,,,0.06771446019411087,,,,,,,,,
10,,,38099,,,,,,,,,,0.27705544233322144,,,,,,,,,
10,,,38119,,,,,,,,,,0.02667783573269844,,,,,,,,,
10,,,38139,,,,,,,,,,0.1129102110862732,,,,,,,,,
10,,,38159,,,,,,,,,,0.11558026075363159,,,,,,,,,
10,,,38179,,,,,,,,,,0.07265863567590714,,,,,,,,,
10,,,38199,,,,,,,,,,0.0741337239742279,,,,,,,,,
10,,,38219,,,,,,,,,,0.048395391553640366,,,,,,,,,
10,,,38239,,,,,,,,,,0.05959317088127136,,,,,,,,,
10,,,38259,,,,,,,,,,0.07288819551467896,,,,,,,,,
10,,,38279,,,,,,,,,,0.06998473405838013,,,,,,,,,
10,,,38299,,,,,,,,,,0.174724280834198,,,,,,,,,
10,,,38319,,,,,,,,,,0.15250717103481293,,,,,,,,,
10,,,38339,,,,,,,,,,0.09480508416891098,,,,,,,,,
10,,,38359,,,,,,,,,,0.05976834148168564,,,,,,,,,
10,,,38379,,,,,,,,,,0.018292641267180443,,,,,,,,,
10,,,38399,,,,,,,,,,0.15628904104232788,,,,,,,,,
10,,,38419,,,,,,,,,,0.16662344336509705,,,,,,,,,
10,,,38439,,,,,,,,,,0.04070357233285904,,,,,,,,,
10,,,38459,,,,,,,,,,0.07999077439308167,,,,,,,,,
10,,,38479,,,,,,,,,,0.06621158868074417,,,,,,,,,
10,,,38499,,,,,,,,,,0.07638666033744812,,,,,,,,,
10,,,38519,,,,,,,,,,0.07216845452785492,,,,,,,,,
10,,,38539,,,,,,,,,,0.041493188589811325,,,,,,,,,
10,,,38554,,,,,,,,,,,0.8312655687332153,0.9174143075942993,0.8299190998077393,0.6911422610282898,0.8286401033401489,0.6599003672599792,0.7690137624740601,0.8882665038108826,0.8312655687332153
10,,,38554,,,,,,,,0.9544762372970581,0.11203633248806,,,,,,,,,,
11,,,38555,0.7837080955505371,0.8759705424308777,0.7584465742111206,0.5895779728889465,0.7473737001419067,0.5298373103141785,0.7837080955505371,,,,,,,,,,,,
