epoch,lr-AdamW/pg1,lr-AdamW/pg2,step,train/acc,train/loss_epoch,train/loss_step,val/acc,val/f1,val/loss,val/mcc,val/precision,val/recall
,1.143098387631323e-05,1.143098387631323e-05,0,,,,,,,,,
0,,,19,,,11.919123649597168,,,,,,
0,,,39,,,10.864221572875977,,,,,,
0,,,59,,,22.164182662963867,,,,,,
0,,,79,,,14.886493682861328,,,,,,
0,,,99,,,16.759790420532227,,,,,,
0,,,119,,,10.019855499267578,,,,,,
0,,,139,,,18.661582946777344,,,,,,
0,,,159,,,11.862154006958008,,,,,,
0,,,179,,,5.063985347747803,,,,,,
0,,,199,,,3.4431214332580566,,,,,,
0,,,219,,,4.055231094360352,,,,,,
0,,,239,,,7.798168182373047,,,,,,
0,,,259,,,4.767789840698242,,,,,,
0,,,279,,,5.16072940826416,,,,,,
0,,,299,,,3.579907178878784,,,,,,
0,,,319,,,5.592714786529541,,,,,,
0,,,339,,,4.347082138061523,,,,,,
0,,,359,,,6.170863628387451,,,,,,
0,,,379,,,3.819868564605713,,,,,,
0,,,399,,,3.6855998039245605,,,,,,
0,,,419,,,6.912387847900391,,,,,,
0,,,439,,,3.107802391052246,,,,,,
0,,,459,,,11.848709106445312,,,,,,
0,,,479,,,2.8965444564819336,,,,,,
0,,,499,,,9.589473724365234,,,,,,
0,,,519,,,3.086299419403076,,,,,,
0,,,539,,,12.22343635559082,,,,,,
0,,,559,,,6.814232349395752,,,,,,
0,,,579,,,8.529626846313477,,,,,,
0,,,599,,,1.9697675704956055,,,,,,
0,,,619,,,3.0475847721099854,,,,,,
0,,,639,,,3.695591449737549,,,,,,
0,,,659,,,3.596991777420044,,,,,,
0,,,679,,,19.505338668823242,,,,,,
0,,,699,,,3.6320343017578125,,,,,,
0,,,719,,,4.337159156799316,,,,,,
0,,,739,,,2.6067938804626465,,,,,,
0,,,759,,,2.7311949729919434,,,,,,
0,,,779,,,3.3865463733673096,,,,,,
0,,,799,,,2.8780384063720703,,,,,,
0,,,819,,,2.200425863265991,,,,,,
0,,,839,,,2.4852137565612793,,,,,,
0,,,859,,,2.8291940689086914,,,,,,
0,,,879,,,2.4418230056762695,,,,,,
0,,,899,,,3.5496134757995605,,,,,,
0,,,919,,,2.150818109512329,,,,,,
0,,,939,,,4.224369049072266,,,,,,
0,,,959,,,4.824182510375977,,,,,,
0,,,979,,,3.4272966384887695,,,,,,
0,,,999,,,1.914457082748413,,,,,,
0,,,1019,,,8.535037994384766,,,,,,
0,,,1039,,,3.5831809043884277,,,,,,
0,,,1059,,,3.366363763809204,,,,,,
0,,,1079,,,3.167517900466919,,,,,,
0,,,1099,,,2.968825101852417,,,,,,
0,,,1119,,,2.2521586418151855,,,,,,
0,,,1139,,,3.8573672771453857,,,,,,
0,,,1159,,,1.8489902019500732,,,,,,
0,,,1179,,,2.3877358436584473,,,,,,
0,,,1199,,,2.1330814361572266,,,,,,
0,,,1219,,,1.8795454502105713,,,,,,
0,,,1239,,,2.24430251121521,,,,,,
0,,,1259,,,2.133697271347046,,,,,,
0,,,1279,,,2.6242499351501465,,,,,,
0,,,1299,,,2.3439393043518066,,,,,,
0,,,1319,,,3.7920310497283936,,,,,,
0,,,1339,,,2.307222843170166,,,,,,
0,,,1359,,,2.0295300483703613,,,,,,
0,,,1379,,,1.7866291999816895,,,,,,
0,,,1399,,,1.8842670917510986,,,,,,
0,,,1419,,,2.259932279586792,,,,,,
0,,,1439,,,1.878117322921753,,,,,,
0,,,1459,,,2.8313698768615723,,,,,,
0,,,1479,,,2.2540383338928223,,,,,,
0,,,1499,,,2.2000043392181396,,,,,,
0,,,1519,,,6.2974853515625,,,,,,
0,,,1539,,,1.912116527557373,,,,,,
0,,,1559,,,3.4037227630615234,,,,,,
0,,,1579,,,1.8162157535552979,,,,,,
0,,,1599,,,3.0802125930786133,,,,,,
0,,,1619,,,1.9136792421340942,,,,,,
0,,,1639,,,1.8864669799804688,,,,,,
0,,,1659,,,2.163656234741211,,,,,,
0,,,1679,,,2.342315673828125,,,,,,
0,,,1699,,,2.3940072059631348,,,,,,
0,,,1719,,,1.4791594743728638,,,,,,
0,,,1739,,,1.7534068822860718,,,,,,
0,,,1759,,,1.716310977935791,,,,,,
0,,,1779,,,1.6570290327072144,,,,,,
0,,,1799,,,1.65705406665802,,,,,,
0,,,1819,,,2.4415078163146973,,,,,,
0,,,1839,,,1.5707942247390747,,,,,,
0,,,1859,,,1.5476369857788086,,,,,,
0,,,1879,,,1.664699912071228,,,,,,
0,,,1899,,,9.63322639465332,,,,,,
0,,,1919,,,1.6895403861999512,,,,,,
0,,,1939,,,1.2719271183013916,,,,,,
0,,,1959,,,1.5406774282455444,,,,,,
0,,,1979,,,2.639598846435547,,,,,,
0,,,1999,,,1.8193399906158447,,,,,,
0,,,2019,,,1.7579691410064697,,,,,,
0,,,2039,,,2.576925277709961,,,,,,
0,,,2059,,,1.859581470489502,,,,,,
0,,,2079,,,3.830280065536499,,,,,,
0,,,2099,,,1.487518310546875,,,,,,
0,,,2119,,,1.1428720951080322,,,,,,
0,,,2139,,,2.049180269241333,,,,,,
0,,,2159,,,2.1221764087677,,,,,,
0,,,2179,,,1.3810958862304688,,,,,,
0,,,2199,,,0.9910253882408142,,,,,,
0,,,2219,,,1.5696988105773926,,,,,,
0,,,2239,,,1.7191994190216064,,,,,,
0,,,2259,,,1.804012417793274,,,,,,
0,,,2279,,,2.094503402709961,,,,,,
0,,,2299,,,3.1861705780029297,,,,,,
0,,,2319,,,4.329380035400391,,,,,,
0,,,2339,,,1.7233102321624756,,,,,,
0,,,2359,,,2.2376675605773926,,,,,,
0,,,2379,,,4.396448612213135,,,,,,
0,,,2399,,,1.6304020881652832,,,,,,
0,,,2419,,,1.7036291360855103,,,,,,
0,,,2439,,,1.3293242454528809,,,,,,
0,,,2459,,,1.747809886932373,,,,,,
0,,,2479,,,1.1826927661895752,,,,,,
0,,,2499,,,2.8176677227020264,,,,,,
0,,,2519,,,1.0020642280578613,,,,,,
0,,,2539,,,2.352898120880127,,,,,,
0,,,2559,,,1.431754469871521,,,,,,
0,,,2579,,,1.379398226737976,,,,,,
0,,,2599,,,5.840571403503418,,,,,,
0,,,2619,,,1.224450707435608,,,,,,
0,,,2639,,,1.2190146446228027,,,,,,
0,,,2659,,,1.3459479808807373,,,,,,
0,,,2679,,,3.731734275817871,,,,,,
0,,,2699,,,1.663637638092041,,,,,,
0,,,2719,,,1.5098947286605835,,,,,,
0,,,2739,,,1.5295569896697998,,,,,,
0,,,2759,,,1.7870455980300903,,,,,,
0,,,2779,,,1.1427671909332275,,,,,,
0,,,2799,,,1.2493095397949219,,,,,,
0,,,2819,,,1.8579570055007935,,,,,,
0,,,2839,,,1.5623650550842285,,,,,,
0,,,2859,,,1.223240852355957,,,,,,
0,,,2869,,,,0.4070790112018585,0.35909199714660645,13.397849082946777,0.22400794923305511,0.4407568573951721,0.4070790112018585
0,,,2869,0.6079126596450806,3.8730180263519287,,,,,,,
,1.143098387631323e-05,1.143098387631323e-05,2870,,,,,,,,,
1,,,2879,,,1.5554800033569336,,,,,,
1,,,2899,,,1.2403488159179688,,,,,,
1,,,2919,,,1.6555700302124023,,,,,,
1,,,2939,,,1.0652302503585815,,,,,,
1,,,2959,,,1.2685458660125732,,,,,,
1,,,2979,,,1.2307887077331543,,,,,,
1,,,2999,,,1.7357916831970215,,,,,,
1,,,3019,,,1.3122541904449463,,,,,,
1,,,3039,,,0.9601687788963318,,,,,,
1,,,3059,,,1.3170478343963623,,,,,,
1,,,3079,,,1.1682078838348389,,,,,,
1,,,3099,,,1.3257734775543213,,,,,,
1,,,3119,,,1.647993803024292,,,,,,
1,,,3139,,,1.643557071685791,,,,,,
1,,,3159,,,1.2360426187515259,,,,,,
1,,,3179,,,1.0881736278533936,,,,,,
1,,,3199,,,0.9926340579986572,,,,,,
1,,,3219,,,1.8931127786636353,,,,,,
1,,,3239,,,1.4393234252929688,,,,,,
1,,,3259,,,1.1882398128509521,,,,,,
1,,,3279,,,1.6262567043304443,,,,,,
1,,,3299,,,1.1965811252593994,,,,,,
1,,,3319,,,1.1961250305175781,,,,,,
1,,,3339,,,1.9443633556365967,,,,,,
1,,,3359,,,0.9341535568237305,,,,,,
1,,,3379,,,1.074310302734375,,,,,,
1,,,3399,,,1.0464075803756714,,,,,,
1,,,3419,,,1.4107263088226318,,,,,,
1,,,3439,,,0.9270145297050476,,,,,,
1,,,3459,,,5.1261210441589355,,,,,,
1,,,3479,,,1.4885663986206055,,,,,,
1,,,3499,,,1.5604040622711182,,,,,,
1,,,3519,,,1.3252581357955933,,,,,,
1,,,3539,,,1.1475852727890015,,,,,,
1,,,3559,,,1.0584124326705933,,,,,,
1,,,3579,,,1.575084924697876,,,,,,
1,,,3599,,,1.3389350175857544,,,,,,
1,,,3619,,,1.1896920204162598,,,,,,
1,,,3639,,,1.153914213180542,,,,,,
1,,,3659,,,1.2333911657333374,,,,,,
1,,,3679,,,1.014620304107666,,,,,,
1,,,3699,,,1.3217461109161377,,,,,,
1,,,3719,,,2.1492762565612793,,,,,,
1,,,3739,,,1.0942798852920532,,,,,,
1,,,3759,,,1.0837656259536743,,,,,,
1,,,3779,,,1.1938847303390503,,,,,,
1,,,3799,,,0.9983254075050354,,,,,,
1,,,3819,,,1.3989665508270264,,,,,,
1,,,3839,,,1.1987285614013672,,,,,,
1,,,3859,,,0.949843168258667,,,,,,
1,,,3879,,,1.1579686403274536,,,,,,
1,,,3899,,,1.3897336721420288,,,,,,
1,,,3919,,,1.2420381307601929,,,,,,
1,,,3939,,,1.0823924541473389,,,,,,
1,,,3959,,,1.2311277389526367,,,,,,
1,,,3979,,,1.2231733798980713,,,,,,
1,,,3999,,,1.2761844396591187,,,,,,
1,,,4019,,,0.9901648163795471,,,,,,
1,,,4039,,,1.8239564895629883,,,,,,
1,,,4059,,,1.0635641813278198,,,,,,
1,,,4079,,,0.9093791246414185,,,,,,
1,,,4099,,,1.4456589221954346,,,,,,
1,,,4119,,,0.9571053981781006,,,,,,
1,,,4139,,,1.204484224319458,,,,,,
1,,,4159,,,1.2003898620605469,,,,,,
1,,,4179,,,1.1496236324310303,,,,,,
1,,,4199,,,1.7188327312469482,,,,,,
1,,,4219,,,1.2362407445907593,,,,,,
1,,,4239,,,1.0922573804855347,,,,,,
1,,,4259,,,1.0265547037124634,,,,,,
1,,,4279,,,1.064530849456787,,,,,,
1,,,4299,,,1.3300384283065796,,,,,,
1,,,4319,,,1.271456003189087,,,,,,
1,,,4339,,,1.1036778688430786,,,,,,
1,,,4359,,,1.333414077758789,,,,,,
1,,,4379,,,1.51437509059906,,,,,,
1,,,4399,,,1.1915274858474731,,,,,,
1,,,4419,,,1.10098135471344,,,,,,
1,,,4439,,,0.9866781830787659,,,,,,
1,,,4459,,,1.0988154411315918,,,,,,
1,,,4479,,,1.149498462677002,,,,,,
1,,,4499,,,1.1795778274536133,,,,,,
1,,,4519,,,1.2360305786132812,,,,,,
1,,,4539,,,1.4419527053833008,,,,,,
1,,,4559,,,0.9823603630065918,,,,,,
1,,,4579,,,1.2019312381744385,,,,,,
1,,,4599,,,1.0826349258422852,,,,,,
1,,,4619,,,1.1395351886749268,,,,,,
1,,,4639,,,1.3041818141937256,,,,,,
1,,,4659,,,1.3633934259414673,,,,,,
1,,,4679,,,0.9252720475196838,,,,,,
1,,,4699,,,1.0911214351654053,,,,,,
1,,,4719,,,1.6512142419815063,,,,,,
1,,,4739,,,0.9790012836456299,,,,,,
1,,,4759,,,1.2965900897979736,,,,,,
1,,,4779,,,1.0319751501083374,,,,,,
1,,,4799,,,0.7944049835205078,,,,,,
1,,,4819,,,1.2153873443603516,,,,,,
1,,,4839,,,1.047890305519104,,,,,,
1,,,4859,,,1.2049720287322998,,,,,,
1,,,4879,,,1.321321725845337,,,,,,
1,,,4899,,,1.1752972602844238,,,,,,
1,,,4919,,,1.0426509380340576,,,,,,
1,,,4939,,,1.4110620021820068,,,,,,
1,,,4959,,,1.1970025300979614,,,,,,
1,,,4979,,,1.0648510456085205,,,,,,
1,,,4999,,,2.127440929412842,,,,,,
1,,,5019,,,1.2314997911453247,,,,,,
1,,,5039,,,1.168302059173584,,,,,,
1,,,5059,,,0.9758026599884033,,,,,,
1,,,5079,,,0.9618059396743774,,,,,,
1,,,5099,,,1.1431703567504883,,,,,,
1,,,5119,,,0.9997838139533997,,,,,,
1,,,5139,,,1.182240605354309,,,,,,
1,,,5159,,,1.4143071174621582,,,,,,
1,,,5179,,,1.4858967065811157,,,,,,
1,,,5199,,,1.0295417308807373,,,,,,
1,,,5219,,,1.6183114051818848,,,,,,
1,,,5239,,,1.0822803974151611,,,,,,
1,,,5259,,,1.0314419269561768,,,,,,
1,,,5279,,,0.8509212732315063,,,,,,
1,,,5299,,,1.0274394750595093,,,,,,
1,,,5319,,,0.6938501596450806,,,,,,
1,,,5339,,,0.8547430038452148,,,,,,
1,,,5359,,,1.0749499797821045,,,,,,
1,,,5379,,,1.0561648607254028,,,,,,
1,,,5399,,,1.0869214534759521,,,,,,
1,,,5419,,,1.3244218826293945,,,,,,
1,,,5439,,,1.1530508995056152,,,,,,
1,,,5459,,,1.0738275051116943,,,,,,
1,,,5479,,,1.0989768505096436,,,,,,
1,,,5499,,,0.9457764029502869,,,,,,
1,,,5519,,,0.85064697265625,,,,,,
1,,,5539,,,1.429621934890747,,,,,,
1,,,5559,,,0.8711806535720825,,,,,,
1,,,5579,,,1.3621718883514404,,,,,,
1,,,5599,,,0.9157406091690063,,,,,,
1,,,5619,,,2.8724746704101562,,,,,,
1,,,5639,,,1.090043306350708,,,,,,
1,,,5659,,,1.0520691871643066,,,,,,
1,,,5679,,,0.8359188437461853,,,,,,
1,,,5699,,,0.792458176612854,,,,,,
1,,,5719,,,1.5894289016723633,,,,,,
1,,,5739,,,1.0301262140274048,,,,,,
1,,,5739,,,,0.4067254066467285,0.3523322343826294,11.296635627746582,0.23579977452754974,0.5457532405853271,0.4067254066467285
1,,,5739,0.6394236087799072,1.3886960744857788,,,,,,,
,2.286196775262646e-05,2.286196775262646e-05,5740,,,,,,,,,
2,,,5759,,,0.9782495498657227,,,,,,
2,,,5779,,,1.1962252855300903,,,,,,
2,,,5799,,,1.8591012954711914,,,,,,
2,,,5819,,,0.9090800881385803,,,,,,
2,,,5839,,,1.1340411901474,,,,,,
2,,,5859,,,1.3341097831726074,,,,,,
2,,,5879,,,1.2141798734664917,,,,,,
2,,,5899,,,1.5061061382293701,,,,,,
2,,,5919,,,1.1054086685180664,,,,,,
2,,,5939,,,1.4467394351959229,,,,,,
2,,,5959,,,0.8289042711257935,,,,,,
2,,,5979,,,0.9544880986213684,,,,,,
2,,,5999,,,0.9946722388267517,,,,,,
2,,,6019,,,1.5384328365325928,,,,,,
2,,,6039,,,1.587855577468872,,,,,,
2,,,6059,,,1.3854188919067383,,,,,,
2,,,6079,,,1.384720802307129,,,,,,
2,,,6099,,,0.7807754278182983,,,,,,
2,,,6119,,,1.0359680652618408,,,,,,
2,,,6139,,,6.72591495513916,,,,,,
2,,,6159,,,1.5752875804901123,,,,,,
2,,,6179,,,1.0754340887069702,,,,,,
2,,,6199,,,2.509187698364258,,,,,,
2,,,6219,,,0.8864898085594177,,,,,,
2,,,6239,,,1.1314353942871094,,,,,,
2,,,6259,,,1.511810302734375,,,,,,
2,,,6279,,,0.8282942771911621,,,,,,
2,,,6299,,,1.7197186946868896,,,,,,
2,,,6319,,,0.898057222366333,,,,,,
2,,,6339,,,1.164172887802124,,,,,,
2,,,6359,,,0.7054018378257751,,,,,,
2,,,6379,,,4.1911940574646,,,,,,
2,,,6399,,,1.767765760421753,,,,,,
2,,,6419,,,1.6035875082015991,,,,,,
2,,,6439,,,0.7158627510070801,,,,,,
2,,,6459,,,1.362539291381836,,,,,,
2,,,6479,,,1.263655424118042,,,,,,
2,,,6499,,,1.0339694023132324,,,,,,
2,,,6519,,,1.092518925666809,,,,,,
2,,,6539,,,1.0073673725128174,,,,,,
2,,,6559,,,0.9919515252113342,,,,,,
2,,,6579,,,3.05298113822937,,,,,,
2,,,6599,,,1.2168262004852295,,,,,,
2,,,6619,,,1.7108585834503174,,,,,,
2,,,6639,,,0.8818389177322388,,,,,,
2,,,6659,,,1.204204797744751,,,,,,
2,,,6679,,,1.2018516063690186,,,,,,
2,,,6699,,,1.0863070487976074,,,,,,
2,,,6719,,,1.8457226753234863,,,,,,
2,,,6739,,,1.0694583654403687,,,,,,
2,,,6759,,,1.6030652523040771,,,,,,
2,,,6779,,,0.7381250858306885,,,,,,
2,,,6799,,,0.8679866790771484,,,,,,
2,,,6819,,,0.8181146383285522,,,,,,
2,,,6839,,,1.089505672454834,,,,,,
2,,,6859,,,1.2056909799575806,,,,,,
2,,,6879,,,0.8273908495903015,,,,,,
2,,,6899,,,1.5752050876617432,,,,,,
2,,,6919,,,1.0134341716766357,,,,,,
2,,,6939,,,1.019666075706482,,,,,,
2,,,6959,,,2.204171657562256,,,,,,
2,,,6979,,,1.4223525524139404,,,,,,
2,,,6999,,,0.8079462051391602,,,,,,
2,,,7019,,,1.0317490100860596,,,,,,
2,,,7039,,,1.1063203811645508,,,,,,
2,,,7059,,,0.9566819667816162,,,,,,
2,,,7079,,,3.3668293952941895,,,,,,
2,,,7099,,,0.9142968058586121,,,,,,
2,,,7119,,,1.2442288398742676,,,,,,
2,,,7139,,,0.787264347076416,,,,,,
2,,,7159,,,0.7395256757736206,,,,,,
2,,,7179,,,0.8000534772872925,,,,,,
2,,,7199,,,0.8849675059318542,,,,,,
2,,,7219,,,1.033311128616333,,,,,,
2,,,7239,,,1.1021113395690918,,,,,,
2,,,7259,,,0.9010721445083618,,,,,,
2,,,7279,,,1.1142374277114868,,,,,,
2,,,7299,,,1.1376044750213623,,,,,,
2,,,7319,,,0.7362838983535767,,,,,,
2,,,7339,,,0.9858028888702393,,,,,,
2,,,7359,,,1.0114235877990723,,,,,,
2,,,7379,,,1.2954862117767334,,,,,,
2,,,7399,,,1.1137268543243408,,,,,,
2,,,7419,,,1.6892707347869873,,,,,,
2,,,7439,,,1.3480257987976074,,,,,,
2,,,7459,,,1.6495553255081177,,,,,,
2,,,7479,,,1.3092044591903687,,,,,,
2,,,7499,,,1.1159911155700684,,,,,,
2,,,7519,,,1.5764858722686768,,,,,,
2,,,7539,,,0.9018701314926147,,,,,,
2,,,7559,,,0.8538490533828735,,,,,,
2,,,7579,,,0.8316834568977356,,,,,,
2,,,7599,,,0.9751015901565552,,,,,,
2,,,7619,,,1.022139549255371,,,,,,
2,,,7639,,,1.6596567630767822,,,,,,
2,,,7659,,,1.0064237117767334,,,,,,
2,,,7679,,,1.227739930152893,,,,,,
2,,,7699,,,1.2658488750457764,,,,,,
2,,,7719,,,0.780483067035675,,,,,,
2,,,7739,,,1.1209795475006104,,,,,,
2,,,7759,,,0.729816198348999,,,,,,
2,,,7779,,,0.978154718875885,,,,,,
2,,,7799,,,0.8599644303321838,,,,,,
2,,,7819,,,1.2316206693649292,,,,,,
2,,,7839,,,0.8390686511993408,,,,,,
2,,,7859,,,1.8586007356643677,,,,,,
2,,,7879,,,0.707021951675415,,,,,,
2,,,7899,,,0.6821747422218323,,,,,,
2,,,7919,,,1.5085082054138184,,,,,,
2,,,7939,,,0.7967156171798706,,,,,,
2,,,7959,,,1.088834285736084,,,,,,
2,,,7979,,,0.9409313797950745,,,,,,
2,,,7999,,,1.0039715766906738,,,,,,
2,,,8019,,,1.0369676351547241,,,,,,
2,,,8039,,,1.3756248950958252,,,,,,
2,,,8059,,,0.9526039361953735,,,,,,
2,,,8079,,,1.2129868268966675,,,,,,
2,,,8099,,,0.9434225559234619,,,,,,
2,,,8119,,,0.9199223518371582,,,,,,
2,,,8139,,,0.7491469383239746,,,,,,
2,,,8159,,,0.895797610282898,,,,,,
2,,,8179,,,1.143007516860962,,,,,,
2,,,8199,,,1.2664244174957275,,,,,,
2,,,8219,,,0.7256056666374207,,,,,,
2,,,8239,,,0.8820980191230774,,,,,,
2,,,8259,,,1.227676510810852,,,,,,
2,,,8279,,,0.8887941241264343,,,,,,
2,,,8299,,,1.2450528144836426,,,,,,
2,,,8319,,,1.2534198760986328,,,,,,
2,,,8339,,,1.2424273490905762,,,,,,
2,,,8359,,,1.0287907123565674,,,,,,
2,,,8379,,,0.7819533944129944,,,,,,
2,,,8399,,,0.9572312831878662,,,,,,
2,,,8419,,,1.0894503593444824,,,,,,
2,,,8439,,,1.2313117980957031,,,,,,
2,,,8459,,,0.9645259976387024,,,,,,
2,,,8479,,,1.662238597869873,,,,,,
2,,,8499,,,1.646834135055542,,,,,,
2,,,8519,,,0.9752671122550964,,,,,,
2,,,8539,,,1.2680455446243286,,,,,,
2,,,8559,,,1.0248327255249023,,,,,,
2,,,8579,,,0.9479749202728271,,,,,,
2,,,8599,,,0.829917311668396,,,,,,
2,,,8609,,,,0.42577290534973145,0.36136776208877563,11.251158714294434,0.2589031457901001,0.5969774723052979,0.42577290534973145
2,,,8609,0.6458704471588135,1.2246874570846558,,,,,,,
,3.429295162893968e-05,3.429295162893968e-05,8610,,,,,,,,,
3,,,8619,,,1.0254037380218506,,,,,,
3,,,8639,,,1.8440535068511963,,,,,,
3,,,8659,,,1.039994239807129,,,,,,
3,,,8679,,,0.9732019901275635,,,,,,
3,,,8699,,,0.8387434482574463,,,,,,
3,,,8719,,,1.1514053344726562,,,,,,
3,,,8739,,,0.6530561447143555,,,,,,
3,,,8759,,,1.0333282947540283,,,,,,
3,,,8779,,,1.0050843954086304,,,,,,
3,,,8799,,,1.0670324563980103,,,,,,
3,,,8819,,,1.040457010269165,,,,,,
3,,,8839,,,0.9439151883125305,,,,,,
3,,,8859,,,2.0002963542938232,,,,,,
3,,,8879,,,1.0319876670837402,,,,,,
3,,,8899,,,3.036196708679199,,,,,,
3,,,8919,,,1.0322028398513794,,,,,,
3,,,8939,,,1.0098655223846436,,,,,,
3,,,8959,,,1.530367374420166,,,,,,
3,,,8979,,,0.8302507996559143,,,,,,
3,,,8999,,,0.9654790163040161,,,,,,
3,,,9019,,,1.2786684036254883,,,,,,
3,,,9039,,,1.012773036956787,,,,,,
3,,,9059,,,0.7362945079803467,,,,,,
3,,,9079,,,2.0014917850494385,,,,,,
3,,,9099,,,1.6506168842315674,,,,,,
3,,,9119,,,0.8234914541244507,,,,,,
3,,,9139,,,1.2167353630065918,,,,,,
3,,,9159,,,1.0981817245483398,,,,,,
3,,,9179,,,0.7798788547515869,,,,,,
3,,,9199,,,0.9759030342102051,,,,,,
3,,,9219,,,0.8321341276168823,,,,,,
3,,,9239,,,0.9768414497375488,,,,,,
3,,,9259,,,2.0764856338500977,,,,,,
3,,,9279,,,1.1245630979537964,,,,,,
3,,,9299,,,1.1039836406707764,,,,,,
3,,,9319,,,0.6497060656547546,,,,,,
3,,,9339,,,0.8071619272232056,,,,,,
3,,,9359,,,1.1660692691802979,,,,,,
3,,,9379,,,1.197131872177124,,,,,,
3,,,9399,,,1.0197887420654297,,,,,,
3,,,9419,,,1.032468557357788,,,,,,
3,,,9439,,,0.797602117061615,,,,,,
3,,,9459,,,0.935726523399353,,,,,,
3,,,9479,,,0.9786471128463745,,,,,,
3,,,9499,,,1.1471213102340698,,,,,,
3,,,9519,,,1.049134373664856,,,,,,
3,,,9539,,,1.1791486740112305,,,,,,
3,,,9559,,,0.9157392978668213,,,,,,
3,,,9579,,,1.204172968864441,,,,,,
3,,,9599,,,1.1618859767913818,,,,,,
3,,,9619,,,0.9481630921363831,,,,,,
3,,,9639,,,0.9012028574943542,,,,,,
3,,,9659,,,0.7715436816215515,,,,,,
3,,,9679,,,2.9018681049346924,,,,,,
3,,,9699,,,1.41560697555542,,,,,,
3,,,9719,,,1.3719971179962158,,,,,,
3,,,9739,,,0.805996298789978,,,,,,
3,,,9759,,,0.9230549335479736,,,,,,
3,,,9779,,,2.1152184009552,,,,,,
3,,,9799,,,0.8149594068527222,,,,,,
3,,,9819,,,1.2145367860794067,,,,,,
3,,,9839,,,0.7824350595474243,,,,,,
3,,,9859,,,0.8419280648231506,,,,,,
3,,,9879,,,2.4718832969665527,,,,,,
3,,,9899,,,0.9033401012420654,,,,,,
3,,,9919,,,0.9396206140518188,,,,,,
3,,,9939,,,1.000636339187622,,,,,,
3,,,9959,,,0.7339075803756714,,,,,,
3,,,9979,,,1.1382944583892822,,,,,,
3,,,9999,,,0.9804518222808838,,,,,,
3,,,10019,,,1.2484601736068726,,,,,,
3,,,10039,,,0.9810317158699036,,,,,,
3,,,10059,,,1.008145809173584,,,,,,
3,,,10079,,,1.0956815481185913,,,,,,
3,,,10099,,,1.5714606046676636,,,,,,
3,,,10119,,,0.9104230403900146,,,,,,
3,,,10139,,,1.0707703828811646,,,,,,
3,,,10159,,,0.7713339924812317,,,,,,
3,,,10179,,,4.869380950927734,,,,,,
3,,,10199,,,0.6659507155418396,,,,,,
3,,,10219,,,1.023893117904663,,,,,,
3,,,10239,,,1.1265658140182495,,,,,,
3,,,10259,,,0.7734802961349487,,,,,,
3,,,10279,,,1.6408132314682007,,,,,,
3,,,10299,,,0.8207162022590637,,,,,,
3,,,10319,,,0.6450963020324707,,,,,,
3,,,10339,,,0.889707624912262,,,,,,
3,,,10359,,,1.2954630851745605,,,,,,
3,,,10379,,,1.1114439964294434,,,,,,
3,,,10399,,,0.8690428137779236,,,,,,
3,,,10419,,,0.8641645312309265,,,,,,
3,,,10439,,,0.9967713356018066,,,,,,
3,,,10459,,,1.3768525123596191,,,,,,
3,,,10479,,,0.8717830181121826,,,,,,
3,,,10499,,,1.5652576684951782,,,,,,
3,,,10519,,,0.8325287103652954,,,,,,
3,,,10539,,,0.8173881769180298,,,,,,
3,,,10559,,,0.8588942885398865,,,,,,
3,,,10579,,,0.7529066801071167,,,,,,
3,,,10599,,,0.8920178413391113,,,,,,
3,,,10619,,,1.2673845291137695,,,,,,
3,,,10639,,,1.0340125560760498,,,,,,
3,,,10659,,,1.1016631126403809,,,,,,
3,,,10679,,,0.8514531850814819,,,,,,
3,,,10699,,,0.9511576890945435,,,,,,
3,,,10719,,,0.6354624032974243,,,,,,
3,,,10739,,,1.0569108724594116,,,,,,
3,,,10759,,,0.9295166730880737,,,,,,
3,,,10779,,,0.8322669863700867,,,,,,
3,,,10799,,,1.4173858165740967,,,,,,
3,,,10819,,,0.666671097278595,,,,,,
3,,,10839,,,1.3143303394317627,,,,,,
3,,,10859,,,0.8070281147956848,,,,,,
3,,,10879,,,1.1825852394104004,,,,,,
3,,,10899,,,0.9501379728317261,,,,,,
3,,,10919,,,0.9791785478591919,,,,,,
3,,,10939,,,0.7375895977020264,,,,,,
3,,,10959,,,1.0931384563446045,,,,,,
3,,,10979,,,0.8863970041275024,,,,,,
3,,,10999,,,1.264534592628479,,,,,,
3,,,11019,,,0.6948210597038269,,,,,,
3,,,11039,,,0.9133737087249756,,,,,,
3,,,11059,,,0.9605831503868103,,,,,,
3,,,11079,,,0.8340179324150085,,,,,,
3,,,11099,,,0.8116887807846069,,,,,,
3,,,11119,,,0.9259140491485596,,,,,,
3,,,11139,,,0.7853903770446777,,,,,,
3,,,11159,,,0.6796778440475464,,,,,,
3,,,11179,,,0.8884056806564331,,,,,,
3,,,11199,,,0.9807168245315552,,,,,,
3,,,11219,,,0.9900909066200256,,,,,,
3,,,11239,,,0.8905415534973145,,,,,,
3,,,11259,,,1.345170021057129,,,,,,
3,,,11279,,,0.8213882446289062,,,,,,
3,,,11299,,,0.6554557085037231,,,,,,
3,,,11319,,,1.2852520942687988,,,,,,
3,,,11339,,,1.0090305805206299,,,,,,
3,,,11359,,,0.9955284595489502,,,,,,
3,,,11379,,,1.0510284900665283,,,,,,
3,,,11399,,,1.260061502456665,,,,,,
3,,,11419,,,0.8085138201713562,,,,,,
3,,,11439,,,0.9174596071243286,,,,,,
3,,,11459,,,1.1452165842056274,,,,,,
3,,,11479,,,0.6963995695114136,,,,,,
3,,,11479,,,,0.39444464445114136,0.3313421607017517,9.475423812866211,0.24234803020954132,0.38996636867523193,0.39444464445114136
3,,,11479,0.6672085523605347,1.08551025390625,,,,,,,
,4.572393550525292e-05,4.572393550525292e-05,11480,,,,,,,,,
4,,,11499,,,0.7071860432624817,,,,,,
4,,,11519,,,1.443532943725586,,,,,,
4,,,11539,,,5.020248889923096,,,,,,
4,,,11559,,,1.1099576950073242,,,,,,
4,,,11579,,,2.135503053665161,,,,,,
4,,,11599,,,0.9840021133422852,,,,,,
4,,,11619,,,0.844853937625885,,,,,,
4,,,11639,,,1.0355055332183838,,,,,,
4,,,11659,,,0.8455761671066284,,,,,,
4,,,11679,,,0.6763679385185242,,,,,,
4,,,11699,,,0.9900867938995361,,,,,,
4,,,11719,,,0.8421530723571777,,,,,,
4,,,11739,,,1.1168909072875977,,,,,,
4,,,11759,,,0.8870609998703003,,,,,,
4,,,11779,,,0.9614648222923279,,,,,,
4,,,11799,,,0.9936736226081848,,,,,,
4,,,11819,,,0.9347318410873413,,,,,,
4,,,11839,,,0.6658048629760742,,,,,,
4,,,11859,,,0.6879422664642334,,,,,,
4,,,11879,,,0.6582044363021851,,,,,,
4,,,11899,,,1.064690351486206,,,,,,
4,,,11919,,,0.9018470644950867,,,,,,
4,,,11939,,,1.0046268701553345,,,,,,
4,,,11959,,,1.4599049091339111,,,,,,
4,,,11979,,,0.7731486558914185,,,,,,
4,,,11999,,,0.9447863101959229,,,,,,
4,,,12019,,,6.805813312530518,,,,,,
4,,,12039,,,0.7274386882781982,,,,,,
4,,,12059,,,0.8840282559394836,,,,,,
4,,,12079,,,0.8774226903915405,,,,,,
4,,,12099,,,1.0381783246994019,,,,,,
4,,,12119,,,1.0615127086639404,,,,,,
4,,,12139,,,1.1110594272613525,,,,,,
4,,,12159,,,0.7782086133956909,,,,,,
4,,,12179,,,0.725304901599884,,,,,,
4,,,12199,,,0.8642435073852539,,,,,,
4,,,12219,,,0.8454204201698303,,,,,,
4,,,12239,,,1.0042955875396729,,,,,,
4,,,12259,,,1.553386926651001,,,,,,
4,,,12279,,,0.8683338165283203,,,,,,
4,,,12299,,,0.927987277507782,,,,,,
4,,,12319,,,1.4630205631256104,,,,,,
4,,,12339,,,0.9099166393280029,,,,,,
4,,,12359,,,0.9979197382926941,,,,,,
4,,,12379,,,0.9053339958190918,,,,,,
4,,,12399,,,0.8814492225646973,,,,,,
4,,,12419,,,0.7631162405014038,,,,,,
4,,,12439,,,1.9958287477493286,,,,,,
4,,,12459,,,0.8608086109161377,,,,,,
4,,,12479,,,1.1322667598724365,,,,,,
4,,,12499,,,0.7828186750411987,,,,,,
4,,,12519,,,1.00880765914917,,,,,,
4,,,12539,,,0.8249979019165039,,,,,,
4,,,12559,,,1.1524839401245117,,,,,,
4,,,12579,,,0.8480449914932251,,,,,,
4,,,12599,,,1.20913565158844,,,,,,
4,,,12619,,,0.6244268417358398,,,,,,
4,,,12639,,,0.8089602589607239,,,,,,
4,,,12659,,,0.9754777550697327,,,,,,
4,,,12679,,,1.5083637237548828,,,,,,
4,,,12699,,,0.7399667501449585,,,,,,
4,,,12719,,,1.0610586404800415,,,,,,
4,,,12739,,,0.7630093097686768,,,,,,
4,,,12759,,,1.2275023460388184,,,,,,
4,,,12779,,,0.9208823442459106,,,,,,
4,,,12799,,,0.7288253307342529,,,,,,
4,,,12819,,,1.0680289268493652,,,,,,
4,,,12839,,,1.1677074432373047,,,,,,
4,,,12859,,,0.7171611189842224,,,,,,
4,,,12879,,,0.8495302200317383,,,,,,
4,,,12899,,,0.54718017578125,,,,,,
4,,,12919,,,2.2643442153930664,,,,,,
4,,,12939,,,0.8879371881484985,,,,,,
4,,,12959,,,1.4828267097473145,,,,,,
4,,,12979,,,1.0765702724456787,,,,,,
4,,,12999,,,0.9356520771980286,,,,,,
4,,,13019,,,0.876037061214447,,,,,,
4,,,13039,,,1.1482282876968384,,,,,,
4,,,13059,,,1.1162656545639038,,,,,,
4,,,13079,,,0.7542794346809387,,,,,,
4,,,13099,,,0.7261348962783813,,,,,,
4,,,13119,,,0.8652166724205017,,,,,,
4,,,13139,,,1.0234360694885254,,,,,,
4,,,13159,,,0.775370717048645,,,,,,
4,,,13179,,,0.8330628275871277,,,,,,
4,,,13199,,,1.0530869960784912,,,,,,
4,,,13219,,,2.4854543209075928,,,,,,
4,,,13239,,,0.9646166563034058,,,,,,
4,,,13259,,,0.7808345556259155,,,,,,
4,,,13279,,,0.7270798683166504,,,,,,
4,,,13299,,,1.0169637203216553,,,,,,
4,,,13319,,,0.8759089708328247,,,,,,
4,,,13339,,,0.6440117955207825,,,,,,
4,,,13359,,,1.3148753643035889,,,,,,
4,,,13379,,,1.037247896194458,,,,,,
4,,,13399,,,1.0465703010559082,,,,,,
4,,,13419,,,0.7050703167915344,,,,,,
4,,,13439,,,0.7011642456054688,,,,,,
4,,,13459,,,0.7805267572402954,,,,,,
4,,,13479,,,0.7177832126617432,,,,,,
4,,,13499,,,0.8965721130371094,,,,,,
4,,,13519,,,1.0852322578430176,,,,,,
4,,,13539,,,1.0559388399124146,,,,,,
4,,,13559,,,0.6993857026100159,,,,,,
4,,,13579,,,0.6635497808456421,,,,,,
4,,,13599,,,0.9650825262069702,,,,,,
4,,,13619,,,0.9262254238128662,,,,,,
4,,,13639,,,0.9697738885879517,,,,,,
4,,,13659,,,1.0686830282211304,,,,,,
4,,,13679,,,0.9767103791236877,,,,,,
4,,,13699,,,0.8270471096038818,,,,,,
4,,,13719,,,1.1018033027648926,,,,,,
4,,,13739,,,0.7390599250793457,,,,,,
4,,,13759,,,0.9468069076538086,,,,,,
4,,,13779,,,0.8156092166900635,,,,,,
4,,,13799,,,0.5925876498222351,,,,,,
4,,,13819,,,0.7344614267349243,,,,,,
4,,,13839,,,0.8735178112983704,,,,,,
4,,,13859,,,1.018450379371643,,,,,,
4,,,13879,,,0.8330203294754028,,,,,,
4,,,13899,,,0.8412187695503235,,,,,,
4,,,13919,,,0.6760179996490479,,,,,,
4,,,13939,,,0.9745649099349976,,,,,,
4,,,13959,,,1.6609172821044922,,,,,,
4,,,13979,,,1.0562463998794556,,,,,,
4,,,13999,,,1.2698034048080444,,,,,,
4,,,14019,,,3.2065916061401367,,,,,,
4,,,14039,,,0.8649017214775085,,,,,,
4,,,14059,,,0.8239609599113464,,,,,,
4,,,14079,,,1.356221318244934,,,,,,
4,,,14099,,,0.8581726551055908,,,,,,
4,,,14119,,,1.4973405599594116,,,,,,
4,,,14139,,,1.2033116817474365,,,,,,
4,,,14159,,,0.96019047498703,,,,,,
4,,,14179,,,0.855135440826416,,,,,,
4,,,14199,,,0.791541576385498,,,,,,
4,,,14219,,,0.7370610237121582,,,,,,
4,,,14239,,,0.898313581943512,,,,,,
4,,,14259,,,0.8196156024932861,,,,,,
4,,,14279,,,0.888315737247467,,,,,,
4,,,14299,,,0.6777307987213135,,,,,,
4,,,14319,,,0.9030881524085999,,,,,,
4,,,14339,,,1.150948166847229,,,,,,
4,,,14349,,,,0.40999776124954224,0.3337211310863495,11.96196174621582,0.23560869693756104,0.32997313141822815,0.40999776124954224
4,,,14349,0.687504768371582,1.0054188966751099,,,,,,,
,5.715491938156614e-05,5.715491938156614e-05,14350,,,,,,,,,
5,,,14359,,,0.857589066028595,,,,,,
5,,,14379,,,0.7912551164627075,,,,,,
5,,,14399,,,1.260059118270874,,,,,,
5,,,14419,,,1.4563310146331787,,,,,,
5,,,14439,,,0.773758053779602,,,,,,
5,,,14459,,,1.731663465499878,,,,,,
5,,,14479,,,0.9648780822753906,,,,,,
5,,,14499,,,1.098361611366272,,,,,,
5,,,14519,,,0.8705646991729736,,,,,,
5,,,14539,,,1.6174304485321045,,,,,,
5,,,14559,,,0.9930717349052429,,,,,,
5,,,14579,,,1.0413241386413574,,,,,,
5,,,14599,,,1.1329846382141113,,,,,,
5,,,14619,,,1.137125849723816,,,,,,
5,,,14639,,,0.8318591713905334,,,,,,
5,,,14659,,,1.1658790111541748,,,,,,
5,,,14679,,,0.8695964813232422,,,,,,
5,,,14699,,,0.5924149751663208,,,,,,
5,,,14719,,,1.4154917001724243,,,,,,
5,,,14739,,,0.7399300336837769,,,,,,
5,,,14759,,,0.935121476650238,,,,,,
5,,,14779,,,0.601224422454834,,,,,,
5,,,14799,,,0.9501341581344604,,,,,,
5,,,14819,,,0.911602258682251,,,,,,
5,,,14839,,,1.054523229598999,,,,,,
5,,,14859,,,1.3547215461730957,,,,,,
5,,,14879,,,0.7943169474601746,,,,,,
5,,,14899,,,1.3709911108016968,,,,,,
5,,,14919,,,0.9564675092697144,,,,,,
5,,,14939,,,1.881317377090454,,,,,,
5,,,14959,,,0.9979434609413147,,,,,,
5,,,14979,,,0.7482568025588989,,,,,,
5,,,14999,,,0.7283774018287659,,,,,,
5,,,15019,,,1.1159964799880981,,,,,,
5,,,15039,,,0.913845419883728,,,,,,
5,,,15059,,,0.9539564847946167,,,,,,
5,,,15079,,,0.9637237787246704,,,,,,
5,,,15099,,,0.6595505475997925,,,,,,
5,,,15119,,,0.7526495456695557,,,,,,
5,,,15139,,,1.009477138519287,,,,,,
5,,,15159,,,1.0389909744262695,,,,,,
5,,,15179,,,0.6994363069534302,,,,,,
5,,,15199,,,0.8608342409133911,,,,,,
5,,,15219,,,0.6909964680671692,,,,,,
5,,,15239,,,1.257297158241272,,,,,,
5,,,15259,,,1.5573320388793945,,,,,,
5,,,15279,,,0.9241755604743958,,,,,,
5,,,15299,,,0.799329400062561,,,,,,
5,,,15319,,,0.864231288433075,,,,,,
5,,,15339,,,0.6773256063461304,,,,,,
5,,,15359,,,0.8411140441894531,,,,,,
5,,,15379,,,0.9572477340698242,,,,,,
5,,,15399,,,0.7270070910453796,,,,,,
5,,,15419,,,0.6953952312469482,,,,,,
5,,,15439,,,0.6919369101524353,,,,,,
5,,,15459,,,0.5616216659545898,,,,,,
5,,,15479,,,0.9214657545089722,,,,,,
5,,,15499,,,0.6936289668083191,,,,,,
5,,,15519,,,1.3492239713668823,,,,,,
5,,,15539,,,1.77732253074646,,,,,,
5,,,15559,,,1.0335047245025635,,,,,,
5,,,15579,,,1.8599241971969604,,,,,,
5,,,15599,,,0.8591418266296387,,,,,,
5,,,15619,,,0.9520858526229858,,,,,,
5,,,15639,,,0.8473907709121704,,,,,,
5,,,15659,,,0.8645347356796265,,,,,,
5,,,15679,,,0.8764630556106567,,,,,,
5,,,15699,,,1.3314560651779175,,,,,,
5,,,15719,,,0.6569832563400269,,,,,,
5,,,15739,,,1.0587007999420166,,,,,,
5,,,15759,,,1.1295980215072632,,,,,,
5,,,15779,,,1.037898302078247,,,,,,
5,,,15799,,,0.9333726167678833,,,,,,
5,,,15819,,,1.1145992279052734,,,,,,
5,,,15839,,,0.8954997062683105,,,,,,
5,,,15859,,,0.893606960773468,,,,,,
5,,,15879,,,0.5933185815811157,,,,,,
5,,,15899,,,1.069159984588623,,,,,,
5,,,15919,,,0.8758913278579712,,,,,,
5,,,15939,,,0.7877985239028931,,,,,,
5,,,15959,,,0.6893020868301392,,,,,,
5,,,15979,,,0.9169870615005493,,,,,,
5,,,15999,,,0.8954367637634277,,,,,,
5,,,16019,,,0.5785678029060364,,,,,,
5,,,16039,,,0.7565107941627502,,,,,,
5,,,16059,,,0.6566904783248901,,,,,,
5,,,16079,,,1.1966193914413452,,,,,,
5,,,16099,,,1.302560567855835,,,,,,
5,,,16119,,,0.9510927796363831,,,,,,
5,,,16139,,,1.1114411354064941,,,,,,
5,,,16159,,,0.6697307229042053,,,,,,
5,,,16179,,,0.9087543487548828,,,,,,
5,,,16199,,,0.6841280460357666,,,,,,
5,,,16219,,,1.2372573614120483,,,,,,
5,,,16239,,,0.5620019435882568,,,,,,
5,,,16259,,,0.8823474645614624,,,,,,
5,,,16279,,,0.995600700378418,,,,,,
5,,,16299,,,1.1646151542663574,,,,,,
5,,,16319,,,0.7660783529281616,,,,,,
5,,,16339,,,1.5858638286590576,,,,,,
5,,,16359,,,0.7077939510345459,,,,,,
5,,,16379,,,0.8132169246673584,,,,,,
5,,,16399,,,0.7743976712226868,,,,,,
5,,,16419,,,0.6206172108650208,,,,,,
5,,,16439,,,0.6278463006019592,,,,,,
5,,,16459,,,1.290372371673584,,,,,,
5,,,16479,,,1.768995761871338,,,,,,
5,,,16499,,,0.954010546207428,,,,,,
5,,,16519,,,0.7269192934036255,,,,,,
5,,,16539,,,0.8703738451004028,,,,,,
5,,,16559,,,1.098908543586731,,,,,,
5,,,16579,,,0.9181549549102783,,,,,,
5,,,16599,,,0.7418420314788818,,,,,,
5,,,16619,,,0.9305708408355713,,,,,,
5,,,16639,,,0.8400495648384094,,,,,,
5,,,16659,,,0.7767729759216309,,,,,,
5,,,16679,,,1.008032202720642,,,,,,
5,,,16699,,,0.8613263368606567,,,,,,
5,,,16719,,,1.2039339542388916,,,,,,
5,,,16739,,,1.2805581092834473,,,,,,
5,,,16759,,,1.3258285522460938,,,,,,
5,,,16779,,,0.6188714504241943,,,,,,
5,,,16799,,,0.7383472919464111,,,,,,
5,,,16819,,,0.9344649314880371,,,,,,
5,,,16839,,,1.156958818435669,,,,,,
5,,,16859,,,0.8733997344970703,,,,,,
5,,,16879,,,1.4313392639160156,,,,,,
5,,,16899,,,1.104536533355713,,,,,,
5,,,16919,,,0.6878111362457275,,,,,,
5,,,16939,,,0.6890188455581665,,,,,,
5,,,16959,,,0.7540590167045593,,,,,,
5,,,16979,,,0.6731805205345154,,,,,,
5,,,16999,,,0.9737218022346497,,,,,,
5,,,17019,,,0.5814287066459656,,,,,,
5,,,17039,,,1.2505799531936646,,,,,,
5,,,17059,,,0.6571584939956665,,,,,,
5,,,17079,,,0.7130694389343262,,,,,,
5,,,17099,,,1.0161635875701904,,,,,,
5,,,17119,,,1.5780444145202637,,,,,,
5,,,17139,,,0.7992609739303589,,,,,,
5,,,17159,,,0.6673578023910522,,,,,,
5,,,17179,,,0.6953873634338379,,,,,,
5,,,17199,,,1.1006066799163818,,,,,,
5,,,17219,,,0.6752826571464539,,,,,,
5,,,17219,,,,0.41151896119117737,0.3568606972694397,9.322598457336426,0.2666414678096771,0.41334182024002075,0.41151896119117737
5,,,17219,0.704010009765625,0.955055832862854,,,,,,,
,6.858590325787936e-05,6.858590325787936e-05,17220,,,,,,,,,
6,,,17239,,,0.9640514850616455,,,,,,
6,,,17259,,,0.9287508130073547,,,,,,
6,,,17279,,,0.8361036777496338,,,,,,
6,,,17299,,,0.7960625290870667,,,,,,
6,,,17319,,,0.7549010515213013,,,,,,
6,,,17339,,,0.8919398188591003,,,,,,
6,,,17359,,,0.8011030554771423,,,,,,
6,,,17379,,,0.7863301038742065,,,,,,
6,,,17399,,,0.7361537218093872,,,,,,
6,,,17419,,,0.9677790999412537,,,,,,
6,,,17439,,,0.6838985681533813,,,,,,
6,,,17459,,,0.9331932663917542,,,,,,
6,,,17479,,,0.805080235004425,,,,,,
6,,,17499,,,0.8670591711997986,,,,,,
6,,,17519,,,1.3225702047348022,,,,,,
6,,,17539,,,1.1037116050720215,,,,,,
6,,,17559,,,0.6278162002563477,,,,,,
6,,,17579,,,0.6432188153266907,,,,,,
6,,,17599,,,0.9691983461380005,,,,,,
6,,,17619,,,0.6977708339691162,,,,,,
6,,,17639,,,0.8759145736694336,,,,,,
6,,,17659,,,0.9267963767051697,,,,,,
6,,,17679,,,1.0518276691436768,,,,,,
6,,,17699,,,0.7331620454788208,,,,,,
6,,,17719,,,1.0206209421157837,,,,,,
6,,,17739,,,1.2548127174377441,,,,,,
6,,,17759,,,1.1348063945770264,,,,,,
6,,,17779,,,0.8387471437454224,,,,,,
6,,,17799,,,0.7517687082290649,,,,,,
6,,,17819,,,0.6973936557769775,,,,,,
6,,,17839,,,0.8525747656822205,,,,,,
6,,,17859,,,0.7832774519920349,,,,,,
6,,,17879,,,1.4545025825500488,,,,,,
6,,,17899,,,0.6049098968505859,,,,,,
6,,,17919,,,1.2335023880004883,,,,,,
6,,,17939,,,0.7832521200180054,,,,,,
6,,,17959,,,1.0075230598449707,,,,,,
6,,,17979,,,0.7727502584457397,,,,,,
6,,,17999,,,0.6202303171157837,,,,,,
6,,,18019,,,1.2452298402786255,,,,,,
6,,,18039,,,0.6638573408126831,,,,,,
6,,,18059,,,0.9359910488128662,,,,,,
6,,,18079,,,0.9762067794799805,,,,,,
6,,,18099,,,0.6975128650665283,,,,,,
6,,,18119,,,0.7271846532821655,,,,,,
6,,,18139,,,0.5888343453407288,,,,,,
6,,,18159,,,0.757447361946106,,,,,,
6,,,18179,,,0.7301291227340698,,,,,,
6,,,18199,,,1.0128891468048096,,,,,,
6,,,18219,,,0.7404987215995789,,,,,,
6,,,18239,,,0.631587028503418,,,,,,
6,,,18259,,,0.7765609622001648,,,,,,
6,,,18279,,,0.9254773259162903,,,,,,
6,,,18299,,,0.8257615566253662,,,,,,
6,,,18319,,,0.836764931678772,,,,,,
6,,,18339,,,0.957690954208374,,,,,,
6,,,18359,,,1.1758008003234863,,,,,,
6,,,18379,,,0.7062853574752808,,,,,,
6,,,18399,,,0.8165563344955444,,,,,,
6,,,18419,,,0.8641313910484314,,,,,,
6,,,18439,,,0.7573777437210083,,,,,,
6,,,18459,,,1.0441538095474243,,,,,,
6,,,18479,,,0.9401192665100098,,,,,,
6,,,18499,,,0.9166951775550842,,,,,,
6,,,18519,,,0.6678714752197266,,,,,,
6,,,18539,,,0.7418341636657715,,,,,,
6,,,18559,,,0.8242475986480713,,,,,,
6,,,18579,,,0.8714836835861206,,,,,,
6,,,18599,,,0.6609174609184265,,,,,,
6,,,18619,,,0.8758330345153809,,,,,,
6,,,18639,,,0.6895387768745422,,,,,,
6,,,18659,,,0.7165236473083496,,,,,,
6,,,18679,,,1.6896800994873047,,,,,,
6,,,18699,,,0.8101714849472046,,,,,,
6,,,18719,,,0.8391686677932739,,,,,,
6,,,18739,,,0.7726768851280212,,,,,,
6,,,18759,,,0.766882061958313,,,,,,
6,,,18779,,,0.8067899942398071,,,,,,
6,,,18799,,,0.6555172204971313,,,,,,
6,,,18819,,,1.0839437246322632,,,,,,
6,,,18839,,,0.7115640640258789,,,,,,
6,,,18859,,,0.8459917306900024,,,,,,
6,,,18879,,,0.7507503032684326,,,,,,
6,,,18899,,,0.8600245714187622,,,,,,
6,,,18919,,,1.085247278213501,,,,,,
6,,,18939,,,0.9136487245559692,,,,,,
6,,,18959,,,1.7421753406524658,,,,,,
6,,,18979,,,1.0678162574768066,,,,,,
6,,,18999,,,0.7285541892051697,,,,,,
6,,,19019,,,0.6986572742462158,,,,,,
6,,,19039,,,0.6561900973320007,,,,,,
6,,,19059,,,1.2841978073120117,,,,,,
6,,,19079,,,0.8508656024932861,,,,,,
6,,,19099,,,0.7684551477432251,,,,,,
6,,,19119,,,0.774823784828186,,,,,,
6,,,19139,,,0.9070242643356323,,,,,,
6,,,19159,,,0.788551926612854,,,,,,
6,,,19179,,,0.9473497867584229,,,,,,
6,,,19199,,,1.0285825729370117,,,,,,
6,,,19219,,,0.8241142630577087,,,,,,
6,,,19239,,,0.9754043817520142,,,,,,
6,,,19259,,,0.7863975763320923,,,,,,
6,,,19279,,,1.318305253982544,,,,,,
6,,,19299,,,0.891068696975708,,,,,,
6,,,19319,,,1.408888578414917,,,,,,
6,,,19339,,,0.8844083547592163,,,,,,
6,,,19359,,,1.609862208366394,,,,,,
6,,,19379,,,0.5731580257415771,,,,,,
6,,,19399,,,0.7000047564506531,,,,,,
6,,,19419,,,0.7228068113327026,,,,,,
6,,,19439,,,0.9732812643051147,,,,,,
6,,,19459,,,0.7583313584327698,,,,,,
6,,,19479,,,0.6430689692497253,,,,,,
6,,,19499,,,0.9344873428344727,,,,,,
6,,,19519,,,0.9873977899551392,,,,,,
6,,,19539,,,0.9113423824310303,,,,,,
6,,,19559,,,0.8473542928695679,,,,,,
6,,,19579,,,1.1564356088638306,,,,,,
6,,,19599,,,0.8019362688064575,,,,,,
6,,,19619,,,1.092138409614563,,,,,,
6,,,19639,,,0.8216487169265747,,,,,,
6,,,19659,,,0.6416458487510681,,,,,,
6,,,19679,,,0.9207083582878113,,,,,,
6,,,19699,,,1.1697463989257812,,,,,,
6,,,19719,,,0.8065626621246338,,,,,,
6,,,19739,,,1.0140020847320557,,,,,,
6,,,19759,,,0.6645642518997192,,,,,,
6,,,19779,,,0.5216055512428284,,,,,,
6,,,19799,,,1.077968716621399,,,,,,
6,,,19819,,,0.8838775157928467,,,,,,
6,,,19839,,,0.6926129460334778,,,,,,
6,,,19859,,,0.8608418703079224,,,,,,
6,,,19879,,,0.8161454200744629,,,,,,
6,,,19899,,,0.9853934049606323,,,,,,
6,,,19919,,,0.6702883243560791,,,,,,
6,,,19939,,,0.8673771619796753,,,,,,
6,,,19959,,,0.7074151039123535,,,,,,
6,,,19979,,,0.6778834462165833,,,,,,
6,,,19999,,,0.7106402516365051,,,,,,
6,,,20019,,,1.0234553813934326,,,,,,
6,,,20039,,,1.0171974897384644,,,,,,
6,,,20059,,,0.8796069622039795,,,,,,
6,,,20079,,,0.8042618632316589,,,,,,
6,,,20089,,,,0.3700444996356964,0.3128022253513336,9.585936546325684,0.20457446575164795,0.3646061420440674,0.3700444996356964
6,,,20089,0.7147212028503418,0.9003147482872009,,,,,,,
,8.001688713419259e-05,8.001688713419259e-05,20090,,,,,,,,,
7,,,20099,,,0.65211421251297,,,,,,
7,,,20119,,,1.014610767364502,,,,,,
7,,,20139,,,0.7552770376205444,,,,,,
7,,,20159,,,2.3419721126556396,,,,,,
7,,,20179,,,0.897128701210022,,,,,,
7,,,20199,,,0.8606386184692383,,,,,,
7,,,20219,,,0.641582727432251,,,,,,
7,,,20239,,,1.09617280960083,,,,,,
7,,,20259,,,1.184226155281067,,,,,,
7,,,20279,,,0.9447571039199829,,,,,,
7,,,20299,,,0.6868118047714233,,,,,,
7,,,20319,,,0.6931748390197754,,,,,,
7,,,20339,,,0.7049236297607422,,,,,,
7,,,20359,,,0.9766988754272461,,,,,,
7,,,20379,,,1.1911911964416504,,,,,,
7,,,20399,,,0.6819260120391846,,,,,,
7,,,20419,,,0.9327420592308044,,,,,,
7,,,20439,,,0.9602997899055481,,,,,,
7,,,20459,,,1.1488430500030518,,,,,,
7,,,20479,,,0.8102549910545349,,,,,,
7,,,20499,,,0.6258903741836548,,,,,,
7,,,20519,,,0.5825062990188599,,,,,,
7,,,20539,,,0.8203105926513672,,,,,,
7,,,20559,,,0.7806674242019653,,,,,,
7,,,20579,,,0.915188729763031,,,,,,
7,,,20599,,,1.4489800930023193,,,,,,
7,,,20619,,,0.8652676343917847,,,,,,
7,,,20639,,,1.2132666110992432,,,,,,
7,,,20659,,,0.8806187510490417,,,,,,
7,,,20679,,,0.8209643363952637,,,,,,
7,,,20699,,,0.9752363562583923,,,,,,
7,,,20719,,,0.6875865459442139,,,,,,
7,,,20739,,,0.8577693700790405,,,,,,
7,,,20759,,,1.1265175342559814,,,,,,
7,,,20779,,,1.0127627849578857,,,,,,
7,,,20799,,,0.8386708498001099,,,,,,
7,,,20819,,,1.6468219757080078,,,,,,
7,,,20839,,,0.8040874004364014,,,,,,
7,,,20859,,,1.051076889038086,,,,,,
7,,,20879,,,0.7385352253913879,,,,,,
7,,,20899,,,0.9519511461257935,,,,,,
7,,,20919,,,0.9126675724983215,,,,,,
7,,,20939,,,1.0428578853607178,,,,,,
7,,,20959,,,1.5748481750488281,,,,,,
7,,,20979,,,0.9450978636741638,,,,,,
7,,,20999,,,0.7421261072158813,,,,,,
7,,,21019,,,0.6318954229354858,,,,,,
7,,,21039,,,1.3185887336730957,,,,,,
7,,,21059,,,0.8721100091934204,,,,,,
7,,,21079,,,0.7069830298423767,,,,,,
7,,,21099,,,0.9381028413772583,,,,,,
7,,,21119,,,1.0021905899047852,,,,,,
7,,,21139,,,0.6635458469390869,,,,,,
7,,,21159,,,0.8033978939056396,,,,,,
7,,,21179,,,0.8979977369308472,,,,,,
7,,,21199,,,1.047988772392273,,,,,,
7,,,21219,,,0.9348129034042358,,,,,,
7,,,21239,,,0.8598177433013916,,,,,,
7,,,21259,,,1.1321523189544678,,,,,,
7,,,21279,,,0.6742714047431946,,,,,,
7,,,21299,,,0.9553638696670532,,,,,,
7,,,21319,,,0.879626989364624,,,,,,
7,,,21339,,,0.577208399772644,,,,,,
7,,,21359,,,1.0893735885620117,,,,,,
7,,,21379,,,0.8418410420417786,,,,,,
7,,,21399,,,0.743246853351593,,,,,,
7,,,21419,,,0.6923662424087524,,,,,,
7,,,21439,,,0.7600690722465515,,,,,,
7,,,21459,,,0.7200064659118652,,,,,,
7,,,21479,,,0.9855678081512451,,,,,,
7,,,21499,,,0.7498068809509277,,,,,,
7,,,21519,,,0.8431273698806763,,,,,,
7,,,21539,,,0.8833732604980469,,,,,,
7,,,21559,,,0.8390306234359741,,,,,,
7,,,21579,,,0.8711201548576355,,,,,,
7,,,21599,,,0.8635061383247375,,,,,,
7,,,21619,,,0.8586726784706116,,,,,,
7,,,21639,,,0.8012611865997314,,,,,,
7,,,21659,,,0.6009334921836853,,,,,,
7,,,21679,,,0.8240633010864258,,,,,,
7,,,21699,,,0.9473445415496826,,,,,,
7,,,21719,,,0.9641813039779663,,,,,,
7,,,21739,,,0.8276357054710388,,,,,,
7,,,21759,,,0.841727614402771,,,,,,
7,,,21779,,,0.8480068445205688,,,,,,
7,,,21799,,,1.052521824836731,,,,,,
7,,,21819,,,0.6872121095657349,,,,,,
7,,,21839,,,1.2875051498413086,,,,,,
7,,,21859,,,0.7996430993080139,,,,,,
7,,,21879,,,0.4679333567619324,,,,,,
7,,,21899,,,0.8752148151397705,,,,,,
7,,,21919,,,0.6509448289871216,,,,,,
7,,,21939,,,0.6569095253944397,,,,,,
