run_name,margin,gamma,smoothing,gambler_w,best_epoch,val_macro_prec,gated_prec@0.80,cov@0.80,gated_prec@0.85,cov@0.85,gated_prec@0.90,cov@0.90,temperature,best_ckpt
grid_hydra_m0.90_g3.0_s0.00_gw0.1,0.90,3.0,0.00,0.1,017,0.5815,0.713771516320354,0.8028846153846154,0.7124399095860865,0.8546765734265734,0.7080727341133952,0.9034090909090909,3.726,lightning_logs/grid_hydra/grid_hydra_m0.90_g3.0_s0.00_gw0.1/version_0/checkpoints/hydra-017-p0.5815.ckpt
grid_hydra_m0.70_g3.0_s0.00_gw0.1,0.70,3.0,0.00,0.1,009,0.5842,0.741772814802936,0.8071459790209791,0.705504711903703,0.8501966783216783,0.715467923119292,0.9008959790209791,4.079,lightning_logs/grid_hydra/grid_hydra_m0.70_g3.0_s0.00_gw0.1/version_0/checkpoints/hydra-009-p0.5842.ckpt
grid_hydra_m0.70_g2.0_s0.05_gw0.1,0.70,2.0,0.05,0.1,027,0.6551,0.7050575333962563,0.8065996503496503,0.7029442371291286,0.8504152097902098,0.6970378102092254,0.9005681818181818,3.017,lightning_logs/grid_hydra/grid_hydra_m0.70_g2.0_s0.05_gw0.1/version_0/checkpoints/hydra-027-p0.6551.ckpt
grid_hydra_m0.70_g2.0_s0.00_gw0.0,0.70,2.0,0.00,0.0,036,0.6498,0.7010517497520713,0.8096590909090909,0.7029274929853297,0.8539117132867133,0.6900852081113347,0.901333041958042,3.983,lightning_logs/grid_hydra/grid_hydra_m0.70_g2.0_s0.00_gw0.0/version_0/checkpoints/hydra-036-p0.6498.ckpt
grid_hydra_m0.90_g2.0_s0.00_gw0.1,0.90,2.0,0.00,0.1,027,0.6022,0.6984053262239653,0.8002622377622378,0.6944026731118123,0.8508522727272727,0.6978656133771945,0.902972027972028,4.440,lightning_logs/grid_hydra/grid_hydra_m0.90_g2.0_s0.00_gw0.1/version_0/checkpoints/hydra-027-p0.6022.ckpt
grid_hydra_m0.50_g2.0_s0.05_gw0.1,0.50,2.0,0.05,0.1,026,0.5763,0.6060697985380342,0.8002622377622378,0.6931091948921971,0.8540209790209791,0.6906091271305015,0.9018793706293706,2.501,lightning_logs/grid_hydra/grid_hydra_m0.50_g2.0_s0.05_gw0.1/version_0/checkpoints/hydra-026-p0.5763.ckpt
grid_hydra_m0.50_g2.0_s0.00_gw0.0,0.50,2.0,0.00,0.0,051,0.5781,0.6877555314388029,0.8012456293706294,0.6888681111637953,0.8578452797202797,0.5827186089144256,0.9000218531468531,4.451,lightning_logs/grid_hydra/grid_hydra_m0.50_g2.0_s0.00_gw0.0/version_0/checkpoints/hydra-051-p0.5781.ckpt
grid_hydra_m0.30_g2.0_s0.00_gw0.1,0.30,2.0,0.00,0.1,041,0.6151,0.7389934412475994,0.803868006993007,0.6840819038620097,0.8503059440559441,0.6926958688879867,0.9016608391608392,4.630,lightning_logs/grid_hydra/grid_hydra_m0.30_g2.0_s0.00_gw0.1/version_0/checkpoints/hydra-041-p0.6151.ckpt
grid_hydra_m0.50_g3.0_s0.05_gw0.1,0.50,3.0,0.05,0.1,030,0.6114,0.6307059667709645,0.8015734265734266,0.6788331334367312,0.8649475524475524,0.6776009397045375,0.9133522727272727,2.525,lightning_logs/grid_hydra/grid_hydra_m0.50_g3.0_s0.05_gw0.1/version_0/checkpoints/hydra-030-p0.6114.ckpt
grid_hydra_m0.90_g2.0_s0.00_gw0.0,0.90,2.0,0.00,0.0,017,0.5812,0.6113971398084155,0.8003715034965035,0.6594878540845546,0.8592657342657343,0.6535706098186796,0.9063592657342657,3.973,lightning_logs/grid_hydra/grid_hydra_m0.90_g2.0_s0.00_gw0.0/version_0/checkpoints/hydra-017-p0.5812.ckpt
grid_hydra_m0.30_g3.0_s0.05_gw0.0,0.30,3.0,0.05,0.0,041,0.6163,0.6530089916552542,0.8004807692307693,0.6486055764919801,0.8639641608391608,0.6476517649537652,0.9034090909090909,2.471,lightning_logs/grid_hydra/grid_hydra_m0.30_g3.0_s0.05_gw0.0/version_0/checkpoints/hydra-041-p0.6163.ckpt
grid_hydra_m0.30_g2.0_s0.05_gw0.0,0.30,2.0,0.05,0.0,048,0.6146,0.669698089364412,0.800152972027972,0.6481985872791102,0.8511800699300699,0.7094606669988331,0.9076704545454546,2.811,lightning_logs/grid_hydra/grid_hydra_m0.30_g2.0_s0.05_gw0.0/version_0/checkpoints/hydra-048-p0.6146.ckpt
grid_hydra_m0.50_g3.0_s0.00_gw0.0,0.50,3.0,0.00,0.0,051,0.5785,0.6383969087765773,0.8009178321678322,0.6473792837977292,0.8576267482517482,0.589869724236717,0.9002403846153846,4.445,lightning_logs/grid_hydra/grid_hydra_m0.50_g3.0_s0.00_gw0.0/version_0/checkpoints/hydra-051-p0.5785.ckpt
grid_hydra_m0.50_g3.0_s0.05_gw0.0,0.50,3.0,0.05,0.0,005,0.5312,0.6541799897740921,0.8276879370629371,0.6459446284445901,0.8531468531468531,0.6404573356236083,0.9055944055944056,2.021,lightning_logs/grid_hydra/grid_hydra_m0.50_g3.0_s0.05_gw0.0/version_0/checkpoints/hydra-005-p0.5312.ckpt
grid_hydra_m0.70_g3.0_s0.00_gw0.0,0.70,3.0,0.00,0.0,027,0.6029,0.6236656915145075,0.8013548951048951,0.6404804950382719,0.856097027972028,0.6144155573111463,0.9018793706293706,4.311,lightning_logs/grid_hydra/grid_hydra_m0.70_g3.0_s0.00_gw0.0/version_0/checkpoints/hydra-027-p0.6029.ckpt
grid_hydra_m0.70_g3.0_s0.05_gw0.1,0.70,3.0,0.05,0.1,008,0.5499,0.6095400546342896,0.8053977272727273,0.6221977026466824,0.8510708041958042,0.5951436085631455,0.9024256993006993,2.083,lightning_logs/grid_hydra/grid_hydra_m0.70_g3.0_s0.05_gw0.1/version_0/checkpoints/hydra-008-p0.5499.ckpt
grid_hydra_m0.50_g2.0_s0.05_gw0.0,0.50,2.0,0.05,0.0,025,0.5800,0.6203436043145676,0.8048513986013986,0.6171255873165262,0.8528190559440559,0.6127919732039395,0.9015515734265734,2.594,lightning_logs/grid_hydra/grid_hydra_m0.50_g2.0_s0.05_gw0.0/version_0/checkpoints/hydra-025-p0.5800.ckpt
grid_hydra_m0.90_g3.0_s0.05_gw0.0,0.90,3.0,0.05,0.0,018,0.5894,0.602798054158929,0.8012456293706294,0.6125073425788465,0.8516171328671329,0.6120714888015505,0.9047202797202797,2.501,lightning_logs/grid_hydra/grid_hydra_m0.90_g3.0_s0.05_gw0.0/version_0/checkpoints/hydra-018-p0.5894.ckpt
grid_hydra_m0.50_g3.0_s0.00_gw0.1,0.50,3.0,0.00,0.1,018,0.5107,0.5877690999190214,0.808784965034965,0.6090910438668067,0.8635270979020979,0.5896637752711529,0.9146634615384616,3.781,lightning_logs/grid_hydra/grid_hydra_m0.50_g3.0_s0.00_gw0.1/version_0/checkpoints/hydra-018-p0.5107.ckpt
grid_hydra_m0.70_g2.0_s0.05_gw0.0,0.70,2.0,0.05,0.0,005,0.5179,0.5493001190421776,0.8048513986013986,0.6080326814595928,0.8511800699300699,0.5930554216510872,0.9074519230769231,1.950,lightning_logs/grid_hydra/grid_hydra_m0.70_g2.0_s0.05_gw0.0/version_0/checkpoints/hydra-005-p0.5179.ckpt
grid_hydra_m0.30_g3.0_s0.05_gw0.1,0.30,3.0,0.05,0.1,016,0.5592,0.6166765291410814,0.8006993006993007,0.6076623353818245,0.8518356643356644,0.6094888009509513,0.9007867132867133,2.150,lightning_logs/grid_hydra/grid_hydra_m0.30_g3.0_s0.05_gw0.1/version_0/checkpoints/hydra-016-p0.5592.ckpt
grid_hydra_m0.30_g3.0_s0.00_gw0.1,0.30,3.0,0.00,0.1,038,0.5829,0.6180194535648291,0.8021197552447552,0.6039577809681438,0.8567526223776224,0.590406290139422,0.9000218531468531,4.259,lightning_logs/grid_hydra/grid_hydra_m0.30_g3.0_s0.00_gw0.1/version_0/checkpoints/hydra-038-p0.5829.ckpt
grid_hydra_m0.50_g2.0_s0.00_gw0.1,0.50,2.0,0.00,0.1,021,0.5768,0.6134805959447918,0.8225524475524476,0.603377886399694,0.8575174825174825,0.5984741041256458,0.9063592657342657,4.298,lightning_logs/grid_hydra/grid_hydra_m0.50_g2.0_s0.00_gw0.1/version_0/checkpoints/hydra-021-p0.5768.ckpt
grid_hydra_m0.90_g3.0_s0.05_gw0.1,0.90,3.0,0.05,0.1,020,0.5672,0.5961624782460635,0.8084571678321678,0.5985771699574869,0.8585008741258742,0.6052439161671115,0.9032998251748252,2.704,lightning_logs/grid_hydra/grid_hydra_m0.90_g3.0_s0.05_gw0.1/version_0/checkpoints/hydra-020-p0.5672.ckpt
grid_hydra_m0.90_g2.0_s0.05_gw0.1,0.90,2.0,0.05,0.1,051,0.5770,0.6247301335677053,0.8011363636363636,0.5978958610897549,0.8505244755244755,0.678181516934171,0.9016608391608392,3.317,lightning_logs/grid_hydra/grid_hydra_m0.90_g2.0_s0.05_gw0.1/version_0/checkpoints/hydra-051-p0.5770.ckpt
grid_hydra_m0.70_g3.0_s0.05_gw0.0,0.70,3.0,0.05,0.0,048,0.5853,0.6193894014574016,0.8000437062937062,0.5933702041520481,0.8503059440559441,0.590650784949204,0.900458916083916,2.714,lightning_logs/grid_hydra/grid_hydra_m0.70_g3.0_s0.05_gw0.0/version_0/checkpoints/hydra-048-p0.5853.ckpt
grid_hydra_m0.30_g2.0_s0.05_gw0.1,0.30,2.0,0.05,0.1,014,0.5142,0.6374991595087508,0.8002622377622378,0.5932640675763123,0.8517263986013986,0.5438016959169678,0.9027534965034965,2.613,lightning_logs/grid_hydra/grid_hydra_m0.30_g2.0_s0.05_gw0.1/version_0/checkpoints/hydra-014-p0.5142.ckpt
grid_hydra_m0.30_g3.0_s0.00_gw0.0,0.30,3.0,0.00,0.0,020,0.5366,0.5758919218538957,0.8008085664335665,0.5898042997928081,0.8528190559440559,0.5869010928487608,0.9023164335664335,3.438,lightning_logs/grid_hydra/grid_hydra_m0.30_g3.0_s0.00_gw0.0/version_0/checkpoints/hydra-020-p0.5366.ckpt
grid_hydra_m0.90_g2.0_s0.05_gw0.0,0.90,2.0,0.05,0.0,033,0.5621,0.5945945888198817,0.8003715034965035,0.5723560074911165,0.8516171328671329,0.6299585772660725,0.9024256993006993,2.769,lightning_logs/grid_hydra/grid_hydra_m0.90_g2.0_s0.05_gw0.0/version_0/checkpoints/hydra-033-p0.5621.ckpt
grid_hydra_m0.70_g2.0_s0.00_gw0.1,0.70,2.0,0.00,0.1,057,0.5584,0.5726386313150297,0.8004807692307693,0.569340782686071,0.8511800699300699,0.577280611949974,0.9001311188811189,4.660,lightning_logs/grid_hydra/grid_hydra_m0.70_g2.0_s0.00_gw0.1/version_0/checkpoints/hydra-057-p0.5584.ckpt
grid_hydra_m0.30_g2.0_s0.00_gw0.0,0.30,2.0,0.00,0.0,021,0.5394,0.6099066031780701,0.8028846153846154,0.5533099266668512,0.8545673076923077,0.5581056628571514,0.9019886363636364,3.557,lightning_logs/grid_hydra/grid_hydra_m0.30_g2.0_s0.00_gw0.0/version_0/checkpoints/hydra-021-p0.5394.ckpt
grid_hydra_m0.90_g3.0_s0.00_gw0.0,0.90,3.0,0.00,0.0,014,0.5128,0.598106957105415,0.8022290209790209,0.548893495046066,0.8509615384615384,0.5315759647447765,0.9049388111888111,2.587,lightning_logs/grid_hydra/grid_hydra_m0.90_g3.0_s0.00_gw0.0/version_0/checkpoints/hydra-014-p0.5128.ckpt
