epoch,lr-AdamW/pg1,lr-AdamW/pg2,step,test/acc,test/auroc,test/f1,test/loss,test/macro_precision,test/mcc,test/recall,train/acc,train/loss_epoch,train/loss_step,val/acc,val/auroc,val/f1,val/loss,val/macro_precision,val/mcc,val/precision_c0,val/precision_c1,val/precision_c2,val/precision_c3,val/recall
,3.75e-05,3.75e-05,0,,,,,,,,,,,,,,,,,,,,,
0,,,19,,,,,,,,,,2.3540711402893066,,,,,,,,,,,
0,,,39,,,,,,,,,,2.03844952583313,,,,,,,,,,,
0,,,59,,,,,,,,,,2.1195785999298096,,,,,,,,,,,
0,,,79,,,,,,,,,,1.8841066360473633,,,,,,,,,,,
0,,,99,,,,,,,,,,1.6273086071014404,,,,,,,,,,,
0,,,119,,,,,,,,,,1.8090659379959106,,,,,,,,,,,
0,,,139,,,,,,,,,,1.375943660736084,,,,,,,,,,,
0,,,159,,,,,,,,,,1.3707159757614136,,,,,,,,,,,
0,,,179,,,,,,,,,,1.3977450132369995,,,,,,,,,,,
0,,,199,,,,,,,,,,1.4517757892608643,,,,,,,,,,,
0,,,219,,,,,,,,,,1.482618808746338,,,,,,,,,,,
0,,,239,,,,,,,,,,1.3742038011550903,,,,,,,,,,,
0,,,259,,,,,,,,,,0.7693729996681213,,,,,,,,,,,
0,,,279,,,,,,,,,,0.9009385108947754,,,,,,,,,,,
0,,,299,,,,,,,,,,0.9403343796730042,,,,,,,,,,,
0,,,319,,,,,,,,,,0.9682942628860474,,,,,,,,,,,
0,,,339,,,,,,,,,,0.5588855743408203,,,,,,,,,,,
0,,,359,,,,,,,,,,0.8874621987342834,,,,,,,,,,,
0,,,379,,,,,,,,,,0.9086748361587524,,,,,,,,,,,
0,,,399,,,,,,,,,,1.2855442762374878,,,,,,,,,,,
0,,,419,,,,,,,,,,1.6522210836410522,,,,,,,,,,,
0,,,439,,,,,,,,,,1.4994702339172363,,,,,,,,,,,
0,,,459,,,,,,,,,,0.8258658647537231,,,,,,,,,,,
0,,,479,,,,,,,,,,1.04646897315979,,,,,,,,,,,
0,,,499,,,,,,,,,,0.6155047416687012,,,,,,,,,,,
0,,,519,,,,,,,,,,1.7974884510040283,,,,,,,,,,,
0,,,539,,,,,,,,,,0.6204896569252014,,,,,,,,,,,
0,,,559,,,,,,,,,,0.9135847091674805,,,,,,,,,,,
0,,,579,,,,,,,,,,1.0597302913665771,,,,,,,,,,,
0,,,581,,,,,,,,,,,0.3782748579978943,0.6548253893852234,0.26419365406036377,2.591068744659424,0.49648624658584595,0.1971893161535263,1.0,0.24210526049137115,0.26599690318107605,0.4778428077697754,0.3782748579978943
0,,,581,,,,,,,,0.554777204990387,1.3140153884887695,,,,,,,,,,,,
,7.5e-05,7.5e-05,582,,,,,,,,,,,,,,,,,,,,,
1,,,599,,,,,,,,,,1.2953453063964844,,,,,,,,,,,
1,,,619,,,,,,,,,,0.7766828536987305,,,,,,,,,,,
1,,,639,,,,,,,,,,0.6531753540039062,,,,,,,,,,,
1,,,659,,,,,,,,,,0.9957420825958252,,,,,,,,,,,
1,,,679,,,,,,,,,,1.3748313188552856,,,,,,,,,,,
1,,,699,,,,,,,,,,1.1049580574035645,,,,,,,,,,,
1,,,719,,,,,,,,,,0.4795118272304535,,,,,,,,,,,
1,,,739,,,,,,,,,,0.7979350090026855,,,,,,,,,,,
1,,,759,,,,,,,,,,0.8175804615020752,,,,,,,,,,,
1,,,779,,,,,,,,,,1.8192750215530396,,,,,,,,,,,
1,,,799,,,,,,,,,,0.7572884559631348,,,,,,,,,,,
1,,,819,,,,,,,,,,0.7112511992454529,,,,,,,,,,,
1,,,839,,,,,,,,,,1.6112064123153687,,,,,,,,,,,
1,,,859,,,,,,,,,,0.6298325061798096,,,,,,,,,,,
1,,,879,,,,,,,,,,1.0745803117752075,,,,,,,,,,,
1,,,899,,,,,,,,,,0.5831708908081055,,,,,,,,,,,
1,,,919,,,,,,,,,,0.7268995642662048,,,,,,,,,,,
1,,,939,,,,,,,,,,0.3898605406284332,,,,,,,,,,,
1,,,959,,,,,,,,,,0.3813440799713135,,,,,,,,,,,
1,,,979,,,,,,,,,,0.9330042004585266,,,,,,,,,,,
1,,,999,,,,,,,,,,0.6469123363494873,,,,,,,,,,,
1,,,1019,,,,,,,,,,0.772566020488739,,,,,,,,,,,
1,,,1039,,,,,,,,,,0.5134215354919434,,,,,,,,,,,
1,,,1059,,,,,,,,,,0.6468207240104675,,,,,,,,,,,
1,,,1079,,,,,,,,,,0.44323626160621643,,,,,,,,,,,
1,,,1099,,,,,,,,,,1.9433040618896484,,,,,,,,,,,
1,,,1119,,,,,,,,,,0.6431583166122437,,,,,,,,,,,
1,,,1139,,,,,,,,,,0.49933189153671265,,,,,,,,,,,
1,,,1159,,,,,,,,,,0.3500468134880066,,,,,,,,,,,
1,,,1163,,,,,,,,,,,0.5363714694976807,0.7253594994544983,0.3638908863067627,2.2885255813598633,0.4859199821949005,0.2962009310722351,0.748633861541748,0.17858554422855377,0.34304279088974,0.6734177470207214,0.5363714694976807
1,,,1163,,,,,,,,0.6625908017158508,0.8327965140342712,,,,,,,,,,,,
,0.0001125,0.0001125,1164,,,,,,,,,,,,,,,,,,,,,
2,,,1179,,,,,,,,,,0.7301437854766846,,,,,,,,,,,
2,,,1199,,,,,,,,,,1.1013966798782349,,,,,,,,,,,
2,,,1219,,,,,,,,,,1.01933753490448,,,,,,,,,,,
2,,,1239,,,,,,,,,,0.5660560727119446,,,,,,,,,,,
2,,,1259,,,,,,,,,,0.3198244869709015,,,,,,,,,,,
2,,,1279,,,,,,,,,,1.265897512435913,,,,,,,,,,,
2,,,1299,,,,,,,,,,0.9448218941688538,,,,,,,,,,,
2,,,1319,,,,,,,,,,0.3749029040336609,,,,,,,,,,,
2,,,1339,,,,,,,,,,0.7461919784545898,,,,,,,,,,,
2,,,1359,,,,,,,,,,0.8613646030426025,,,,,,,,,,,
2,,,1379,,,,,,,,,,0.4287652373313904,,,,,,,,,,,
2,,,1399,,,,,,,,,,0.3010501265525818,,,,,,,,,,,
2,,,1419,,,,,,,,,,1.156487226486206,,,,,,,,,,,
2,,,1439,,,,,,,,,,0.39712101221084595,,,,,,,,,,,
2,,,1459,,,,,,,,,,0.4932856261730194,,,,,,,,,,,
2,,,1479,,,,,,,,,,0.9942446947097778,,,,,,,,,,,
2,,,1499,,,,,,,,,,0.8303030133247375,,,,,,,,,,,
2,,,1519,,,,,,,,,,0.3783164322376251,,,,,,,,,,,
2,,,1539,,,,,,,,,,1.3189668655395508,,,,,,,,,,,
2,,,1559,,,,,,,,,,0.4683026075363159,,,,,,,,,,,
2,,,1579,,,,,,,,,,0.7143250107765198,,,,,,,,,,,
2,,,1599,,,,,,,,,,0.5817695260047913,,,,,,,,,,,
2,,,1619,,,,,,,,,,0.30817046761512756,,,,,,,,,,,
2,,,1639,,,,,,,,,,0.1444278359413147,,,,,,,,,,,
2,,,1659,,,,,,,,,,0.8431527614593506,,,,,,,,,,,
2,,,1679,,,,,,,,,,0.6733083724975586,,,,,,,,,,,
2,,,1699,,,,,,,,,,0.6205345988273621,,,,,,,,,,,
2,,,1719,,,,,,,,,,1.0676566362380981,,,,,,,,,,,
2,,,1739,,,,,,,,,,0.4051961600780487,,,,,,,,,,,
2,,,1745,,,,,,,,,,,0.4626721441745758,0.7517917156219482,0.37221235036849976,2.085489511489868,0.425559937953949,0.24866341054439545,0.6560846567153931,0.26942354440689087,0.39877718687057495,0.3779544532299042,0.4626721441745758
2,,,1745,,,,,,,,0.7226153612136841,0.6621371507644653,,,,,,,,,,,,
,0.00015,0.00015,1746,,,,,,,,,,,,,,,,,,,,,
3,,,1759,,,,,,,,,,1.503951072692871,,,,,,,,,,,
3,,,1779,,,,,,,,,,0.8271939158439636,,,,,,,,,,,
3,,,1799,,,,,,,,,,0.7969611287117004,,,,,,,,,,,
3,,,1819,,,,,,,,,,0.3444901704788208,,,,,,,,,,,
3,,,1839,,,,,,,,,,0.17314139008522034,,,,,,,,,,,
3,,,1859,,,,,,,,,,0.59257972240448,,,,,,,,,,,
3,,,1879,,,,,,,,,,0.266939640045166,,,,,,,,,,,
3,,,1899,,,,,,,,,,0.5708680152893066,,,,,,,,,,,
3,,,1919,,,,,,,,,,0.4041622579097748,,,,,,,,,,,
3,,,1939,,,,,,,,,,0.38884517550468445,,,,,,,,,,,
3,,,1959,,,,,,,,,,0.5882386565208435,,,,,,,,,,,
3,,,1979,,,,,,,,,,0.26277345418930054,,,,,,,,,,,
3,,,1999,,,,,,,,,,0.5704082250595093,,,,,,,,,,,
3,,,2019,,,,,,,,,,0.5163477659225464,,,,,,,,,,,
3,,,2039,,,,,,,,,,0.2981041371822357,,,,,,,,,,,
3,,,2059,,,,,,,,,,0.2587701678276062,,,,,,,,,,,
3,,,2079,,,,,,,,,,1.1265058517456055,,,,,,,,,,,
3,,,2099,,,,,,,,,,0.28898870944976807,,,,,,,,,,,
3,,,2119,,,,,,,,,,1.4799656867980957,,,,,,,,,,,
3,,,2139,,,,,,,,,,0.3321588337421417,,,,,,,,,,,
3,,,2159,,,,,,,,,,0.4192204773426056,,,,,,,,,,,
3,,,2179,,,,,,,,,,0.6800219416618347,,,,,,,,,,,
3,,,2199,,,,,,,,,,0.26279112696647644,,,,,,,,,,,
3,,,2219,,,,,,,,,,0.2880295515060425,,,,,,,,,,,
3,,,2239,,,,,,,,,,0.35909682512283325,,,,,,,,,,,
3,,,2259,,,,,,,,,,0.183309406042099,,,,,,,,,,,
3,,,2279,,,,,,,,,,0.6416867971420288,,,,,,,,,,,
3,,,2299,,,,,,,,,,0.5439239144325256,,,,,,,,,,,
3,,,2319,,,,,,,,,,0.2793239653110504,,,,,,,,,,,
3,,,2327,,,,,,,,,,,0.41216814517974854,0.6823769807815552,0.3712279796600342,4.915972709655762,0.53814297914505,0.2555570602416992,0.5556700825691223,0.5,0.32575756311416626,0.7711442708969116,0.41216814517974854
3,,,2327,,,,,,,,0.744159996509552,0.5944398641586304,,,,,,,,,,,,
,0.00018749999999999998,0.00018749999999999998,2328,,,,,,,,,,,,,,,,,,,,,
4,,,2339,,,,,,,,,,0.37975916266441345,,,,,,,,,,,
4,,,2359,,,,,,,,,,0.45836299657821655,,,,,,,,,,,
4,,,2379,,,,,,,,,,0.44508370757102966,,,,,,,,,,,
4,,,2399,,,,,,,,,,0.1644047051668167,,,,,,,,,,,
4,,,2419,,,,,,,,,,0.3193148076534271,,,,,,,,,,,
4,,,2439,,,,,,,,,,0.7460394501686096,,,,,,,,,,,
4,,,2459,,,,,,,,,,2.022120714187622,,,,,,,,,,,
4,,,2479,,,,,,,,,,0.21444684267044067,,,,,,,,,,,
4,,,2499,,,,,,,,,,0.20620925724506378,,,,,,,,,,,
4,,,2519,,,,,,,,,,0.31846562027931213,,,,,,,,,,,
4,,,2539,,,,,,,,,,0.9280651211738586,,,,,,,,,,,
4,,,2559,,,,,,,,,,0.8192470669746399,,,,,,,,,,,
4,,,2579,,,,,,,,,,0.15202441811561584,,,,,,,,,,,
4,,,2599,,,,,,,,,,0.3864270746707916,,,,,,,,,,,
4,,,2619,,,,,,,,,,0.2169821709394455,,,,,,,,,,,
4,,,2639,,,,,,,,,,0.6806000471115112,,,,,,,,,,,
4,,,2659,,,,,,,,,,0.2677769660949707,,,,,,,,,,,
4,,,2679,,,,,,,,,,0.5512453317642212,,,,,,,,,,,
4,,,2699,,,,,,,,,,0.7980110049247742,,,,,,,,,,,
4,,,2719,,,,,,,,,,0.40037521719932556,,,,,,,,,,,
4,,,2739,,,,,,,,,,0.9769802093505859,,,,,,,,,,,
4,,,2759,,,,,,,,,,0.16336672008037567,,,,,,,,,,,
4,,,2779,,,,,,,,,,0.14141659438610077,,,,,,,,,,,
4,,,2799,,,,,,,,,,0.25711241364479065,,,,,,,,,,,
4,,,2819,,,,,,,,,,0.1927160620689392,,,,,,,,,,,
4,,,2839,,,,,,,,,,0.19506233930587769,,,,,,,,,,,
4,,,2859,,,,,,,,,,0.34878304600715637,,,,,,,,,,,
4,,,2879,,,,,,,,,,0.5657737255096436,,,,,,,,,,,
4,,,2899,,,,,,,,,,0.24728228151798248,,,,,,,,,,,
4,,,2909,,,,,,,,,,,0.5106353759765625,0.7510070204734802,0.43260863423347473,2.9684712886810303,0.4579031765460968,0.26253393292427063,0.5645630955696106,0.2931596040725708,0.34209924936294556,0.6317907571792603,0.5106353759765625
4,,,2909,,,,,,,,0.769310712814331,0.5117456316947937,,,,,,,,,,,,
,0.000225,0.000225,2910,,,,,,,,,,,,,,,,,,,,,
5,,,2919,,,,,,,,,,1.1319127082824707,,,,,,,,,,,
5,,,2939,,,,,,,,,,0.35309019684791565,,,,,,,,,,,
5,,,2959,,,,,,,,,,0.3404481112957001,,,,,,,,,,,
5,,,2979,,,,,,,,,,0.473542183637619,,,,,,,,,,,
5,,,2999,,,,,,,,,,0.23632028698921204,,,,,,,,,,,
5,,,3019,,,,,,,,,,0.34028151631355286,,,,,,,,,,,
5,,,3039,,,,,,,,,,0.13294380903244019,,,,,,,,,,,
5,,,3059,,,,,,,,,,1.0616018772125244,,,,,,,,,,,
5,,,3079,,,,,,,,,,1.1275426149368286,,,,,,,,,,,
5,,,3099,,,,,,,,,,0.5926849842071533,,,,,,,,,,,
5,,,3119,,,,,,,,,,1.2617175579071045,,,,,,,,,,,
5,,,3139,,,,,,,,,,0.10264039784669876,,,,,,,,,,,
5,,,3159,,,,,,,,,,1.2287404537200928,,,,,,,,,,,
5,,,3179,,,,,,,,,,0.2472294121980667,,,,,,,,,,,
5,,,3199,,,,,,,,,,0.29945018887519836,,,,,,,,,,,
5,,,3219,,,,,,,,,,0.2760905623435974,,,,,,,,,,,
5,,,3239,,,,,,,,,,1.5808072090148926,,,,,,,,,,,
5,,,3259,,,,,,,,,,0.2276056557893753,,,,,,,,,,,
5,,,3279,,,,,,,,,,0.8114476799964905,,,,,,,,,,,
5,,,3299,,,,,,,,,,0.17951089143753052,,,,,,,,,,,
5,,,3319,,,,,,,,,,0.8678601980209351,,,,,,,,,,,
5,,,3339,,,,,,,,,,0.3356310725212097,,,,,,,,,,,
5,,,3359,,,,,,,,,,0.8174449801445007,,,,,,,,,,,
5,,,3379,,,,,,,,,,0.8303302526473999,,,,,,,,,,,
5,,,3399,,,,,,,,,,0.1278589814901352,,,,,,,,,,,
5,,,3419,,,,,,,,,,0.871042013168335,,,,,,,,,,,
5,,,3439,,,,,,,,,,0.30836379528045654,,,,,,,,,,,
5,,,3459,,,,,,,,,,0.13802623748779297,,,,,,,,,,,
5,,,3479,,,,,,,,,,0.17523053288459778,,,,,,,,,,,
5,,,3491,,,,,,,,,,,0.37903881072998047,0.6752525568008423,0.30937254428863525,4.773550510406494,0.36225277185440063,0.20767714083194733,0.6352518200874329,0.06748466193675995,0.30605944991111755,0.440215140581131,0.37903881072998047
5,,,3491,,,,,,,,0.779005229473114,0.4923451840877533,,,,,,,,,,,,
,0.0002625,0.0002625,3492,,,,,,,,,,,,,,,,,,,,,
6,,,3499,,,,,,,,,,0.2253250926733017,,,,,,,,,,,
6,,,3519,,,,,,,,,,0.9803681373596191,,,,,,,,,,,
6,,,3539,,,,,,,,,,0.2875296175479889,,,,,,,,,,,
6,,,3559,,,,,,,,,,0.17288002371788025,,,,,,,,,,,
6,,,3579,,,,,,,,,,0.520390510559082,,,,,,,,,,,
6,,,3599,,,,,,,,,,0.557052731513977,,,,,,,,,,,
6,,,3619,,,,,,,,,,0.09461468458175659,,,,,,,,,,,
6,,,3639,,,,,,,,,,0.1771734654903412,,,,,,,,,,,
6,,,3659,,,,,,,,,,0.7951710820198059,,,,,,,,,,,
6,,,3679,,,,,,,,,,0.330607533454895,,,,,,,,,,,
6,,,3699,,,,,,,,,,0.35800668597221375,,,,,,,,,,,
6,,,3719,,,,,,,,,,0.6270725727081299,,,,,,,,,,,
6,,,3739,,,,,,,,,,0.16731584072113037,,,,,,,,,,,
6,,,3759,,,,,,,,,,0.12870539724826813,,,,,,,,,,,
6,,,3779,,,,,,,,,,0.19834204018115997,,,,,,,,,,,
6,,,3799,,,,,,,,,,0.33570876717567444,,,,,,,,,,,
6,,,3819,,,,,,,,,,0.31540006399154663,,,,,,,,,,,
6,,,3839,,,,,,,,,,1.0776535272598267,,,,,,,,,,,
6,,,3859,,,,,,,,,,0.4029916822910309,,,,,,,,,,,
6,,,3879,,,,,,,,,,0.1432180106639862,,,,,,,,,,,
6,,,3899,,,,,,,,,,0.1406518518924713,,,,,,,,,,,
6,,,3919,,,,,,,,,,0.8762059807777405,,,,,,,,,,,
6,,,3939,,,,,,,,,,0.4025929868221283,,,,,,,,,,,
6,,,3959,,,,,,,,,,0.1664540022611618,,,,,,,,,,,
6,,,3979,,,,,,,,,,0.21737609803676605,,,,,,,,,,,
6,,,3999,,,,,,,,,,0.8868502378463745,,,,,,,,,,,
6,,,4019,,,,,,,,,,0.26097261905670166,,,,,,,,,,,
6,,,4039,,,,,,,,,,0.44884684681892395,,,,,,,,,,,
6,,,4059,,,,,,,,,,0.27770015597343445,,,,,,,,,,,
6,,,4073,,,,,,,,,,,0.43878766894340515,0.7629390954971313,0.3905947208404541,4.070492744445801,0.5646451711654663,0.30998072028160095,0.7620818018913269,0.41295546293258667,0.2878834903240204,0.7956600189208984,0.43878766894340515
6,,,4073,,,,,,,,0.7868648767471313,0.4671807587146759,,,,,,,,,,,,
,0.0003,0.0003,4074,,,,,,,,,,,,,,,,,,,,,
7,,,4079,,,,,,,,,,0.3183254599571228,,,,,,,,,,,
7,,,4099,,,,,,,,,,0.15278729796409607,,,,,,,,,,,
7,,,4119,,,,,,,,,,0.1464688777923584,,,,,,,,,,,
7,,,4139,,,,,,,,,,0.2629946172237396,,,,,,,,,,,
7,,,4159,,,,,,,,,,0.1679665446281433,,,,,,,,,,,
7,,,4179,,,,,,,,,,0.18960139155387878,,,,,,,,,,,
7,,,4199,,,,,,,,,,0.12929309904575348,,,,,,,,,,,
7,,,4219,,,,,,,,,,0.291840523481369,,,,,,,,,,,
7,,,4239,,,,,,,,,,0.10181254893541336,,,,,,,,,,,
7,,,4259,,,,,,,,,,1.707413911819458,,,,,,,,,,,
7,,,4279,,,,,,,,,,0.4365389943122864,,,,,,,,,,,
7,,,4299,,,,,,,,,,0.07755443453788757,,,,,,,,,,,
7,,,4319,,,,,,,,,,0.45244356989860535,,,,,,,,,,,
7,,,4339,,,,,,,,,,0.12106181681156158,,,,,,,,,,,
7,,,4359,,,,,,,,,,1.7724579572677612,,,,,,,,,,,
7,,,4379,,,,,,,,,,0.6453604102134705,,,,,,,,,,,
7,,,4399,,,,,,,,,,0.1479903608560562,,,,,,,,,,,
7,,,4419,,,,,,,,,,1.5462981462478638,,,,,,,,,,,
7,,,4439,,,,,,,,,,0.07838188111782074,,,,,,,,,,,
7,,,4459,,,,,,,,,,0.1484050154685974,,,,,,,,,,,
7,,,4479,,,,,,,,,,0.3928288519382477,,,,,,,,,,,
7,,,4499,,,,,,,,,,1.1839447021484375,,,,,,,,,,,
7,,,4519,,,,,,,,,,0.7671979665756226,,,,,,,,,,,
7,,,4539,,,,,,,,,,0.4247698485851288,,,,,,,,,,,
7,,,4559,,,,,,,,,,0.14341294765472412,,,,,,,,,,,
7,,,4579,,,,,,,,,,0.18844783306121826,,,,,,,,,,,
7,,,4599,,,,,,,,,,0.18831384181976318,,,,,,,,,,,
7,,,4619,,,,,,,,,,0.33029282093048096,,,,,,,,,,,
7,,,4639,,,,,,,,,,0.14691932499408722,,,,,,,,,,,
7,,,4655,,,,,,,,,,,0.47949686646461487,0.7087362408638,0.399566113948822,4.404648303985596,0.5269766449928284,0.31229734420776367,0.8557589054107666,0.2341311126947403,0.3029366433620453,0.7150799036026001,0.47949686646461487
7,,,4655,,,,,,,,0.8008698225021362,0.4204270839691162,,,,,,,,,,,,
,0.0003,0.0003,4656,,,,,,,,,,,,,,,,,,,,,
8,,,4659,,,,,,,,,,0.23639364540576935,,,,,,,,,,,
8,,,4679,,,,,,,,,,0.39326512813568115,,,,,,,,,,,
8,,,4699,,,,,,,,,,0.11943259835243225,,,,,,,,,,,
8,,,4719,,,,,,,,,,0.20024961233139038,,,,,,,,,,,
8,,,4739,,,,,,,,,,0.12716220319271088,,,,,,,,,,,
8,,,4759,,,,,,,,,,0.638767659664154,,,,,,,,,,,
8,,,4779,,,,,,,,,,0.15256193280220032,,,,,,,,,,,
8,,,4799,,,,,,,,,,0.22790972888469696,,,,,,,,,,,
8,,,4819,,,,,,,,,,0.3760538399219513,,,,,,,,,,,
8,,,4839,,,,,,,,,,0.1499813199043274,,,,,,,,,,,
8,,,4859,,,,,,,,,,0.0997328907251358,,,,,,,,,,,
8,,,4879,,,,,,,,,,0.15183240175247192,,,,,,,,,,,
8,,,4899,,,,,,,,,,0.15261995792388916,,,,,,,,,,,
8,,,4919,,,,,,,,,,0.09555718302726746,,,,,,,,,,,
8,,,4939,,,,,,,,,,0.4611290395259857,,,,,,,,,,,
8,,,4959,,,,,,,,,,0.34738537669181824,,,,,,,,,,,
8,,,4979,,,,,,,,,,0.17814449965953827,,,,,,,,,,,
8,,,4999,,,,,,,,,,0.1308206021785736,,,,,,,,,,,
8,,,5019,,,,,,,,,,0.0969744622707367,,,,,,,,,,,
8,,,5039,,,,,,,,,,0.5247937440872192,,,,,,,,,,,
8,,,5059,,,,,,,,,,0.13807108998298645,,,,,,,,,,,
8,,,5079,,,,,,,,,,0.11254946887493134,,,,,,,,,,,
8,,,5099,,,,,,,,,,0.11760560423135757,,,,,,,,,,,
8,,,5119,,,,,,,,,,0.5032481551170349,,,,,,,,,,,
8,,,5139,,,,,,,,,,0.4053378999233246,,,,,,,,,,,
8,,,5159,,,,,,,,,,0.8143234252929688,,,,,,,,,,,
8,,,5179,,,,,,,,,,0.11059043556451797,,,,,,,,,,,
8,,,5199,,,,,,,,,,0.1494155079126358,,,,,,,,,,,
8,,,5219,,,,,,,,,,0.8396007418632507,,,,,,,,,,,
8,,,5237,,,,,,,,,,,0.5307662487030029,0.7585245370864868,0.4442984461784363,3.067140817642212,0.5087589025497437,0.32635700702667236,0.7668638825416565,0.16058991849422455,0.38042202591896057,0.7271597385406494,0.5307662487030029
8,,,5237,,,,,,,,0.8186823725700378,0.37842121720314026,,,,,,,,,,,,
,0.0002997263331334976,0.0002997263331334976,5238,,,,,,,,,,,,,,,,,,,,,
9,,,5239,,,,,,,,,,0.5214501619338989,,,,,,,,,,,
9,,,5259,,,,,,,,,,0.13741694390773773,,,,,,,,,,,
9,,,5279,,,,,,,,,,0.8870154619216919,,,,,,,,,,,
9,,,5299,,,,,,,,,,0.22355715930461884,,,,,,,,,,,
9,,,5319,,,,,,,,,,0.13373811542987823,,,,,,,,,,,
9,,,5339,,,,,,,,,,0.13306695222854614,,,,,,,,,,,
9,,,5359,,,,,,,,,,0.1847553551197052,,,,,,,,,,,
9,,,5379,,,,,,,,,,0.12866432964801788,,,,,,,,,,,
9,,,5399,,,,,,,,,,0.1348896026611328,,,,,,,,,,,
9,,,5419,,,,,,,,,,0.12882289290428162,,,,,,,,,,,
9,,,5439,,,,,,,,,,0.47999799251556396,,,,,,,,,,,
9,,,5459,,,,,,,,,,0.1017942801117897,,,,,,,,,,,
9,,,5479,,,,,,,,,,0.22149863839149475,,,,,,,,,,,
9,,,5499,,,,,,,,,,0.2239636480808258,,,,,,,,,,,
9,,,5519,,,,,,,,,,0.8215875029563904,,,,,,,,,,,
9,,,5539,,,,,,,,,,0.928711473941803,,,,,,,,,,,
9,,,5559,,,,,,,,,,0.29724371433258057,,,,,,,,,,,
9,,,5579,,,,,,,,,,0.526081919670105,,,,,,,,,,,
9,,,5599,,,,,,,,,,0.16152583062648773,,,,,,,,,,,
9,,,5619,,,,,,,,,,1.0308281183242798,,,,,,,,,,,
9,,,5639,,,,,,,,,,0.44500067830085754,,,,,,,,,,,
9,,,5659,,,,,,,,,,0.8098862171173096,,,,,,,,,,,
9,,,5679,,,,,,,,,,0.594332754611969,,,,,,,,,,,
9,,,5699,,,,,,,,,,0.14163535833358765,,,,,,,,,,,
9,,,5719,,,,,,,,,,0.0625661164522171,,,,,,,,,,,
9,,,5739,,,,,,,,,,0.3420127332210541,,,,,,,,,,,
9,,,5759,,,,,,,,,,0.2935149371623993,,,,,,,,,,,
9,,,5779,,,,,,,,,,0.5612707734107971,,,,,,,,,,,
9,,,5799,,,,,,,,,,0.5231195688247681,,,,,,,,,,,
9,,,5819,,,,,,,,,,0.7601000070571899,,,,,,,,,,,
9,,,5819,,,,,,,,,,,0.44599777460098267,0.711725115776062,0.39520585536956787,5.465125560760498,0.47880804538726807,0.3261856138706207,0.7682634592056274,0.17224881052970886,0.3120567500591278,0.6626631617546082,0.44599777460098267
9,,,5819,,,,,,,,0.8241755962371826,0.3712160885334015,,,,,,,,,,,,
,0.00029890633111470807,0.00029890633111470807,5820,,,,,,,,,,,,,,,,,,,,,
10,,,5839,,,,,,,,,,0.8796893358230591,,,,,,,,,,,
10,,,5859,,,,,,,,,,0.5187082886695862,,,,,,,,,,,
10,,,5879,,,,,,,,,,0.33263298869132996,,,,,,,,,,,
10,,,5899,,,,,,,,,,0.5831602811813354,,,,,,,,,,,
10,,,5919,,,,,,,,,,0.0696745216846466,,,,,,,,,,,
10,,,5939,,,,,,,,,,0.11488936096429825,,,,,,,,,,,
10,,,5959,,,,,,,,,,1.200870394706726,,,,,,,,,,,
10,,,5979,,,,,,,,,,0.15073393285274506,,,,,,,,,,,
10,,,5999,,,,,,,,,,0.07020242512226105,,,,,,,,,,,
10,,,6019,,,,,,,,,,0.09000495821237564,,,,,,,,,,,
10,,,6039,,,,,,,,,,1.3517013788223267,,,,,,,,,,,
10,,,6059,,,,,,,,,,0.6415531039237976,,,,,,,,,,,
10,,,6079,,,,,,,,,,0.18932974338531494,,,,,,,,,,,
10,,,6099,,,,,,,,,,0.08469592034816742,,,,,,,,,,,
10,,,6119,,,,,,,,,,0.6718403100967407,,,,,,,,,,,
10,,,6139,,,,,,,,,,0.09812477231025696,,,,,,,,,,,
10,,,6159,,,,,,,,,,0.07815644145011902,,,,,,,,,,,
10,,,6179,,,,,,,,,,0.23968534171581268,,,,,,,,,,,
10,,,6199,,,,,,,,,,0.1928347498178482,,,,,,,,,,,
10,,,6219,,,,,,,,,,0.0711178332567215,,,,,,,,,,,
10,,,6239,,,,,,,,,,0.13371114432811737,,,,,,,,,,,
10,,,6259,,,,,,,,,,0.29761022329330444,,,,,,,,,,,
10,,,6279,,,,,,,,,,0.22422538697719574,,,,,,,,,,,
10,,,6299,,,,,,,,,,0.18737086653709412,,,,,,,,,,,
10,,,6319,,,,,,,,,,0.09088999032974243,,,,,,,,,,,
10,,,6339,,,,,,,,,,0.18729537725448608,,,,,,,,,,,
10,,,6359,,,,,,,,,,0.1214570701122284,,,,,,,,,,,
10,,,6379,,,,,,,,,,1.7735012769699097,,,,,,,,,,,
10,,,6399,,,,,,,,,,0.8452592492103577,,,,,,,,,,,
10,,,6401,,,,,,,,,,,0.43273794651031494,0.6985149383544922,0.33690088987350464,5.582295894622803,0.4642961323261261,0.22956086695194244,0.7201800346374512,0.25120308995246887,0.2897423505783081,0.5960590839385986,0.43273794651031494
10,,,6401,,,,,,,,0.8330806493759155,0.3558351397514343,,,,,,,,,,,,
,0.00029754298604207154,0.00029754298604207154,6402,,,,,,,,,,,,,,,,,,,,,
11,,,6419,,,,,,,,,,0.6391782760620117,,,,,,,,,,,
11,,,6439,,,,,,,,,,0.4266832172870636,,,,,,,,,,,
11,,,6459,,,,,,,,,,0.2339969277381897,,,,,,,,,,,
11,,,6479,,,,,,,,,,0.4338231682777405,,,,,,,,,,,
11,,,6499,,,,,,,,,,0.1471695750951767,,,,,,,,,,,
11,,,6519,,,,,,,,,,0.18298356235027313,,,,,,,,,,,
11,,,6539,,,,,,,,,,0.07027563452720642,,,,,,,,,,,
11,,,6559,,,,,,,,,,0.811468243598938,,,,,,,,,,,
11,,,6579,,,,,,,,,,0.780267596244812,,,,,,,,,,,
11,,,6599,,,,,,,,,,0.13409720361232758,,,,,,,,,,,
11,,,6619,,,,,,,,,,0.5604041814804077,,,,,,,,,,,
11,,,6639,,,,,,,,,,0.16248027980327606,,,,,,,,,,,
11,,,6659,,,,,,,,,,0.6595428586006165,,,,,,,,,,,
11,,,6679,,,,,,,,,,1.0476487874984741,,,,,,,,,,,
11,,,6699,,,,,,,,,,0.22194959223270416,,,,,,,,,,,
11,,,6719,,,,,,,,,,0.2284860610961914,,,,,,,,,,,
11,,,6739,,,,,,,,,,0.8447067737579346,,,,,,,,,,,
11,,,6759,,,,,,,,,,0.552328884601593,,,,,,,,,,,
11,,,6779,,,,,,,,,,0.5014910101890564,,,,,,,,,,,
11,,,6799,,,,,,,,,,0.5308901071548462,,,,,,,,,,,
11,,,6819,,,,,,,,,,0.28901737928390503,,,,,,,,,,,
11,,,6839,,,,,,,,,,0.13160495460033417,,,,,,,,,,,
11,,,6859,,,,,,,,,,0.16627421975135803,,,,,,,,,,,
11,,,6879,,,,,,,,,,0.3081133961677551,,,,,,,,,,,
11,,,6899,,,,,,,,,,0.08995944261550903,,,,,,,,,,,
11,,,6919,,,,,,,,,,0.5701091885566711,,,,,,,,,,,
11,,,6939,,,,,,,,,,0.3957398235797882,,,,,,,,,,,
11,,,6959,,,,,,,,,,0.07242810726165771,,,,,,,,,,,
11,,,6979,,,,,,,,,,0.268869549036026,,,,,,,,,,,
11,,,6983,,,,,,,,,,,0.3305168151855469,0.6307238340377808,0.20505282282829285,7.4364423751831055,0.43621984124183655,0.1338084638118744,0.7234042286872864,0.19490255415439606,0.2408583015203476,0.5857142806053162,0.3305168151855469
11,,,6983,,,,,,,,0.8411552906036377,0.32902753353118896,,,,,,,,,,,,
,0.00029564127261390776,0.00029564127261390776,6984,,,,,,,,,,,,,,,,,,,,,
12,,,6999,,,,,,,,,,0.18897366523742676,,,,,,,,,,,
12,,,7019,,,,,,,,,,0.5602574348449707,,,,,,,,,,,
12,,,7039,,,,,,,,,,0.08329840749502182,,,,,,,,,,,
12,,,7059,,,,,,,,,,0.2801721692085266,,,,,,,,,,,
12,,,7079,,,,,,,,,,1.0103302001953125,,,,,,,,,,,
12,,,7099,,,,,,,,,,0.1708664894104004,,,,,,,,,,,
12,,,7119,,,,,,,,,,0.5602744221687317,,,,,,,,,,,
12,,,7139,,,,,,,,,,0.0543258935213089,,,,,,,,,,,
12,,,7159,,,,,,,,,,0.3154829740524292,,,,,,,,,,,
12,,,7179,,,,,,,,,,0.9867327213287354,,,,,,,,,,,
12,,,7199,,,,,,,,,,0.2529316544532776,,,,,,,,,,,
12,,,7219,,,,,,,,,,1.268492579460144,,,,,,,,,,,
12,,,7239,,,,,,,,,,1.1737765073776245,,,,,,,,,,,
12,,,7259,,,,,,,,,,0.16868135333061218,,,,,,,,,,,
12,,,7279,,,,,,,,,,0.08795084059238434,,,,,,,,,,,
12,,,7299,,,,,,,,,,0.19402581453323364,,,,,,,,,,,
12,,,7319,,,,,,,,,,0.07744413614273071,,,,,,,,,,,
12,,,7339,,,,,,,,,,0.6007470488548279,,,,,,,,,,,
12,,,7359,,,,,,,,,,0.30048638582229614,,,,,,,,,,,
12,,,7379,,,,,,,,,,0.31948673725128174,,,,,,,,,,,
12,,,7399,,,,,,,,,,0.26219338178634644,,,,,,,,,,,
12,,,7419,,,,,,,,,,0.10538478195667267,,,,,,,,,,,
12,,,7439,,,,,,,,,,0.5219773054122925,,,,,,,,,,,
12,,,7459,,,,,,,,,,0.07844121009111404,,,,,,,,,,,
12,,,7479,,,,,,,,,,0.9506626129150391,,,,,,,,,,,
12,,,7499,,,,,,,,,,1.0876373052597046,,,,,,,,,,,
12,,,7519,,,,,,,,,,0.07573261857032776,,,,,,,,,,,
12,,,7539,,,,,,,,,,0.11486504971981049,,,,,,,,,,,
12,,,7559,,,,,,,,,,0.4781135320663452,,,,,,,,,,,
12,,,7565,,,,,,,,,,,0.45101940631866455,0.7323998212814331,0.44518977403640747,4.727882385253906,0.5003257989883423,0.3226586580276489,0.6233885884284973,0.30337077379226685,0.40317559242248535,0.6713681221008301,0.45101940631866455
12,,,7565,,,,,,,,0.856691300868988,0.2949639558792114,,,,,,,,,,,,
,0.0002932081299762818,0.0002932081299762818,7566,,,,,,,,,,,,,,,,,,,,,
13,,,7579,,,,,,,,,,0.0924772173166275,,,,,,,,,,,
13,,,7599,,,,,,,,,,0.10557623952627182,,,,,,,,,,,
13,,,7619,,,,,,,,,,0.155603289604187,,,,,,,,,,,
13,,,7639,,,,,,,,,,0.12878289818763733,,,,,,,,,,,
13,,,7659,,,,,,,,,,0.5852984189987183,,,,,,,,,,,
13,,,7679,,,,,,,,,,0.4032882750034332,,,,,,,,,,,
13,,,7699,,,,,,,,,,0.12306936085224152,,,,,,,,,,,
13,,,7719,,,,,,,,,,0.8389280438423157,,,,,,,,,,,
13,,,7739,,,,,,,,,,0.08742942661046982,,,,,,,,,,,
13,,,7759,,,,,,,,,,0.08357270807027817,,,,,,,,,,,
13,,,7779,,,,,,,,,,0.22805534303188324,,,,,,,,,,,
13,,,7799,,,,,,,,,,0.315574049949646,,,,,,,,,,,
13,,,7819,,,,,,,,,,0.06645076721906662,,,,,,,,,,,
13,,,7839,,,,,,,,,,0.21265922486782074,,,,,,,,,,,
13,,,7859,,,,,,,,,,0.07927829027175903,,,,,,,,,,,
13,,,7879,,,,,,,,,,0.0630280077457428,,,,,,,,,,,
13,,,7899,,,,,,,,,,0.03519129008054733,,,,,,,,,,,
13,,,7919,,,,,,,,,,0.07799974083900452,,,,,,,,,,,
13,,,7939,,,,,,,,,,0.29472607374191284,,,,,,,,,,,
13,,,7959,,,,,,,,,,0.15872086584568024,,,,,,,,,,,
13,,,7979,,,,,,,,,,0.09797598421573639,,,,,,,,,,,
13,,,7999,,,,,,,,,,0.8507997989654541,,,,,,,,,,,
13,,,8019,,,,,,,,,,0.01957242749631405,,,,,,,,,,,
13,,,8039,,,,,,,,,,0.3484213352203369,,,,,,,,,,,
13,,,8059,,,,,,,,,,0.40178224444389343,,,,,,,,,,,
13,,,8079,,,,,,,,,,0.45988503098487854,,,,,,,,,,,
13,,,8099,,,,,,,,,,0.15751993656158447,,,,,,,,,,,
13,,,8119,,,,,,,,,,0.033734992146492004,,,,,,,,,,,
13,,,8139,,,,,,,,,,0.9839259386062622,,,,,,,,,,,
13,,,8147,,,,,,,,,,,0.44501814246177673,0.7207851409912109,0.4035007059574127,5.969728946685791,0.5499387383460999,0.3021661937236786,0.7196374535560608,0.5,0.3021754026412964,0.6779422163963318,0.44501814246177673
13,,,8147,,,,,,,,0.8581039309501648,0.30371230840682983,,,,,,,,,,,,
,0.00029025243640281223,0.00029025243640281223,8148,,,,,,,,,,,,,,,,,,,,,
14,,,8159,,,,,,,,,,0.33702167868614197,,,,,,,,,,,
14,,,8179,,,,,,,,,,0.40162521600723267,,,,,,,,,,,
14,,,8199,,,,,,,,,,0.2549174129962921,,,,,,,,,,,
14,,,8219,,,,,,,,,,0.07311061024665833,,,,,,,,,,,
14,,,8239,,,,,,,,,,0.11328529566526413,,,,,,,,,,,
14,,,8259,,,,,,,,,,0.7184907793998718,,,,,,,,,,,
14,,,8279,,,,,,,,,,0.3839825689792633,,,,,,,,,,,
14,,,8299,,,,,,,,,,0.9914584755897522,,,,,,,,,,,
14,,,8319,,,,,,,,,,0.1754588931798935,,,,,,,,,,,
14,,,8339,,,,,,,,,,0.20042888820171356,,,,,,,,,,,
14,,,8359,,,,,,,,,,0.08576300740242004,,,,,,,,,,,
14,,,8379,,,,,,,,,,0.5683837532997131,,,,,,,,,,,
14,,,8399,,,,,,,,,,0.10539967566728592,,,,,,,,,,,
14,,,8419,,,,,,,,,,0.09243147075176239,,,,,,,,,,,
14,,,8439,,,,,,,,,,0.40603864192962646,,,,,,,,,,,
14,,,8459,,,,,,,,,,0.5143462419509888,,,,,,,,,,,
14,,,8479,,,,,,,,,,0.048141125589609146,,,,,,,,,,,
14,,,8499,,,,,,,,,,0.35640984773635864,,,,,,,,,,,
14,,,8519,,,,,,,,,,0.17664815485477448,,,,,,,,,,,
14,,,8539,,,,,,,,,,0.04208526387810707,,,,,,,,,,,
14,,,8559,,,,,,,,,,0.11960401386022568,,,,,,,,,,,
14,,,8579,,,,,,,,,,0.24257706105709076,,,,,,,,,,,
14,,,8599,,,,,,,,,,0.031008396297693253,,,,,,,,,,,
14,,,8619,,,,,,,,,,0.11921560764312744,,,,,,,,,,,
14,,,8639,,,,,,,,,,0.2222823053598404,,,,,,,,,,,
14,,,8659,,,,,,,,,,0.5521103739738464,,,,,,,,,,,
14,,,8679,,,,,,,,,,0.060818348079919815,,,,,,,,,,,
14,,,8699,,,,,,,,,,0.04334062710404396,,,,,,,,,,,
14,,,8719,,,,,,,,,,0.15738259255886078,,,,,,,,,,,
14,,,8729,,,,,,,,,,,0.41337013244628906,0.6885059475898743,0.33036625385284424,5.203108310699463,0.41877543926239014,0.20715902745723724,0.6684414148330688,0.11024237424135208,0.3621041774749756,0.5343137383460999,0.41337013244628906
14,,,8729,,,,,,,,0.8728469014167786,0.2657662034034729,,,,,,,,,,,,
,0.0002867849768988135,0.0002867849768988135,8730,,,,,,,,,,,,,,,,,,,,,
15,,,8739,,,,,,,,,,0.09057767689228058,,,,,,,,,,,
15,,,8759,,,,,,,,,,0.05820511281490326,,,,,,,,,,,
15,,,8779,,,,,,,,,,0.041498951613903046,,,,,,,,,,,
15,,,8799,,,,,,,,,,0.1825299859046936,,,,,,,,,,,
15,,,8819,,,,,,,,,,0.5341746807098389,,,,,,,,,,,
15,,,8839,,,,,,,,,,0.281959593296051,,,,,,,,,,,
15,,,8859,,,,,,,,,,0.34086844325065613,,,,,,,,,,,
15,,,8879,,,,,,,,,,0.3367074131965637,,,,,,,,,,,
15,,,8899,,,,,,,,,,0.21550513803958893,,,,,,,,,,,
15,,,8919,,,,,,,,,,0.048900581896305084,,,,,,,,,,,
15,,,8939,,,,,,,,,,0.05713040381669998,,,,,,,,,,,
15,,,8959,,,,,,,,,,0.03938215225934982,,,,,,,,,,,
15,,,8979,,,,,,,,,,0.07409600168466568,,,,,,,,,,,
15,,,8999,,,,,,,,,,0.030028920620679855,,,,,,,,,,,
15,,,9019,,,,,,,,,,0.12090662121772766,,,,,,,,,,,
15,,,9039,,,,,,,,,,0.3311886489391327,,,,,,,,,,,
15,,,9059,,,,,,,,,,0.030322453007102013,,,,,,,,,,,
15,,,9079,,,,,,,,,,0.5224233865737915,,,,,,,,,,,
15,,,9099,,,,,,,,,,0.11376996338367462,,,,,,,,,,,
15,,,9119,,,,,,,,,,0.06239927560091019,,,,,,,,,,,
15,,,9139,,,,,,,,,,0.02468426525592804,,,,,,,,,,,
15,,,9159,,,,,,,,,,0.5298726558685303,,,,,,,,,,,
15,,,9179,,,,,,,,,,0.045763373374938965,,,,,,,,,,,
15,,,9199,,,,,,,,,,0.05083828791975975,,,,,,,,,,,
15,,,9219,,,,,,,,,,0.043136876076459885,,,,,,,,,,,
15,,,9239,,,,,,,,,,0.47345104813575745,,,,,,,,,,,
15,,,9259,,,,,,,,,,0.441649854183197,,,,,,,,,,,
15,,,9279,,,,,,,,,,0.04735053330659866,,,,,,,,,,,
15,,,9299,,,,,,,,,,0.6609272360801697,,,,,,,,,,,
15,,,9311,,,,,,,,,,,0.5165770053863525,0.7576775550842285,0.5137086510658264,5.611800193786621,0.5715488195419312,0.3770959973335266,0.6477572321891785,0.41643837094306946,0.4051605761051178,0.8168389797210693,0.5165770053863525
15,,,9311,,,,,,,,0.8743777275085449,0.26165857911109924,,,,,,,,,,,,
,0.0002828184038479814,0.0002828184038479814,9312,,,,,,,,,,,,,,,,,,,,,
16,,,9319,,,,,,,,,,0.27968424558639526,,,,,,,,,,,
16,,,9339,,,,,,,,,,0.4095175564289093,,,,,,,,,,,
16,,,9359,,,,,,,,,,0.6726623177528381,,,,,,,,,,,
16,,,9379,,,,,,,,,,0.44730356335639954,,,,,,,,,,,
16,,,9399,,,,,,,,,,0.14095202088356018,,,,,,,,,,,
16,,,9419,,,,,,,,,,0.6092655062675476,,,,,,,,,,,
16,,,9439,,,,,,,,,,0.5897387862205505,,,,,,,,,,,
16,,,9459,,,,,,,,,,0.6397049427032471,,,,,,,,,,,
16,,,9479,,,,,,,,,,0.56294184923172,,,,,,,,,,,
16,,,9499,,,,,,,,,,0.39996033906936646,,,,,,,,,,,
16,,,9519,,,,,,,,,,0.3048790991306305,,,,,,,,,,,
16,,,9539,,,,,,,,,,0.05049601569771767,,,,,,,,,,,
16,,,9559,,,,,,,,,,0.6349222660064697,,,,,,,,,,,
16,,,9579,,,,,,,,,,0.7660354375839233,,,,,,,,,,,
16,,,9599,,,,,,,,,,0.11803554743528366,,,,,,,,,,,
16,,,9619,,,,,,,,,,0.6885155439376831,,,,,,,,,,,
16,,,9639,,,,,,,,,,0.12073326855897903,,,,,,,,,,,
16,,,9659,,,,,,,,,,0.06602594256401062,,,,,,,,,,,
16,,,9679,,,,,,,,,,0.6989578008651733,,,,,,,,,,,
16,,,9699,,,,,,,,,,0.03912660479545593,,,,,,,,,,,
16,,,9719,,,,,,,,,,0.175016850233078,,,,,,,,,,,
16,,,9739,,,,,,,,,,0.11151138693094254,,,,,,,,,,,
16,,,9759,,,,,,,,,,0.330121248960495,,,,,,,,,,,
16,,,9779,,,,,,,,,,1.5146563053131104,,,,,,,,,,,
16,,,9799,,,,,,,,,,0.0396684892475605,,,,,,,,,,,
16,,,9819,,,,,,,,,,0.3700023591518402,,,,,,,,,,,
16,,,9839,,,,,,,,,,0.28190380334854126,,,,,,,,,,,
16,,,9859,,,,,,,,,,0.6113885045051575,,,,,,,,,,,
16,,,9879,,,,,,,,,,1.0456178188323975,,,,,,,,,,,
16,,,9893,,,,,,,,,,,0.38835301995277405,0.7051128149032593,0.34379780292510986,5.644149303436279,0.42023104429244995,0.2451842576265335,0.6531117558479309,0.09502262622117996,0.31406068801879883,0.6187291145324707,0.38835301995277405
16,,,9893,,,,,,,,0.874878466129303,0.2754346430301666,,,,,,,,,,,,
,0.0002783671908452171,0.0002783671908452171,9894,,,,,,,,,,,,,,,,,,,,,
17,,,9899,,,,,,,,,,0.02370871603488922,,,,,,,,,,,
17,,,9919,,,,,,,,,,0.041688039898872375,,,,,,,,,,,
17,,,9939,,,,,,,,,,0.02621234767138958,,,,,,,,,,,
17,,,9959,,,,,,,,,,0.6553682684898376,,,,,,,,,,,
17,,,9979,,,,,,,,,,0.3259839713573456,,,,,,,,,,,
17,,,9999,,,,,,,,,,0.15474659204483032,,,,,,,,,,,
17,,,10019,,,,,,,,,,0.08014228940010071,,,,,,,,,,,
17,,,10039,,,,,,,,,,0.30239632725715637,,,,,,,,,,,
17,,,10059,,,,,,,,,,0.026031306013464928,,,,,,,,,,,
17,,,10079,,,,,,,,,,0.47785788774490356,,,,,,,,,,,
17,,,10099,,,,,,,,,,0.0709802657365799,,,,,,,,,,,
17,,,10119,,,,,,,,,,0.08972686529159546,,,,,,,,,,,
17,,,10139,,,,,,,,,,0.04910783842206001,,,,,,,,,,,
17,,,10159,,,,,,,,,,0.044144682586193085,,,,,,,,,,,
17,,,10179,,,,,,,,,,0.5404333472251892,,,,,,,,,,,
17,,,10199,,,,,,,,,,0.033938318490982056,,,,,,,,,,,
17,,,10219,,,,,,,,,,0.03218752518296242,,,,,,,,,,,
17,,,10239,,,,,,,,,,0.2381311058998108,,,,,,,,,,,
17,,,10259,,,,,,,,,,0.1984117329120636,,,,,,,,,,,
17,,,10279,,,,,,,,,,0.22652187943458557,,,,,,,,,,,
17,,,10299,,,,,,,,,,0.3111976087093353,,,,,,,,,,,
17,,,10319,,,,,,,,,,0.20496654510498047,,,,,,,,,,,
17,,,10339,,,,,,,,,,0.6917818188667297,,,,,,,,,,,
17,,,10359,,,,,,,,,,0.2268761396408081,,,,,,,,,,,
17,,,10379,,,,,,,,,,0.04863683879375458,,,,,,,,,,,
17,,,10399,,,,,,,,,,0.6445305347442627,,,,,,,,,,,
17,,,10419,,,,,,,,,,0.8573861122131348,,,,,,,,,,,
17,,,10439,,,,,,,,,,0.019775329157710075,,,,,,,,,,,
17,,,10459,,,,,,,,,,0.2697373330593109,,,,,,,,,,,
17,,,10475,,,,,,,,,,,0.4088824391365051,0.7111724019050598,0.37965819239616394,6.40424919128418,0.5262361764907837,0.2612987160682678,0.6306360363960266,0.5,0.3264964520931244,0.6478121876716614,0.4088824391365051
17,,,10475,,,,,,,,0.8838342428207397,0.25000908970832825,,,,,,,,,,,,
,0.00027344757988404845,0.00027344757988404845,10476,,,,,,,,,,,,,,,,,,,,,
18,,,10479,,,,,,,,,,0.04562583938241005,,,,,,,,,,,
18,,,10499,,,,,,,,,,0.03434612601995468,,,,,,,,,,,
18,,,10519,,,,,,,,,,0.013478871434926987,,,,,,,,,,,
18,,,10539,,,,,,,,,,0.043837323784828186,,,,,,,,,,,
18,,,10559,,,,,,,,,,0.13045600056648254,,,,,,,,,,,
18,,,10579,,,,,,,,,,0.2944306433200836,,,,,,,,,,,
18,,,10599,,,,,,,,,,0.04485110938549042,,,,,,,,,,,
18,,,10619,,,,,,,,,,0.15891402959823608,,,,,,,,,,,
18,,,10639,,,,,,,,,,0.04658377915620804,,,,,,,,,,,
18,,,10659,,,,,,,,,,0.1077059656381607,,,,,,,,,,,
18,,,10679,,,,,,,,,,0.2635355591773987,,,,,,,,,,,
18,,,10699,,,,,,,,,,0.031852833926677704,,,,,,,,,,,
18,,,10719,,,,,,,,,,0.5917246341705322,,,,,,,,,,,
18,,,10739,,,,,,,,,,0.08595310896635056,,,,,,,,,,,
18,,,10759,,,,,,,,,,1.142960548400879,,,,,,,,,,,
18,,,10779,,,,,,,,,,0.5433664321899414,,,,,,,,,,,
18,,,10799,,,,,,,,,,0.2722051739692688,,,,,,,,,,,
18,,,10819,,,,,,,,,,0.011204512789845467,,,,,,,,,,,
18,,,10839,,,,,,,,,,0.02708619460463524,,,,,,,,,,,
18,,,10859,,,,,,,,,,0.05699712783098221,,,,,,,,,,,
18,,,10879,,,,,,,,,,0.4114336371421814,,,,,,,,,,,
18,,,10899,,,,,,,,,,0.29788151383399963,,,,,,,,,,,
18,,,10919,,,,,,,,,,0.018984409049153328,,,,,,,,,,,
18,,,10939,,,,,,,,,,0.2430734485387802,,,,,,,,,,,
18,,,10959,,,,,,,,,,0.3864777386188507,,,,,,,,,,,
18,,,10979,,,,,,,,,,0.18212877213954926,,,,,,,,,,,
18,,,10999,,,,,,,,,,0.9737197160720825,,,,,,,,,,,
18,,,11019,,,,,,,,,,0.01984911598265171,,,,,,,,,,,
18,,,11039,,,,,,,,,,0.022169925272464752,,,,,,,,,,,
18,,,11057,,,,,,,,,,,0.44045156240463257,0.7307767868041992,0.4460669457912445,4.8155388832092285,0.4763695299625397,0.3197614550590515,0.6056255102157593,0.22083333134651184,0.44997715950012207,0.6290420889854431,0.44045156240463257
18,,,11057,,,,,,,,0.8906267881393433,0.23976804316043854,,,,,,,,,,,,
,0.0002680775220913575,0.0002680775220913575,11058,,,,,,,,,,,,,,,,,,,,,
19,,,11059,,,,,,,,,,0.1193561926484108,,,,,,,,,,,
19,,,11079,,,,,,,,,,0.03903375193476677,,,,,,,,,,,
19,,,11099,,,,,,,,,,0.05706408619880676,,,,,,,,,,,
19,,,11119,,,,,,,,,,0.17595213651657104,,,,,,,,,,,
19,,,11139,,,,,,,,,,0.044779859483242035,,,,,,,,,,,
19,,,11159,,,,,,,,,,0.06771350651979446,,,,,,,,,,,
19,,,11179,,,,,,,,,,0.07725635915994644,,,,,,,,,,,
19,,,11199,,,,,,,,,,0.017065510153770447,,,,,,,,,,,
19,,,11219,,,,,,,,,,0.08961819857358932,,,,,,,,,,,
19,,,11239,,,,,,,,,,0.02811465971171856,,,,,,,,,,,
19,,,11259,,,,,,,,,,0.4381963610649109,,,,,,,,,,,
19,,,11279,,,,,,,,,,0.10740393400192261,,,,,,,,,,,
19,,,11299,,,,,,,,,,0.019599061459302902,,,,,,,,,,,
19,,,11319,,,,,,,,,,0.02694682776927948,,,,,,,,,,,
19,,,11339,,,,,,,,,,0.046507786959409714,,,,,,,,,,,
19,,,11359,,,,,,,,,,0.5079179406166077,,,,,,,,,,,
19,,,11379,,,,,,,,,,0.19270142912864685,,,,,,,,,,,
19,,,11399,,,,,,,,,,0.14270980656147003,,,,,,,,,,,
19,,,11419,,,,,,,,,,0.03378470614552498,,,,,,,,,,,
19,,,11439,,,,,,,,,,1.1734586954116821,,,,,,,,,,,
19,,,11459,,,,,,,,,,0.07332940399646759,,,,,,,,,,,
19,,,11479,,,,,,,,,,0.05208238959312439,,,,,,,,,,,
19,,,11499,,,,,,,,,,0.009319663047790527,,,,,,,,,,,
19,,,11519,,,,,,,,,,0.2591084837913513,,,,,,,,,,,
19,,,11539,,,,,,,,,,0.2652321457862854,,,,,,,,,,,
19,,,11559,,,,,,,,,,0.3977203667163849,,,,,,,,,,,
19,,,11579,,,,,,,,,,0.01423550769686699,,,,,,,,,,,
19,,,11599,,,,,,,,,,0.14309610426425934,,,,,,,,,,,
19,,,11619,,,,,,,,,,0.02286733314394951,,,,,,,,,,,
19,,,11639,,,,,,,,,,0.2130649834871292,,,,,,,,,,,
19,,,11639,,,,,,,,,,,0.46677350997924805,0.7422608137130737,0.4557808041572571,5.996800899505615,0.5288946032524109,0.35560113191604614,0.6182844042778015,0.37735849618911743,0.44125044345855713,0.6786850690841675,0.46677350997924805
19,,,11639,,,,,,,,0.8993704319000244,0.219880148768425,,,,,,,,,,,,
,0.00026227661222566516,0.00026227661222566516,11640,,,,,,,,,,,,,,,,,,,,,
20,,,11659,,,,,,,,,,0.05987950414419174,,,,,,,,,,,
20,,,11679,,,,,,,,,,0.05592934414744377,,,,,,,,,,,
20,,,11699,,,,,,,,,,0.012189510278403759,,,,,,,,,,,
20,,,11719,,,,,,,,,,0.420805960893631,,,,,,,,,,,
20,,,11739,,,,,,,,,,0.00921107642352581,,,,,,,,,,,
20,,,11759,,,,,,,,,,0.1208723708987236,,,,,,,,,,,
20,,,11779,,,,,,,,,,0.048250727355480194,,,,,,,,,,,
20,,,11799,,,,,,,,,,0.03518799692392349,,,,,,,,,,,
20,,,11819,,,,,,,,,,0.07719042897224426,,,,,,,,,,,
20,,,11839,,,,,,,,,,0.3198692500591278,,,,,,,,,,,
20,,,11859,,,,,,,,,,0.12243174016475677,,,,,,,,,,,
20,,,11879,,,,,,,,,,0.017173651605844498,,,,,,,,,,,
20,,,11899,,,,,,,,,,0.21935424208641052,,,,,,,,,,,
20,,,11919,,,,,,,,,,0.12674792110919952,,,,,,,,,,,
20,,,11939,,,,,,,,,,0.03094656765460968,,,,,,,,,,,
20,,,11959,,,,,,,,,,0.19648334383964539,,,,,,,,,,,
20,,,11979,,,,,,,,,,0.057979922741651535,,,,,,,,,,,
20,,,11999,,,,,,,,,,0.48544594645500183,,,,,,,,,,,
20,,,12019,,,,,,,,,,0.5584311485290527,,,,,,,,,,,
20,,,12039,,,,,,,,,,0.015583895146846771,,,,,,,,,,,
20,,,12059,,,,,,,,,,0.0306862723082304,,,,,,,,,,,
20,,,12079,,,,,,,,,,0.30521950125694275,,,,,,,,,,,
20,,,12099,,,,,,,,,,0.1806776523590088,,,,,,,,,,,
20,,,12119,,,,,,,,,,0.03067823126912117,,,,,,,,,,,
20,,,12139,,,,,,,,,,0.034550007432699203,,,,,,,,,,,
20,,,12159,,,,,,,,,,0.7365173101425171,,,,,,,,,,,
20,,,12179,,,,,,,,,,0.12233533710241318,,,,,,,,,,,
20,,,12199,,,,,,,,,,0.04269547015428543,,,,,,,,,,,
20,,,12219,,,,,,,,,,0.6326008439064026,,,,,,,,,,,
20,,,12221,,,,,,,,,,,0.3810495138168335,0.6970743536949158,0.34187737107276917,8.116634368896484,0.5086461305618286,0.22957594692707062,0.6553672552108765,0.42016807198524475,0.2875044643878937,0.6715447306632996,0.3810495138168335
20,,,12221,,,,,,,,0.9043174386024475,0.21583881974220276,,,,,,,,,,,,
,0.00025606601717798207,0.00025606601717798207,12222,,,,,,,,,,,,,,,,,,,,,
21,,,12239,,,,,,,,,,1.115585446357727,,,,,,,,,,,
21,,,12259,,,,,,,,,,0.057548969984054565,,,,,,,,,,,
21,,,12279,,,,,,,,,,0.518412709236145,,,,,,,,,,,
21,,,12299,,,,,,,,,,0.03951520100235939,,,,,,,,,,,
21,,,12319,,,,,,,,,,0.19150306284427643,,,,,,,,,,,
21,,,12339,,,,,,,,,,0.09159453958272934,,,,,,,,,,,
21,,,12359,,,,,,,,,,0.08762228488922119,,,,,,,,,,,
21,,,12379,,,,,,,,,,0.022689394652843475,,,,,,,,,,,
21,,,12399,,,,,,,,,,0.17907947301864624,,,,,,,,,,,
21,,,12419,,,,,,,,,,0.22124174237251282,,,,,,,,,,,
21,,,12439,,,,,,,,,,0.26250916719436646,,,,,,,,,,,
21,,,12459,,,,,,,,,,0.07182915508747101,,,,,,,,,,,
21,,,12479,,,,,,,,,,0.034047067165374756,,,,,,,,,,,
21,,,12499,,,,,,,,,,0.9293844103813171,,,,,,,,,,,
21,,,12519,,,,,,,,,,0.012599479407072067,,,,,,,,,,,
21,,,12539,,,,,,,,,,0.3933574855327606,,,,,,,,,,,
21,,,12559,,,,,,,,,,0.0398428775370121,,,,,,,,,,,
21,,,12579,,,,,,,,,,0.08867143094539642,,,,,,,,,,,
21,,,12599,,,,,,,,,,0.012605598196387291,,,,,,,,,,,
21,,,12619,,,,,,,,,,0.10028968751430511,,,,,,,,,,,
21,,,12639,,,,,,,,,,0.0901709645986557,,,,,,,,,,,
21,,,12659,,,,,,,,,,0.03177414461970329,,,,,,,,,,,
21,,,12679,,,,,,,,,,0.03515716269612312,,,,,,,,,,,
21,,,12699,,,,,,,,,,0.04476172477006912,,,,,,,,,,,
21,,,12719,,,,,,,,,,0.03799960017204285,,,,,,,,,,,
21,,,12739,,,,,,,,,,0.05798795819282532,,,,,,,,,,,
21,,,12759,,,,,,,,,,0.1840144842863083,,,,,,,,,,,
21,,,12779,,,,,,,,,,0.4584576487541199,,,,,,,,,,,
21,,,12799,,,,,,,,,,0.10001997649669647,,,,,,,,,,,
21,,,12803,,,,,,,,,,,0.4398711919784546,0.7026700973510742,0.3737149238586426,5.543971538543701,0.414259135723114,0.23459002375602722,0.6335949897766113,0.14558979868888855,0.401661217212677,0.4761904776096344,0.4398711919784546
21,,,12803,,,,,,,,0.8997105360031128,0.22421836853027344,,,,,,,,,,,,
,0.00024946839873611924,0.00024946839873611924,12804,,,,,,,,,,,,,,,,,,,,,
22,,,12819,,,,,,,,,,0.008095277473330498,,,,,,,,,,,
22,,,12839,,,,,,,,,,0.6387317776679993,,,,,,,,,,,
22,,,12859,,,,,,,,,,0.10196911543607712,,,,,,,,,,,
22,,,12879,,,,,,,,,,0.06256356835365295,,,,,,,,,,,
22,,,12899,,,,,,,,,,0.20066140592098236,,,,,,,,,,,
22,,,12919,,,,,,,,,,0.09364110976457596,,,,,,,,,,,
22,,,12939,,,,,,,,,,0.32362180948257446,,,,,,,,,,,
22,,,12959,,,,,,,,,,0.04669783636927605,,,,,,,,,,,
22,,,12979,,,,,,,,,,0.06216666102409363,,,,,,,,,,,
22,,,12999,,,,,,,,,,0.4300116300582886,,,,,,,,,,,
22,,,13019,,,,,,,,,,0.028032638132572174,,,,,,,,,,,
22,,,13039,,,,,,,,,,0.008190315216779709,,,,,,,,,,,
22,,,13059,,,,,,,,,,0.06524451076984406,,,,,,,,,,,
22,,,13079,,,,,,,,,,0.8124458193778992,,,,,,,,,,,
22,,,13099,,,,,,,,,,0.007297519128769636,,,,,,,,,,,
22,,,13119,,,,,,,,,,0.40110304951667786,,,,,,,,,,,
22,,,13139,,,,,,,,,,0.1676739901304245,,,,,,,,,,,
22,,,13159,,,,,,,,,,0.027132540941238403,,,,,,,,,,,
22,,,13179,,,,,,,,,,0.03402448818087578,,,,,,,,,,,
22,,,13199,,,,,,,,,,0.030772291123867035,,,,,,,,,,,
22,,,13219,,,,,,,,,,1.172319769859314,,,,,,,,,,,
22,,,13239,,,,,,,,,,0.005524789914488792,,,,,,,,,,,
22,,,13259,,,,,,,,,,0.028971659019589424,,,,,,,,,,,
22,,,13279,,,,,,,,,,0.8099645376205444,,,,,,,,,,,
22,,,13299,,,,,,,,,,0.10061919689178467,,,,,,,,,,,
22,,,13319,,,,,,,,,,0.06144964322447777,,,,,,,,,,,
22,,,13339,,,,,,,,,,0.025759808719158173,,,,,,,,,,,
22,,,13359,,,,,,,,,,0.2636150121688843,,,,,,,,,,,
22,,,13379,,,,,,,,,,0.063313327729702,,,,,,,,,,,
22,,,13385,,,,,,,,,,,0.4613224267959595,0.7242451906204224,0.4555724561214447,6.739243507385254,0.5279415845870972,0.321789413690567,0.6111806631088257,0.338150292634964,0.4297966957092285,0.7326388955116272,0.4613224267959595
22,,,13385,,,,,,,,0.9000990986824036,0.22491896152496338,,,,,,,,,,,,
,0.00024250783089428148,0.00024250783089428148,13386,,,,,,,,,,,,,,,,,,,,,
23,,,13399,,,,,,,,,,0.01169990561902523,,,,,,,,,,,
23,,,13419,,,,,,,,,,0.007743401452898979,,,,,,,,,,,
23,,,13439,,,,,,,,,,0.10406424105167389,,,,,,,,,,,
23,,,13459,,,,,,,,,,0.04011920094490051,,,,,,,,,,,
23,,,13479,,,,,,,,,,0.056430160999298096,,,,,,,,,,,
23,,,13499,,,,,,,,,,0.11148654669523239,,,,,,,,,,,
23,,,13519,,,,,,,,,,0.020680999383330345,,,,,,,,,,,
23,,,13539,,,,,,,,,,0.03229765221476555,,,,,,,,,,,
23,,,13559,,,,,,,,,,0.031253471970558167,,,,,,,,,,,
23,,,13579,,,,,,,,,,0.4712899923324585,,,,,,,,,,,
23,,,13599,,,,,,,,,,0.02504776418209076,,,,,,,,,,,
23,,,13619,,,,,,,,,,0.5050913095474243,,,,,,,,,,,
23,,,13639,,,,,,,,,,0.003506583860144019,,,,,,,,,,,
23,,,13659,,,,,,,,,,0.5662233829498291,,,,,,,,,,,
23,,,13679,,,,,,,,,,0.24595975875854492,,,,,,,,,,,
23,,,13699,,,,,,,,,,0.810741662979126,,,,,,,,,,,
23,,,13719,,,,,,,,,,0.13656336069107056,,,,,,,,,,,
23,,,13739,,,,,,,,,,0.13735784590244293,,,,,,,,,,,
23,,,13759,,,,,,,,,,0.01944960653781891,,,,,,,,,,,
23,,,13779,,,,,,,,,,0.22161874175071716,,,,,,,,,,,
23,,,13799,,,,,,,,,,0.5791501402854919,,,,,,,,,,,
23,,,13819,,,,,,,,,,0.47580552101135254,,,,,,,,,,,
23,,,13839,,,,,,,,,,0.023908797651529312,,,,,,,,,,,
23,,,13859,,,,,,,,,,0.1564171016216278,,,,,,,,,,,
23,,,13879,,,,,,,,,,0.19466525316238403,,,,,,,,,,,
23,,,13899,,,,,,,,,,0.31348422169685364,,,,,,,,,,,
23,,,13919,,,,,,,,,,0.12433880567550659,,,,,,,,,,,
23,,,13939,,,,,,,,,,0.02685447968542576,,,,,,,,,,,
23,,,13959,,,,,,,,,,0.051122575998306274,,,,,,,,,,,
23,,,13967,,,,,,,,,,,0.41950172185897827,0.7085294723510742,0.3828085660934448,6.362558364868164,0.444549560546875,0.26870399713516235,0.6463831067085266,0.1111111119389534,0.36396974325180054,0.6567342281341553,0.41950172185897827
23,,,13967,,,,,,,,0.9095799922943115,0.2018047273159027,,,,,,,,,,,,
,0.00023520971200967334,0.00023520971200967334,13968,,,,,,,,,,,,,,,,,,,,,
24,,,13979,,,,,,,,,,0.21684743463993073,,,,,,,,,,,
24,,,13999,,,,,,,,,,0.14341573417186737,,,,,,,,,,,
24,,,14019,,,,,,,,,,0.17401094734668732,,,,,,,,,,,
24,,,14039,,,,,,,,,,0.5300114750862122,,,,,,,,,,,
24,,,14059,,,,,,,,,,0.06433050334453583,,,,,,,,,,,
24,,,14079,,,,,,,,,,0.01544128730893135,,,,,,,,,,,
24,,,14099,,,,,,,,,,0.02545359916985035,,,,,,,,,,,
24,,,14119,,,,,,,,,,0.025026187300682068,,,,,,,,,,,
24,,,14139,,,,,,,,,,0.0265657901763916,,,,,,,,,,,
24,,,14159,,,,,,,,,,0.02103651873767376,,,,,,,,,,,
24,,,14179,,,,,,,,,,0.1400071233510971,,,,,,,,,,,
24,,,14199,,,,,,,,,,0.040353961288928986,,,,,,,,,,,
24,,,14219,,,,,,,,,,0.11935268342494965,,,,,,,,,,,
24,,,14239,,,,,,,,,,0.07306552678346634,,,,,,,,,,,
24,,,14259,,,,,,,,,,0.26292628049850464,,,,,,,,,,,
24,,,14279,,,,,,,,,,0.033205531537532806,,,,,,,,,,,
24,,,14299,,,,,,,,,,0.21302859485149384,,,,,,,,,,,
24,,,14319,,,,,,,,,,0.058667153120040894,,,,,,,,,,,
24,,,14339,,,,,,,,,,0.07253797352313995,,,,,,,,,,,
24,,,14359,,,,,,,,,,0.2766821086406708,,,,,,,,,,,
24,,,14379,,,,,,,,,,0.2586418688297272,,,,,,,,,,,
24,,,14399,,,,,,,,,,0.2396463304758072,,,,,,,,,,,
24,,,14419,,,,,,,,,,0.021589746698737144,,,,,,,,,,,
24,,,14439,,,,,,,,,,0.019860882312059402,,,,,,,,,,,
24,,,14459,,,,,,,,,,0.8765806555747986,,,,,,,,,,,
24,,,14479,,,,,,,,,,0.03605223447084427,,,,,,,,,,,
24,,,14499,,,,,,,,,,0.14069411158561707,,,,,,,,,,,
24,,,14519,,,,,,,,,,0.02816324308514595,,,,,,,,,,,
24,,,14539,,,,,,,,,,0.4026549160480499,,,,,,,,,,,
24,,,14549,,,,,,,,,,,0.48873329162597656,0.7571502923965454,0.47843143343925476,5.1534423828125,0.561137318611145,0.33184000849723816,0.6498508453369141,0.420560747385025,0.3646138906478882,0.8095238208770752,0.48873329162597656
24,,,14549,,,,,,,,0.9148839712142944,0.18525101244449615,,,,,,,,,,,,
,0.0002276006721266485,0.0002276006721266485,14550,,,,,,,,,,,,,,,,,,,,,
25,,,14559,,,,,,,,,,0.646953821182251,,,,,,,,,,,
25,,,14579,,,,,,,,,,0.03396826982498169,,,,,,,,,,,
25,,,14599,,,,,,,,,,0.011874929070472717,,,,,,,,,,,
25,,,14619,,,,,,,,,,0.30825212597846985,,,,,,,,,,,
25,,,14639,,,,,,,,,,0.03211960941553116,,,,,,,,,,,
25,,,14659,,,,,,,,,,0.01349681057035923,,,,,,,,,,,
25,,,14679,,,,,,,,,,0.004094954114407301,,,,,,,,,,,
25,,,14699,,,,,,,,,,0.13760770857334137,,,,,,,,,,,
25,,,14719,,,,,,,,,,0.007449693977832794,,,,,,,,,,,
25,,,14739,,,,,,,,,,0.0055984435603022575,,,,,,,,,,,
25,,,14759,,,,,,,,,,0.5487155318260193,,,,,,,,,,,
25,,,14779,,,,,,,,,,0.0038681928999722004,,,,,,,,,,,
25,,,14799,,,,,,,,,,0.02547314204275608,,,,,,,,,,,
25,,,14819,,,,,,,,,,0.30317002534866333,,,,,,,,,,,
25,,,14839,,,,,,,,,,0.38516029715538025,,,,,,,,,,,
25,,,14859,,,,,,,,,,0.077659472823143,,,,,,,,,,,
25,,,14879,,,,,,,,,,0.14349539577960968,,,,,,,,,,,
25,,,14899,,,,,,,,,,0.013556933030486107,,,,,,,,,,,
25,,,14919,,,,,,,,,,0.025806203484535217,,,,,,,,,,,
25,,,14939,,,,,,,,,,0.00898506585508585,,,,,,,,,,,
25,,,14959,,,,,,,,,,0.09314575046300888,,,,,,,,,,,
25,,,14979,,,,,,,,,,0.006587674841284752,,,,,,,,,,,
25,,,14999,,,,,,,,,,0.005224540829658508,,,,,,,,,,,
25,,,15019,,,,,,,,,,0.5283752679824829,,,,,,,,,,,
25,,,15039,,,,,,,,,,0.0014274067943915725,,,,,,,,,,,
25,,,15059,,,,,,,,,,0.14854291081428528,,,,,,,,,,,
25,,,15079,,,,,,,,,,0.01180223561823368,,,,,,,,,,,
25,,,15099,,,,,,,,,,0.08836459368467331,,,,,,,,,,,
25,,,15119,,,,,,,,,,0.019838348031044006,,,,,,,,,,,
25,,,15131,,,,,,,,,,,0.4998432397842407,0.7408286333084106,0.4819129705429077,7.423630714416504,0.5669494867324829,0.33226704597473145,0.6781395077705383,0.49450549483299255,0.3491045832633972,0.7460484504699707,0.4998432397842407
25,,,15131,,,,,,,,0.9228417277336121,0.16827253997325897,,,,,,,,,,,,
,0.00021970847580656525,0.00021970847580656525,15132,,,,,,,,,,,,,,,,,,,,,
26,,,15139,,,,,,,,,,0.1816282719373703,,,,,,,,,,,
26,,,15159,,,,,,,,,,0.8685741424560547,,,,,,,,,,,
26,,,15179,,,,,,,,,,0.4676126539707184,,,,,,,,,,,
26,,,15199,,,,,,,,,,0.39532163739204407,,,,,,,,,,,
26,,,15219,,,,,,,,,,0.2803979516029358,,,,,,,,,,,
26,,,15239,,,,,,,,,,0.007793145254254341,,,,,,,,,,,
26,,,15259,,,,,,,,,,0.1833147555589676,,,,,,,,,,,
26,,,15279,,,,,,,,,,0.42243996262550354,,,,,,,,,,,
26,,,15299,,,,,,,,,,0.1876721978187561,,,,,,,,,,,
26,,,15319,,,,,,,,,,0.11116745322942734,,,,,,,,,,,
26,,,15339,,,,,,,,,,0.032902590930461884,,,,,,,,,,,
26,,,15359,,,,,,,,,,1.0471484661102295,,,,,,,,,,,
26,,,15379,,,,,,,,,,0.0038216635584831238,,,,,,,,,,,
26,,,15399,,,,,,,,,,0.1502249538898468,,,,,,,,,,,
26,,,15419,,,,,,,,,,0.0050344448536634445,,,,,,,,,,,
26,,,15439,,,,,,,,,,0.03558814525604248,,,,,,,,,,,
26,,,15459,,,,,,,,,,0.0020384120289236307,,,,,,,,,,,
26,,,15479,,,,,,,,,,0.7838347554206848,,,,,,,,,,,
26,,,15499,,,,,,,,,,0.7929453253746033,,,,,,,,,,,
26,,,15519,,,,,,,,,,0.22137273848056793,,,,,,,,,,,
26,,,15539,,,,,,,,,,0.016684643924236298,,,,,,,,,,,
26,,,15559,,,,,,,,,,0.15491297841072083,,,,,,,,,,,
26,,,15579,,,,,,,,,,0.2589811086654663,,,,,,,,,,,
26,,,15599,,,,,,,,,,0.3853874206542969,,,,,,,,,,,
26,,,15619,,,,,,,,,,0.029955677688121796,,,,,,,,,,,
26,,,15639,,,,,,,,,,0.005408071912825108,,,,,,,,,,,
26,,,15659,,,,,,,,,,0.0017526077572256327,,,,,,,,,,,
26,,,15679,,,,,,,,,,0.33531346917152405,,,,,,,,,,,
26,,,15699,,,,,,,,,,0.028675727546215057,,,,,,,,,,,
26,,,15713,,,,,,,,,,,0.46450603008270264,0.7329785227775574,0.4825691282749176,7.571203708648682,0.5939095616340637,0.3417348265647888,0.5903162360191345,0.5450000166893005,0.4743644893169403,0.7659574747085571,0.46450603008270264
26,,,15713,,,,,,,,0.9129346609115601,0.19800341129302979,,,,,,,,,,,,
,0.0002115619208179135,0.0002115619208179135,15714,,,,,,,,,,,,,,,,,,,,,
27,,,15719,,,,,,,,,,0.1320933699607849,,,,,,,,,,,
27,,,15739,,,,,,,,,,0.02712138369679451,,,,,,,,,,,
27,,,15759,,,,,,,,,,0.6573943495750427,,,,,,,,,,,
27,,,15779,,,,,,,,,,0.009874792769551277,,,,,,,,,,,
27,,,15799,,,,,,,,,,0.31000569462776184,,,,,,,,,,,
27,,,15819,,,,,,,,,,0.5112429261207581,,,,,,,,,,,
27,,,15839,,,,,,,,,,0.2040921449661255,,,,,,,,,,,
27,,,15859,,,,,,,,,,0.030065665021538734,,,,,,,,,,,
27,,,15879,,,,,,,,,,0.10101860761642456,,,,,,,,,,,
27,,,15899,,,,,,,,,,0.06525782495737076,,,,,,,,,,,
27,,,15919,,,,,,,,,,0.0332334004342556,,,,,,,,,,,
27,,,15939,,,,,,,,,,0.0027663761284202337,,,,,,,,,,,
27,,,15959,,,,,,,,,,0.21147768199443817,,,,,,,,,,,
27,,,15979,,,,,,,,,,0.0050095017068088055,,,,,,,,,,,
27,,,15999,,,,,,,,,,0.27177542448043823,,,,,,,,,,,
27,,,16019,,,,,,,,,,0.003972969949245453,,,,,,,,,,,
27,,,16039,,,,,,,,,,0.0015063377795740962,,,,,,,,,,,
27,,,16059,,,,,,,,,,0.018401553854346275,,,,,,,,,,,
27,,,16079,,,,,,,,,,0.40395301580429077,,,,,,,,,,,
27,,,16099,,,,,,,,,,0.002481497824192047,,,,,,,,,,,
27,,,16119,,,,,,,,,,0.05212646350264549,,,,,,,,,,,
27,,,16139,,,,,,,,,,0.0006898485589772463,,,,,,,,,,,
27,,,16159,,,,,,,,,,0.33373260498046875,,,,,,,,,,,
27,,,16179,,,,,,,,,,0.001091686775907874,,,,,,,,,,,
27,,,16199,,,,,,,,,,0.23828323185443878,,,,,,,,,,,
27,,,16219,,,,,,,,,,0.0006860882276669145,,,,,,,,,,,
27,,,16239,,,,,,,,,,0.5840597748756409,,,,,,,,,,,
27,,,16259,,,,,,,,,,0.013579114340245724,,,,,,,,,,,
27,,,16279,,,,,,,,,,0.006714224349707365,,,,,,,,,,,
27,,,16295,,,,,,,,,,,0.4931349754333496,0.7676752209663391,0.49038165807724,6.798066139221191,0.5984435081481934,0.3600660562515259,0.6483718752861023,0.5336322784423828,0.3845767378807068,0.8271929621696472,0.4931349754333496
27,,,16295,,,,,,,,0.9264162182807922,0.16188254952430725,,,,,,,,,,,,
,0.0002031907330563803,0.0002031907330563803,16296,,,,,,,,,,,,,,,,,,,,,
28,,,16299,,,,,,,,,,0.13905563950538635,,,,,,,,,,,
28,,,16319,,,,,,,,,,0.06796403229236603,,,,,,,,,,,
28,,,16339,,,,,,,,,,0.0016871008556336164,,,,,,,,,,,
28,,,16359,,,,,,,,,,0.027063600718975067,,,,,,,,,,,
28,,,16379,,,,,,,,,,0.04653734713792801,,,,,,,,,,,
28,,,16399,,,,,,,,,,0.14523565769195557,,,,,,,,,,,
28,,,16419,,,,,,,,,,0.05985088646411896,,,,,,,,,,,
28,,,16439,,,,,,,,,,0.019057907164096832,,,,,,,,,,,
28,,,16459,,,,,,,,,,0.21581780910491943,,,,,,,,,,,
28,,,16479,,,,,,,,,,0.019915634766221046,,,,,,,,,,,
28,,,16499,,,,,,,,,,0.006063124164938927,,,,,,,,,,,
28,,,16519,,,,,,,,,,0.07514555007219315,,,,,,,,,,,
28,,,16539,,,,,,,,,,0.3362826704978943,,,,,,,,,,,
28,,,16559,,,,,,,,,,0.004342746455222368,,,,,,,,,,,
28,,,16579,,,,,,,,,,0.009879246354103088,,,,,,,,,,,
28,,,16599,,,,,,,,,,0.005051862448453903,,,,,,,,,,,
28,,,16619,,,,,,,,,,0.00481012836098671,,,,,,,,,,,
28,,,16639,,,,,,,,,,0.021771449595689774,,,,,,,,,,,
28,,,16659,,,,,,,,,,0.7350988388061523,,,,,,,,,,,
28,,,16679,,,,,,,,,,0.008215602487325668,,,,,,,,,,,
28,,,16699,,,,,,,,,,0.1618858277797699,,,,,,,,,,,
28,,,16719,,,,,,,,,,0.0025756098330020905,,,,,,,,,,,
28,,,16739,,,,,,,,,,0.005121639929711819,,,,,,,,,,,
28,,,16759,,,,,,,,,,0.07873373478651047,,,,,,,,,,,
28,,,16779,,,,,,,,,,0.009960868395864964,,,,,,,,,,,
28,,,16799,,,,,,,,,,0.07558873295783997,,,,,,,,,,,
28,,,16819,,,,,,,,,,0.08025515079498291,,,,,,,,,,,
28,,,16839,,,,,,,,,,0.008645590394735336,,,,,,,,,,,
28,,,16859,,,,,,,,,,0.09236349165439606,,,,,,,,,,,
28,,,16877,,,,,,,,,,,0.4014379382133484,0.7003269195556641,0.35428500175476074,8.239361763000488,0.45340603590011597,0.21773205697536469,0.6064184904098511,0.11217756569385529,0.3862368166446686,0.708791196346283,0.4014379382133484
28,,,16877,,,,,,,,0.9205294251441956,0.17886249721050262,,,,,,,,,,,,
,0.00019462545807828044,0.00019462545807828044,16878,,,,,,,,,,,,,,,,,,,,,
29,,,16879,,,,,,,,,,0.004690703935921192,,,,,,,,,,,
29,,,16899,,,,,,,,,,0.2847624719142914,,,,,,,,,,,
29,,,16919,,,,,,,,,,0.08141949772834778,,,,,,,,,,,
29,,,16939,,,,,,,,,,0.03847133368253708,,,,,,,,,,,
29,,,16959,,,,,,,,,,1.0017567873001099,,,,,,,,,,,
29,,,16979,,,,,,,,,,0.1770281195640564,,,,,,,,,,,
29,,,16999,,,,,,,,,,0.12153026461601257,,,,,,,,,,,
29,,,17019,,,,,,,,,,0.007925803773105145,,,,,,,,,,,
29,,,17039,,,,,,,,,,0.11770462989807129,,,,,,,,,,,
29,,,17059,,,,,,,,,,0.011881682090461254,,,,,,,,,,,
29,,,17079,,,,,,,,,,0.030407661572098732,,,,,,,,,,,
29,,,17099,,,,,,,,,,0.6716012954711914,,,,,,,,,,,
29,,,17119,,,,,,,,,,0.7604103088378906,,,,,,,,,,,
29,,,17139,,,,,,,,,,0.38903990387916565,,,,,,,,,,,
29,,,17159,,,,,,,,,,0.0012607115786522627,,,,,,,,,,,
29,,,17179,,,,,,,,,,0.39113083481788635,,,,,,,,,,,
29,,,17199,,,,,,,,,,0.07182082533836365,,,,,,,,,,,
29,,,17219,,,,,,,,,,0.22988398373126984,,,,,,,,,,,
29,,,17239,,,,,,,,,,0.002289712429046631,,,,,,,,,,,
29,,,17259,,,,,,,,,,0.04775232821702957,,,,,,,,,,,
29,,,17279,,,,,,,,,,0.09496575593948364,,,,,,,,,,,
29,,,17299,,,,,,,,,,0.01491012517362833,,,,,,,,,,,
29,,,17319,,,,,,,,,,0.30190491676330566,,,,,,,,,,,
29,,,17339,,,,,,,,,,0.0485222190618515,,,,,,,,,,,
29,,,17359,,,,,,,,,,0.2378462255001068,,,,,,,,,,,
29,,,17379,,,,,,,,,,0.3496852219104767,,,,,,,,,,,
29,,,17399,,,,,,,,,,0.35621970891952515,,,,,,,,,,,
29,,,17419,,,,,,,,,,0.0013071427820250392,,,,,,,,,,,
29,,,17439,,,,,,,,,,0.24671493470668793,,,,,,,,,,,
29,,,17459,,,,,,,,,,0.00097240274772048,,,,,,,,,,,
29,,,17459,,,,,,,,,,,0.44578349590301514,0.7157443165779114,0.4029558598995209,7.722498416900635,0.5175607204437256,0.26664137840270996,0.6295993328094482,0.23494687676429749,0.3498207926750183,0.8558758497238159,0.44578349590301514
29,,,17459,,,,,,,,0.9222972989082336,0.17295420169830322,,,,,,,,,,,,
,0.00018589734964313365,0.00018589734964313365,17460,,,,,,,,,,,,,,,,,,,,,
30,,,17479,,,,,,,,,,0.0035054406616836786,,,,,,,,,,,
30,,,17499,,,,,,,,,,0.0027124565094709396,,,,,,,,,,,
30,,,17519,,,,,,,,,,0.33242297172546387,,,,,,,,,,,
30,,,17539,,,,,,,,,,0.03921124339103699,,,,,,,,,,,
30,,,17559,,,,,,,,,,0.0009732175967656076,,,,,,,,,,,
30,,,17579,,,,,,,,,,0.0008444599225185812,,,,,,,,,,,
30,,,17599,,,,,,,,,,0.009552591480314732,,,,,,,,,,,
30,,,17619,,,,,,,,,,0.03411542624235153,,,,,,,,,,,
30,,,17639,,,,,,,,,,0.0839606374502182,,,,,,,,,,,
30,,,17659,,,,,,,,,,0.01116744801402092,,,,,,,,,,,
30,,,17679,,,,,,,,,,0.19689498841762543,,,,,,,,,,,
30,,,17699,,,,,,,,,,0.12142225354909897,,,,,,,,,,,
30,,,17719,,,,,,,,,,0.3610033392906189,,,,,,,,,,,
30,,,17739,,,,,,,,,,0.020060455426573753,,,,,,,,,,,
30,,,17759,,,,,,,,,,0.09549915790557861,,,,,,,,,,,
30,,,17779,,,,,,,,,,0.11702577769756317,,,,,,,,,,,
30,,,17799,,,,,,,,,,0.0005589688080362976,,,,,,,,,,,
30,,,17819,,,,,,,,,,0.0007370917010121047,,,,,,,,,,,
30,,,17839,,,,,,,,,,0.1687205582857132,,,,,,,,,,,
30,,,17859,,,,,,,,,,0.013415961526334286,,,,,,,,,,,
30,,,17879,,,,,,,,,,0.07060112059116364,,,,,,,,,,,
30,,,17899,,,,,,,,,,0.5228760242462158,,,,,,,,,,,
30,,,17919,,,,,,,,,,0.4962214231491089,,,,,,,,,,,
30,,,17939,,,,,,,,,,0.20074857771396637,,,,,,,,,,,
30,,,17959,,,,,,,,,,0.0026704338379204273,,,,,,,,,,,
30,,,17979,,,,,,,,,,0.0186187531799078,,,,,,,,,,,
30,,,17999,,,,,,,,,,0.4903925359249115,,,,,,,,,,,
30,,,18019,,,,,,,,,,0.007562556304037571,,,,,,,,,,,
30,,,18039,,,,,,,,,,0.1344749629497528,,,,,,,,,,,
30,,,18041,,,,,,,,,,,0.5921880006790161,0.8009685277938843,0.5914986729621887,5.154128074645996,0.6185050010681152,0.4357641339302063,0.6586433053016663,0.5076452493667603,0.48608964681625366,0.8216418027877808,0.5921880006790161
30,,,18041,,,,,,,,0.9284643530845642,0.1541222184896469,,,,,,,,,,,,
,0.00017703825567208587,0.00017703825567208587,18042,,,,,,,,,,,,,,,,,,,,,
31,,,18059,,,,,,,,,,0.17958925664424896,,,,,,,,,,,
31,,,18079,,,,,,,,,,0.03284071385860443,,,,,,,,,,,
31,,,18099,,,,,,,,,,0.09715206921100616,,,,,,,,,,,
31,,,18119,,,,,,,,,,0.0006745836581103504,,,,,,,,,,,
31,,,18139,,,,,,,,,,0.0024657261092215776,,,,,,,,,,,
31,,,18159,,,,,,,,,,0.07289011031389236,,,,,,,,,,,
31,,,18179,,,,,,,,,,0.0011603384045884013,,,,,,,,,,,
31,,,18199,,,,,,,,,,0.006331727374345064,,,,,,,,,,,
31,,,18219,,,,,,,,,,0.060977764427661896,,,,,,,,,,,
31,,,18239,,,,,,,,,,0.047475773841142654,,,,,,,,,,,
31,,,18259,,,,,,,,,,0.1079079657793045,,,,,,,,,,,
31,,,18279,,,,,,,,,,0.3120398223400116,,,,,,,,,,,
31,,,18299,,,,,,,,,,0.3991747498512268,,,,,,,,,,,
31,,,18319,,,,,,,,,,0.051961082965135574,,,,,,,,,,,
31,,,18339,,,,,,,,,,0.06432737410068512,,,,,,,,,,,
31,,,18359,,,,,,,,,,0.0342346616089344,,,,,,,,,,,
31,,,18379,,,,,,,,,,0.0007058603223413229,,,,,,,,,,,
31,,,18399,,,,,,,,,,0.0012212216388434172,,,,,,,,,,,
31,,,18419,,,,,,,,,,0.0008363241795450449,,,,,,,,,,,
31,,,18439,,,,,,,,,,0.1050548106431961,,,,,,,,,,,
31,,,18459,,,,,,,,,,0.006959311664104462,,,,,,,,,,,
31,,,18479,,,,,,,,,,0.027265748009085655,,,,,,,,,,,
31,,,18499,,,,,,,,,,0.6879379749298096,,,,,,,,,,,
31,,,18519,,,,,,,,,,1.3774358034133911,,,,,,,,,,,
31,,,18539,,,,,,,,,,0.10736943036317825,,,,,,,,,,,
31,,,18559,,,,,,,,,,0.02924543246626854,,,,,,,,,,,
31,,,18579,,,,,,,,,,0.18163248896598816,,,,,,,,,,,
31,,,18599,,,,,,,,,,0.02443511039018631,,,,,,,,,,,
31,,,18619,,,,,,,,,,0.21082580089569092,,,,,,,,,,,
31,,,18623,,,,,,,,,,,0.45399194955825806,0.7118796110153198,0.44408082962036133,8.249063491821289,0.5251631140708923,0.2886959910392761,0.5948688387870789,0.3648393154144287,0.4107588231563568,0.7301855087280273,0.45399194955825806
31,,,18623,,,,,,,,0.9262621402740479,0.16373075544834137,,,,,,,,,,,,
,0.00016808050203829842,0.00016808050203829842,18624,,,,,,,,,,,,,,,,,,,,,
32,,,18639,,,,,,,,,,0.18691007792949677,,,,,,,,,,,
32,,,18659,,,,,,,,,,0.4527396559715271,,,,,,,,,,,
32,,,18679,,,,,,,,,,0.43945103883743286,,,,,,,,,,,
32,,,18699,,,,,,,,,,0.39516308903694153,,,,,,,,,,,
32,,,18719,,,,,,,,,,0.009228337556123734,,,,,,,,,,,
32,,,18739,,,,,,,,,,0.3440445363521576,,,,,,,,,,,
32,,,18759,,,,,,,,,,0.002771530533209443,,,,,,,,,,,
32,,,18779,,,,,,,,,,0.21881508827209473,,,,,,,,,,,
32,,,18799,,,,,,,,,,0.002503537107259035,,,,,,,,,,,
32,,,18819,,,,,,,,,,0.09863559901714325,,,,,,,,,,,
32,,,18839,,,,,,,,,,0.011520368978381157,,,,,,,,,,,
32,,,18859,,,,,,,,,,0.008020029403269291,,,,,,,,,,,
32,,,18879,,,,,,,,,,0.07526510953903198,,,,,,,,,,,
32,,,18899,,,,,,,,,,0.17772947251796722,,,,,,,,,,,
32,,,18919,,,,,,,,,,0.05569439381361008,,,,,,,,,,,
32,,,18939,,,,,,,,,,0.24564991891384125,,,,,,,,,,,
32,,,18959,,,,,,,,,,0.0014359360793605447,,,,,,,,,,,
32,,,18979,,,,,,,,,,0.002427270170301199,,,,,,,,,,,
32,,,18999,,,,,,,,,,0.0005214090342633426,,,,,,,,,,,
32,,,19019,,,,,,,,,,0.0016976904589682817,,,,,,,,,,,
32,,,19039,,,,,,,,,,0.012395864352583885,,,,,,,,,,,
32,,,19059,,,,,,,,,,0.028655948117375374,,,,,,,,,,,
32,,,19079,,,,,,,,,,0.12216348201036453,,,,,,,,,,,
32,,,19099,,,,,,,,,,0.11069999635219574,,,,,,,,,,,
32,,,19119,,,,,,,,,,0.0005556885153055191,,,,,,,,,,,
32,,,19139,,,,,,,,,,0.1946256458759308,,,,,,,,,,,
32,,,19159,,,,,,,,,,0.02231414243578911,,,,,,,,,,,
32,,,19179,,,,,,,,,,0.28252100944519043,,,,,,,,,,,
32,,,19199,,,,,,,,,,0.1223054826259613,,,,,,,,,,,
32,,,19205,,,,,,,,,,,0.41899770498275757,0.7290635704994202,0.41217881441116333,7.565638065338135,0.47628340125083923,0.2812401354312897,0.6061021089553833,0.11855104565620422,0.44170495867729187,0.7387754917144775,0.41899770498275757
32,,,19205,,,,,,,,0.9307097792625427,0.14749886095523834,,,,,,,,,,,,
,0.0001590567746133429,0.0001590567746133429,19206,,,,,,,,,,,,,,,,,,,,,
33,,,19219,,,,,,,,,,0.0018486857879906893,,,,,,,,,,,
33,,,19239,,,,,,,,,,0.006454211659729481,,,,,,,,,,,
33,,,19259,,,,,,,,,,0.02375136688351631,,,,,,,,,,,
33,,,19279,,,,,,,,,,0.22318030893802643,,,,,,,,,,,
33,,,19299,,,,,,,,,,0.014350026845932007,,,,,,,,,,,
33,,,19319,,,,,,,,,,0.0019513347651809454,,,,,,,,,,,
33,,,19339,,,,,,,,,,0.4032914638519287,,,,,,,,,,,
33,,,19359,,,,,,,,,,0.0049992892891168594,,,,,,,,,,,
33,,,19379,,,,,,,,,,0.13259771466255188,,,,,,,,,,,
33,,,19399,,,,,,,,,,0.0014467197470366955,,,,,,,,,,,
33,,,19419,,,,,,,,,,0.03973361849784851,,,,,,,,,,,
33,,,19439,,,,,,,,,,0.045072659850120544,,,,,,,,,,,
33,,,19459,,,,,,,,,,0.023804761469364166,,,,,,,,,,,
33,,,19479,,,,,,,,,,0.1242913156747818,,,,,,,,,,,
33,,,19499,,,,,,,,,,0.01652914471924305,,,,,,,,,,,
33,,,19519,,,,,,,,,,0.10272027552127838,,,,,,,,,,,
33,,,19539,,,,,,,,,,0.3161127269268036,,,,,,,,,,,
33,,,19559,,,,,,,,,,0.13318315148353577,,,,,,,,,,,
33,,,19579,,,,,,,,,,0.0006600968190468848,,,,,,,,,,,
33,,,19599,,,,,,,,,,0.0016781177837401628,,,,,,,,,,,
33,,,19619,,,,,,,,,,0.2105579823255539,,,,,,,,,,,
33,,,19639,,,,,,,,,,0.22124189138412476,,,,,,,,,,,
33,,,19659,,,,,,,,,,0.6798356771469116,,,,,,,,,,,
33,,,19679,,,,,,,,,,0.0019061380298808217,,,,,,,,,,,
33,,,19699,,,,,,,,,,0.004800967872142792,,,,,,,,,,,
33,,,19719,,,,,,,,,,0.013477756641805172,,,,,,,,,,,
33,,,19739,,,,,,,,,,0.16236931085586548,,,,,,,,,,,
33,,,19759,,,,,,,,,,0.0009735257481224835,,,,,,,,,,,
33,,,19779,,,,,,,,,,0.02848893776535988,,,,,,,,,,,
33,,,19787,,,,,,,,,,,0.43306994438171387,0.7155650854110718,0.43332308530807495,7.58595609664917,0.49435824155807495,0.31852859258651733,0.6319906115531921,0.21022726595401764,0.39403852820396423,0.7411764860153198,0.43306994438171387
33,,,19787,,,,,,,,0.930341362953186,0.15589098632335663,,,,,,,,,,,,
,0.00015,0.00015,19788,,,,,,,,,,,,,,,,,,,,,
34,,,19799,,,,,,,,,,0.0018832311034202576,,,,,,,,,,,
34,,,19819,,,,,,,,,,0.08797533810138702,,,,,,,,,,,
34,,,19839,,,,,,,,,,0.09944522380828857,,,,,,,,,,,
34,,,19859,,,,,,,,,,0.0008268547244369984,,,,,,,,,,,
34,,,19879,,,,,,,,,,0.00933406688272953,,,,,,,,,,,
34,,,19899,,,,,,,,,,0.019028928130865097,,,,,,,,,,,
34,,,19919,,,,,,,,,,0.023595189675688744,,,,,,,,,,,
34,,,19939,,,,,,,,,,0.038972120732069016,,,,,,,,,,,
34,,,19959,,,,,,,,,,0.030978821218013763,,,,,,,,,,,
34,,,19979,,,,,,,,,,0.32334423065185547,,,,,,,,,,,
34,,,19999,,,,,,,,,,0.20018145442008972,,,,,,,,,,,
34,,,20019,,,,,,,,,,0.027556031942367554,,,,,,,,,,,
34,,,20039,,,,,,,,,,0.007027717307209969,,,,,,,,,,,
34,,,20059,,,,,,,,,,0.03284115344285965,,,,,,,,,,,
34,,,20079,,,,,,,,,,0.44129884243011475,,,,,,,,,,,
34,,,20099,,,,,,,,,,0.0005396668566390872,,,,,,,,,,,
34,,,20119,,,,,,,,,,0.002867789240553975,,,,,,,,,,,
34,,,20139,,,,,,,,,,0.12889961898326874,,,,,,,,,,,
34,,,20159,,,,,,,,,,0.04076720029115677,,,,,,,,,,,
34,,,20179,,,,,,,,,,0.09768200665712357,,,,,,,,,,,
34,,,20199,,,,,,,,,,0.0007750368095003068,,,,,,,,,,,
34,,,20219,,,,,,,,,,0.08613146841526031,,,,,,,,,,,
34,,,20239,,,,,,,,,,0.0022849692031741142,,,,,,,,,,,
34,,,20259,,,,,,,,,,0.0012520498130470514,,,,,,,,,,,
34,,,20279,,,,,,,,,,0.4159824550151825,,,,,,,,,,,
34,,,20299,,,,,,,,,,0.24302326142787933,,,,,,,,,,,
34,,,20319,,,,,,,,,,0.0004704999446403235,,,,,,,,,,,
34,,,20339,,,,,,,,,,0.24869070947170258,,,,,,,,,,,
34,,,20359,,,,,,,,,,0.9327131509780884,,,,,,,,,,,
34,,,20369,,,,,,,,,,,0.442546010017395,0.7207342386245728,0.44309791922569275,8.251731872558594,0.5619604587554932,0.2993201017379761,0.5998856425285339,0.47727271914482117,0.4002673029899597,0.7704160213470459,0.442546010017395
34,,,20369,,,,,,,,0.9367704391479492,0.14585086703300476,,,,,,,,,,,,
,0.00014094322538665707,0.00014094322538665707,20370,,,,,,,,,,,,,,,,,,,,,
35,,,20379,,,,,,,,,,0.014924699440598488,,,,,,,,,,,
35,,,20399,,,,,,,,,,0.4817067086696625,,,,,,,,,,,
35,,,20419,,,,,,,,,,0.6862331032752991,,,,,,,,,,,
35,,,20439,,,,,,,,,,0.00034380084252916276,,,,,,,,,,,
35,,,20459,,,,,,,,,,0.1615303009748459,,,,,,,,,,,
35,,,20479,,,,,,,,,,0.7734450697898865,,,,,,,,,,,
35,,,20499,,,,,,,,,,0.03383352607488632,,,,,,,,,,,
35,,,20519,,,,,,,,,,0.07320114970207214,,,,,,,,,,,
35,,,20539,,,,,,,,,,0.3842281103134155,,,,,,,,,,,
35,,,20559,,,,,,,,,,0.014101136475801468,,,,,,,,,,,
35,,,20579,,,,,,,,,,0.003131601959466934,,,,,,,,,,,
35,,,20599,,,,,,,,,,0.07210605591535568,,,,,,,,,,,
35,,,20619,,,,,,,,,,0.00041102367686107755,,,,,,,,,,,
35,,,20639,,,,,,,,,,0.06348292529582977,,,,,,,,,,,
35,,,20659,,,,,,,,,,0.5139822959899902,,,,,,,,,,,
35,,,20679,,,,,,,,,,0.00030334069742821157,,,,,,,,,,,
35,,,20699,,,,,,,,,,0.12544983625411987,,,,,,,,,,,
35,,,20719,,,,,,,,,,0.19031089544296265,,,,,,,,,,,
35,,,20739,,,,,,,,,,0.0005755003076046705,,,,,,,,,,,
35,,,20759,,,,,,,,,,0.10825547575950623,,,,,,,,,,,
35,,,20779,,,,,,,,,,0.0013054875889793038,,,,,,,,,,,
35,,,20799,,,,,,,,,,0.006955413147807121,,,,,,,,,,,
35,,,20819,,,,,,,,,,0.44914501905441284,,,,,,,,,,,
35,,,20839,,,,,,,,,,0.243635356426239,,,,,,,,,,,
35,,,20859,,,,,,,,,,0.000688361469656229,,,,,,,,,,,
35,,,20879,,,,,,,,,,0.0014005417469888926,,,,,,,,,,,
35,,,20899,,,,,,,,,,0.003667019074782729,,,,,,,,,,,
35,,,20919,,,,,,,,,,0.5371344089508057,,,,,,,,,,,
35,,,20939,,,,,,,,,,0.0586046501994133,,,,,,,,,,,
35,,,20951,,,,,,,,,,,0.4492483139038086,0.7307181358337402,0.4425022602081299,8.578009605407715,0.5841659903526306,0.3232289254665375,0.6176918148994446,0.5074626803398132,0.3926774859428406,0.8188319206237793,0.4492483139038086
35,,,20951,,,,,,,,0.9373652935028076,0.1382850855588913,,,,,,,,,,,,
,0.00013191949796170156,0.00013191949796170156,20952,,,,,,,,,,,,,,,,,,,,,
36,,,20959,,,,,,,,,,0.3920654356479645,,,,,,,,,,,
36,,,20979,,,,,,,,,,0.19403961300849915,,,,,,,,,,,
36,,,20999,,,,,,,,,,0.0005130802746862173,,,,,,,,,,,
36,,,21019,,,,,,,,,,0.3513457775115967,,,,,,,,,,,
36,,,21039,,,,,,,,,,0.10772575438022614,,,,,,,,,,,
36,,,21059,,,,,,,,,,0.0008904997957870364,,,,,,,,,,,
36,,,21079,,,,,,,,,,0.5339971780776978,,,,,,,,,,,
36,,,21099,,,,,,,,,,0.28164058923721313,,,,,,,,,,,
36,,,21119,,,,,,,,,,0.2332705408334732,,,,,,,,,,,
36,,,21139,,,,,,,,,,0.0033425665460526943,,,,,,,,,,,
36,,,21159,,,,,,,,,,0.00048186126514337957,,,,,,,,,,,
36,,,21179,,,,,,,,,,0.0007966045523062348,,,,,,,,,,,
36,,,21199,,,,,,,,,,0.00047178397653624415,,,,,,,,,,,
36,,,21219,,,,,,,,,,0.041893988847732544,,,,,,,,,,,
36,,,21239,,,,,,,,,,0.020511316135525703,,,,,,,,,,,
36,,,21259,,,,,,,,,,0.775269627571106,,,,,,,,,,,
36,,,21279,,,,,,,,,,0.08016054332256317,,,,,,,,,,,
36,,,21299,,,,,,,,,,0.011824200861155987,,,,,,,,,,,
36,,,21319,,,,,,,,,,0.0004998994991183281,,,,,,,,,,,
36,,,21339,,,,,,,,,,0.00032163949799723923,,,,,,,,,,,
36,,,21359,,,,,,,,,,0.010199067182838917,,,,,,,,,,,
36,,,21379,,,,,,,,,,0.0004036510654259473,,,,,,,,,,,
36,,,21399,,,,,,,,,,0.005191156640648842,,,,,,,,,,,
36,,,21419,,,,,,,,,,0.0007571047754026949,,,,,,,,,,,
36,,,21439,,,,,,,,,,0.06314751505851746,,,,,,,,,,,
36,,,21459,,,,,,,,,,0.2566925585269928,,,,,,,,,,,
36,,,21479,,,,,,,,,,0.00012319836241658777,,,,,,,,,,,
36,,,21499,,,,,,,,,,0.23470762372016907,,,,,,,,,,,
36,,,21519,,,,,,,,,,0.44891834259033203,,,,,,,,,,,
36,,,21533,,,,,,,,,,,0.45342421531677246,0.7277252674102783,0.4390428960323334,6.744946479797363,0.4889559745788574,0.2977655231952667,0.6257988214492798,0.15815815329551697,0.408483624458313,0.7633832693099976,0.45342421531677246
36,,,21533,,,,,,,,0.9353082776069641,0.14677685499191284,,,,,,,,,,,,
,0.00012296174432791413,0.00012296174432791413,21534,,,,,,,,,,,,,,,,,,,,,
37,,,21539,,,,,,,,,,0.002082121092826128,,,,,,,,,,,
37,,,21559,,,,,,,,,,0.49813446402549744,,,,,,,,,,,
37,,,21579,,,,,,,,,,0.23685237765312195,,,,,,,,,,,
37,,,21599,,,,,,,,,,0.18869565427303314,,,,,,,,,,,
37,,,21619,,,,,,,,,,0.00035143608693033457,,,,,,,,,,,
37,,,21639,,,,,,,,,,0.0007748497882857919,,,,,,,,,,,
37,,,21659,,,,,,,,,,0.0023038946092128754,,,,,,,,,,,
37,,,21679,,,,,,,,,,0.19327110052108765,,,,,,,,,,,
37,,,21699,,,,,,,,,,0.06967365741729736,,,,,,,,,,,
37,,,21719,,,,,,,,,,0.0008995807147584856,,,,,,,,,,,
37,,,21739,,,,,,,,,,0.31354838609695435,,,,,,,,,,,
37,,,21759,,,,,,,,,,0.10500293970108032,,,,,,,,,,,
37,,,21779,,,,,,,,,,0.0036134168040007353,,,,,,,,,,,
37,,,21799,,,,,,,,,,0.5282973051071167,,,,,,,,,,,
37,,,21819,,,,,,,,,,0.0730835422873497,,,,,,,,,,,
37,,,21839,,,,,,,,,,0.06288687884807587,,,,,,,,,,,
37,,,21859,,,,,,,,,,0.10908173769712448,,,,,,,,,,,
37,,,21879,,,,,,,,,,0.7780731916427612,,,,,,,,,,,
37,,,21899,,,,,,,,,,0.09176595509052277,,,,,,,,,,,
37,,,21919,,,,,,,,,,0.0012591589475050569,,,,,,,,,,,
37,,,21939,,,,,,,,,,0.062076032161712646,,,,,,,,,,,
37,,,21959,,,,,,,,,,0.4231608510017395,,,,,,,,,,,
37,,,21979,,,,,,,,,,0.3124253749847412,,,,,,,,,,,
37,,,21999,,,,,,,,,,0.000647803011815995,,,,,,,,,,,
37,,,22019,,,,,,,,,,0.015183470211923122,,,,,,,,,,,
37,,,22039,,,,,,,,,,0.031431861221790314,,,,,,,,,,,
37,,,22059,,,,,,,,,,0.00047557539073750377,,,,,,,,,,,
37,,,22079,,,,,,,,,,0.7834271788597107,,,,,,,,,,,
37,,,22099,,,,,,,,,,0.09927436709403992,,,,,,,,,,,
37,,,22115,,,,,,,,,,,0.43504178524017334,0.7042293548583984,0.42238834500312805,8.697014808654785,0.5251855254173279,0.2756810188293457,0.604224443435669,0.3468354344367981,0.36881259083747864,0.7808695435523987,0.43504178524017334
37,,,22115,,,,,,,,0.9427629113197327,0.12751470506191254,,,,,,,,,,,,
,0.00011410265035686637,0.00011410265035686637,22116,,,,,,,,,,,,,,,,,,,,,
38,,,22119,,,,,,,,,,0.00025754282251000404,,,,,,,,,,,
38,,,22139,,,,,,,,,,0.21501587331295013,,,,,,,,,,,
38,,,22159,,,,,,,,,,0.47080230712890625,,,,,,,,,,,
38,,,22179,,,,,,,,,,0.012033114209771156,,,,,,,,,,,
38,,,22199,,,,,,,,,,0.0007964970427565277,,,,,,,,,,,
38,,,22219,,,,,,,,,,0.3200005292892456,,,,,,,,,,,
38,,,22239,,,,,,,,,,0.0006102671031840146,,,,,,,,,,,
38,,,22259,,,,,,,,,,0.0007547828718088567,,,,,,,,,,,
38,,,22279,,,,,,,,,,0.005507078021764755,,,,,,,,,,,
38,,,22299,,,,,,,,,,0.0005571915535256267,,,,,,,,,,,
38,,,22319,,,,,,,,,,0.01521972194314003,,,,,,,,,,,
38,,,22339,,,,,,,,,,0.059787724167108536,,,,,,,,,,,
38,,,22359,,,,,,,,,,0.13080234825611115,,,,,,,,,,,
38,,,22379,,,,,,,,,,0.4622992277145386,,,,,,,,,,,
38,,,22399,,,,,,,,,,0.007112396415323019,,,,,,,,,,,
38,,,22419,,,,,,,,,,0.018348271027207375,,,,,,,,,,,
38,,,22439,,,,,,,,,,0.08743243664503098,,,,,,,,,,,
38,,,22459,,,,,,,,,,0.04339126870036125,,,,,,,,,,,
38,,,22479,,,,,,,,,,0.29779139161109924,,,,,,,,,,,
38,,,22499,,,,,,,,,,0.0003652199811767787,,,,,,,,,,,
38,,,22519,,,,,,,,,,0.16847306489944458,,,,,,,,,,,
38,,,22539,,,,,,,,,,0.17123103141784668,,,,,,,,,,,
38,,,22559,,,,,,,,,,0.12228625267744064,,,,,,,,,,,
38,,,22579,,,,,,,,,,0.00017372860747855157,,,,,,,,,,,
38,,,22599,,,,,,,,,,0.0006706455606035888,,,,,,,,,,,
38,,,22619,,,,,,,,,,0.29418349266052246,,,,,,,,,,,
38,,,22639,,,,,,,,,,0.0809827670454979,,,,,,,,,,,
38,,,22659,,,,,,,,,,0.0005360448849387467,,,,,,,,,,,
38,,,22679,,,,,,,,,,0.011408599093556404,,,,,,,,,,,
38,,,22697,,,,,,,,,,,0.47470399737358093,0.7414754629135132,0.47914737462997437,7.453876972198486,0.5571675300598145,0.3396000862121582,0.6203375458717346,0.3806818127632141,0.41377049684524536,0.8138801455497742,0.47470399737358093
38,,,22697,,,,,,,,0.940314531326294,0.13239547610282898,,,,,,,,,,,,
,0.00010537454192171957,0.00010537454192171957,22698,,,,,,,,,,,,,,,,,,,,,
39,,,22699,,,,,,,,,,0.24892449378967285,,,,,,,,,,,
39,,,22719,,,,,,,,,,0.11077981442213058,,,,,,,,,,,
39,,,22739,,,,,,,,,,0.0051920246332883835,,,,,,,,,,,
39,,,22759,,,,,,,,,,0.06220543384552002,,,,,,,,,,,
39,,,22779,,,,,,,,,,0.03750171512365341,,,,,,,,,,,
39,,,22799,,,,,,,,,,0.0005413227481767535,,,,,,,,,,,
39,,,22819,,,,,,,,,,0.01480783335864544,,,,,,,,,,,
39,,,22839,,,,,,,,,,0.8836888670921326,,,,,,,,,,,
39,,,22859,,,,,,,,,,0.0007652502390556037,,,,,,,,,,,
39,,,22879,,,,,,,,,,0.193971186876297,,,,,,,,,,,
39,,,22899,,,,,,,,,,0.20878268778324127,,,,,,,,,,,
39,,,22919,,,,,,,,,,0.0002416717034066096,,,,,,,,,,,
39,,,22939,,,,,,,,,,0.4901532828807831,,,,,,,,,,,
39,,,22959,,,,,,,,,,0.0003458092105574906,,,,,,,,,,,
39,,,22979,,,,,,,,,,0.00015515457198489457,,,,,,,,,,,
39,,,22999,,,,,,,,,,0.0006040319567546248,,,,,,,,,,,
39,,,23019,,,,,,,,,,0.015122178010642529,,,,,,,,,,,
39,,,23039,,,,,,,,,,0.08234690129756927,,,,,,,,,,,
39,,,23059,,,,,,,,,,0.15567636489868164,,,,,,,,,,,
39,,,23079,,,,,,,,,,0.03783714398741722,,,,,,,,,,,
39,,,23099,,,,,,,,,,0.08270997554063797,,,,,,,,,,,
39,,,23119,,,,,,,,,,0.13475401699543,,,,,,,,,,,
39,,,23139,,,,,,,,,,0.03391440212726593,,,,,,,,,,,
39,,,23159,,,,,,,,,,0.001500345068052411,,,,,,,,,,,
39,,,23179,,,,,,,,,,0.0002586785121820867,,,,,,,,,,,
39,,,23199,,,,,,,,,,0.0012819862458854914,,,,,,,,,,,
39,,,23219,,,,,,,,,,0.00020239131117705256,,,,,,,,,,,
39,,,23239,,,,,,,,,,0.037749484181404114,,,,,,,,,,,
39,,,23259,,,,,,,,,,0.3008262515068054,,,,,,,,,,,
39,,,23279,,,,,,,,,,0.2889694273471832,,,,,,,,,,,
39,,,23279,,,,,,,,,,,0.47537147998809814,0.7272101640701294,0.4535020887851715,7.965728282928467,0.5404841899871826,0.3025692403316498,0.6355866193771362,0.3827838897705078,0.36114540696144104,0.7824207544326782,0.47537147998809814
39,,,23279,,,,,,,,0.9416726231575012,0.12574271857738495,,,,,,,,,,,,
,9.680926694361964e-05,9.680926694361964e-05,23280,,,,,,,,,,,,,,,,,,,,,
40,,,23299,,,,,,,,,,0.0003163487126585096,,,,,,,,,,,
40,,,23319,,,,,,,,,,0.2256309986114502,,,,,,,,,,,
40,,,23339,,,,,,,,,,0.0003086281649302691,,,,,,,,,,,
40,,,23359,,,,,,,,,,0.0028801136650145054,,,,,,,,,,,
40,,,23379,,,,,,,,,,0.441491037607193,,,,,,,,,,,
40,,,23399,,,,,,,,,,0.10300255566835403,,,,,,,,,,,
40,,,23419,,,,,,,,,,0.00026789322146214545,,,,,,,,,,,
40,,,23439,,,,,,,,,,0.6749902963638306,,,,,,,,,,,
40,,,23459,,,,,,,,,,0.0002859553787857294,,,,,,,,,,,
40,,,23479,,,,,,,,,,0.0003361523267813027,,,,,,,,,,,
40,,,23499,,,,,,,,,,0.0024172780103981495,,,,,,,,,,,
40,,,23519,,,,,,,,,,0.0020108474418520927,,,,,,,,,,,
40,,,23539,,,,,,,,,,0.532673180103302,,,,,,,,,,,
40,,,23559,,,,,,,,,,8.417104982072487e-05,,,,,,,,,,,
40,,,23579,,,,,,,,,,0.06802389770746231,,,,,,,,,,,
40,,,23599,,,,,,,,,,0.040400609374046326,,,,,,,,,,,
40,,,23619,,,,,,,,,,0.0004923935630358756,,,,,,,,,,,
40,,,23639,,,,,,,,,,0.00025361147709190845,,,,,,,,,,,
40,,,23659,,,,,,,,,,0.07402508705854416,,,,,,,,,,,
40,,,23679,,,,,,,,,,0.0006500997114926577,,,,,,,,,,,
40,,,23699,,,,,,,,,,0.7278597354888916,,,,,,,,,,,
40,,,23719,,,,,,,,,,0.09346209466457367,,,,,,,,,,,
40,,,23739,,,,,,,,,,0.0006048764917068183,,,,,,,,,,,
40,,,23759,,,,,,,,,,0.10716976225376129,,,,,,,,,,,
40,,,23779,,,,,,,,,,0.0030115977860987186,,,,,,,,,,,
40,,,23799,,,,,,,,,,0.012254930101335049,,,,,,,,,,,
40,,,23819,,,,,,,,,,0.0007805984932929277,,,,,,,,,,,
40,,,23839,,,,,,,,,,0.000287643721094355,,,,,,,,,,,
40,,,23859,,,,,,,,,,0.0004939655191265047,,,,,,,,,,,
40,,,23861,,,,,,,,,,,0.5023482441902161,0.7517274618148804,0.4925529658794403,7.024353981018066,0.5503870248794556,0.3497077524662018,0.6344176530838013,0.2722095549106598,0.4325047731399536,0.8624160885810852,0.5023482441902161
40,,,23861,,,,,,,,0.9425948262214661,0.1300724595785141,,,,,,,,,,,,
,8.84380791820865e-05,8.84380791820865e-05,23862,,,,,,,,,,,,,,,,,,,,,
41,,,23879,,,,,,,,,,0.0003739679232239723,,,,,,,,,,,
41,,,23899,,,,,,,,,,0.005389885976910591,,,,,,,,,,,
41,,,23919,,,,,,,,,,0.17366395890712738,,,,,,,,,,,
41,,,23939,,,,,,,,,,0.4679108262062073,,,,,,,,,,,
41,,,23959,,,,,,,,,,0.23350682854652405,,,,,,,,,,,
41,,,23979,,,,,,,,,,0.003030391875654459,,,,,,,,,,,
41,,,23999,,,,,,,,,,0.2369491159915924,,,,,,,,,,,
41,,,24019,,,,,,,,,,0.15854841470718384,,,,,,,,,,,
41,,,24039,,,,,,,,,,0.0019412513356655836,,,,,,,,,,,
41,,,24059,,,,,,,,,,0.11138744652271271,,,,,,,,,,,
41,,,24079,,,,,,,,,,0.0005221310420893133,,,,,,,,,,,
41,,,24099,,,,,,,,,,0.22574806213378906,,,,,,,,,,,
41,,,24119,,,,,,,,,,0.022977102547883987,,,,,,,,,,,
41,,,24139,,,,,,,,,,0.3213807940483093,,,,,,,,,,,
41,,,24159,,,,,,,,,,0.2263447493314743,,,,,,,,,,,
41,,,24179,,,,,,,,,,0.5063641667366028,,,,,,,,,,,
41,,,24199,,,,,,,,,,0.01093362458050251,,,,,,,,,,,
41,,,24219,,,,,,,,,,0.00021909236966166645,,,,,,,,,,,
41,,,24239,,,,,,,,,,0.0004620492982212454,,,,,,,,,,,
41,,,24259,,,,,,,,,,0.0006100996979512274,,,,,,,,,,,
41,,,24279,,,,,,,,,,0.05845847725868225,,,,,,,,,,,
41,,,24299,,,,,,,,,,0.06328719854354858,,,,,,,,,,,
41,,,24319,,,,,,,,,,0.039973292499780655,,,,,,,,,,,
41,,,24339,,,,,,,,,,0.0006523957126773894,,,,,,,,,,,
41,,,24359,,,,,,,,,,0.5972126722335815,,,,,,,,,,,
41,,,24379,,,,,,,,,,0.03173501044511795,,,,,,,,,,,
41,,,24399,,,,,,,,,,0.0008302626083604991,,,,,,,,,,,
41,,,24419,,,,,,,,,,0.005042878910899162,,,,,,,,,,,
41,,,24439,,,,,,,,,,0.2044568806886673,,,,,,,,,,,
41,,,24443,,,,,,,,,,,0.4617704153060913,0.7241702079772949,0.4573243260383606,7.644057273864746,0.5053659081459045,0.33489343523979187,0.646728515625,0.3239436745643616,0.3931964337825775,0.6575949192047119,0.4617704153060913
41,,,24443,,,,,,,,0.9448068737983704,0.11800120770931244,,,,,,,,,,,,
,8.02915241934347e-05,8.02915241934347e-05,24444,,,,,,,,,,,,,,,,,,,,,
42,,,24459,,,,,,,,,,0.0005059188115410507,,,,,,,,,,,
42,,,24479,,,,,,,,,,0.24964185059070587,,,,,,,,,,,
42,,,24499,,,,,,,,,,0.000518232409376651,,,,,,,,,,,
42,,,24519,,,,,,,,,,0.0004360597813501954,,,,,,,,,,,
42,,,24539,,,,,,,,,,0.00019928161054849625,,,,,,,,,,,
42,,,24559,,,,,,,,,,0.00014210677181836218,,,,,,,,,,,
42,,,24579,,,,,,,,,,0.1749623417854309,,,,,,,,,,,
42,,,24599,,,,,,,,,,0.09107019007205963,,,,,,,,,,,
42,,,24619,,,,,,,,,,0.13706621527671814,,,,,,,,,,,
42,,,24639,,,,,,,,,,0.00022080006601754576,,,,,,,,,,,
42,,,24659,,,,,,,,,,0.06879565119743347,,,,,,,,,,,
42,,,24679,,,,,,,,,,0.0004301076987758279,,,,,,,,,,,
42,,,24699,,,,,,,,,,0.053874269127845764,,,,,,,,,,,
42,,,24719,,,,,,,,,,0.0164897833019495,,,,,,,,,,,
42,,,24739,,,,,,,,,,0.13344596326351166,,,,,,,,,,,
42,,,24759,,,,,,,,,,0.02249380387365818,,,,,,,,,,,
42,,,24779,,,,,,,,,,0.516446053981781,,,,,,,,,,,
42,,,24799,,,,,,,,,,0.004732041619718075,,,,,,,,,,,
42,,,24819,,,,,,,,,,0.0009183064103126526,,,,,,,,,,,
42,,,24839,,,,,,,,,,0.0008428010623902082,,,,,,,,,,,
42,,,24859,,,,,,,,,,0.00020801379287149757,,,,,,,,,,,
42,,,24879,,,,,,,,,,0.3767014145851135,,,,,,,,,,,
42,,,24899,,,,,,,,,,0.06125988811254501,,,,,,,,,,,
42,,,24919,,,,,,,,,,0.6168003082275391,,,,,,,,,,,
42,,,24939,,,,,,,,,,0.14782433211803436,,,,,,,,,,,
42,,,24959,,,,,,,,,,0.0003593414439819753,,,,,,,,,,,
42,,,24979,,,,,,,,,,0.00017699471209198236,,,,,,,,,,,
42,,,24999,,,,,,,,,,0.2778562307357788,,,,,,,,,,,
42,,,25019,,,,,,,,,,0.0005637957947328687,,,,,,,,,,,
42,,,25025,,,,,,,,,,,0.42344793677330017,0.7044285535812378,0.4160328507423401,8.994955062866211,0.47539985179901123,0.29698601365089417,0.6124248504638672,0.14685314893722534,0.41146013140678406,0.730861246585846,0.42344793677330017
42,,,25025,,,,,,,,0.9451515674591064,0.11926645785570145,,,,,,,,,,,,
,7.239932787335146e-05,7.239932787335146e-05,25026,,,,,,,,,,,,,,,,,,,,,
43,,,25039,,,,,,,,,,0.12648934125900269,,,,,,,,,,,
43,,,25059,,,,,,,,,,0.00981663167476654,,,,,,,,,,,
43,,,25079,,,,,,,,,,0.07900385558605194,,,,,,,,,,,
43,,,25099,,,,,,,,,,0.0005217357538640499,,,,,,,,,,,
43,,,25119,,,,,,,,,,0.0002333292068215087,,,,,,,,,,,
43,,,25139,,,,,,,,,,0.00043528713285923004,,,,,,,,,,,
43,,,25159,,,,,,,,,,0.0004894617013633251,,,,,,,,,,,
43,,,25179,,,,,,,,,,0.00016625781427137554,,,,,,,,,,,
43,,,25199,,,,,,,,,,0.6431320309638977,,,,,,,,,,,
43,,,25219,,,,,,,,,,0.002622040454298258,,,,,,,,,,,
43,,,25239,,,,,,,,,,0.1469845175743103,,,,,,,,,,,
43,,,25259,,,,,,,,,,0.09390685707330704,,,,,,,,,,,
43,,,25279,,,,,,,,,,9.874886745819822e-05,,,,,,,,,,,
43,,,25299,,,,,,,,,,0.07421698421239853,,,,,,,,,,,
43,,,25319,,,,,,,,,,0.11161762475967407,,,,,,,,,,,
43,,,25339,,,,,,,,,,0.0002566904295235872,,,,,,,,,,,
43,,,25359,,,,,,,,,,0.03533655405044556,,,,,,,,,,,
43,,,25379,,,,,,,,,,0.09339781105518341,,,,,,,,,,,
43,,,25399,,,,,,,,,,0.2857600152492523,,,,,,,,,,,
43,,,25419,,,,,,,,,,0.09863424301147461,,,,,,,,,,,
43,,,25439,,,,,,,,,,0.06786100566387177,,,,,,,,,,,
43,,,25459,,,,,,,,,,0.6087059378623962,,,,,,,,,,,
43,,,25479,,,,,,,,,,0.31396496295928955,,,,,,,,,,,
43,,,25499,,,,,,,,,,0.0003455512342043221,,,,,,,,,,,
43,,,25519,,,,,,,,,,0.2855647802352905,,,,,,,,,,,
43,,,25539,,,,,,,,,,0.8362730145454407,,,,,,,,,,,
43,,,25559,,,,,,,,,,0.07461081445217133,,,,,,,,,,,
43,,,25579,,,,,,,,,,0.04314611852169037,,,,,,,,,,,
43,,,25599,,,,,,,,,,0.09764154255390167,,,,,,,,,,,
43,,,25607,,,,,,,,,,,0.46095073223114014,0.7237197160720825,0.47947847843170166,9.028810501098633,0.5888245105743408,0.3381251096725464,0.6017897129058838,0.5333333611488342,0.42090508341789246,0.7992700934410095,0.46095073223114014
43,,,25607,,,,,,,,0.9517070055007935,0.10328426212072372,,,,,,,,,,,,
,6.479028799032664e-05,6.479028799032664e-05,25608,,,,,,,,,,,,,,,,,,,,,
44,,,25619,,,,,,,,,,0.00034563467488624156,,,,,,,,,,,
44,,,25639,,,,,,,,,,0.08208068460226059,,,,,,,,,,,
44,,,25659,,,,,,,,,,5.0790298701031134e-05,,,,,,,,,,,
44,,,25679,,,,,,,,,,0.00019688447355292737,,,,,,,,,,,
44,,,25699,,,,,,,,,,0.0005082691204734147,,,,,,,,,,,
44,,,25719,,,,,,,,,,0.0003615979221649468,,,,,,,,,,,
44,,,25739,,,,,,,,,,7.480690692318603e-05,,,,,,,,,,,
44,,,25759,,,,,,,,,,0.015476948581635952,,,,,,,,,,,
44,,,25779,,,,,,,,,,0.28108033537864685,,,,,,,,,,,
44,,,25799,,,,,,,,,,0.00039203735650517046,,,,,,,,,,,
44,,,25819,,,,,,,,,,0.32345467805862427,,,,,,,,,,,
44,,,25839,,,,,,,,,,0.0002826237177941948,,,,,,,,,,,
44,,,25859,,,,,,,,,,6.810966442571953e-05,,,,,,,,,,,
44,,,25879,,,,,,,,,,0.0010948010021820664,,,,,,,,,,,
44,,,25899,,,,,,,,,,0.19078148901462555,,,,,,,,,,,
44,,,25919,,,,,,,,,,0.14549320936203003,,,,,,,,,,,
44,,,25939,,,,,,,,,,0.40158960223197937,,,,,,,,,,,
44,,,25959,,,,,,,,,,0.08672886341810226,,,,,,,,,,,
44,,,25979,,,,,,,,,,0.057944703847169876,,,,,,,,,,,
44,,,25999,,,,,,,,,,0.0958009660243988,,,,,,,,,,,
44,,,26019,,,,,,,,,,0.0014959826366975904,,,,,,,,,,,
44,,,26039,,,,,,,,,,0.15813273191452026,,,,,,,,,,,
44,,,26059,,,,,,,,,,0.05963535234332085,,,,,,,,,,,
44,,,26079,,,,,,,,,,0.037582751363515854,,,,,,,,,,,
44,,,26099,,,,,,,,,,0.00985298678278923,,,,,,,,,,,
44,,,26119,,,,,,,,,,0.00011261463077971712,,,,,,,,,,,
44,,,26139,,,,,,,,,,0.19212105870246887,,,,,,,,,,,
44,,,26159,,,,,,,,,,0.1575474590063095,,,,,,,,,,,
44,,,26179,,,,,,,,,,0.37687990069389343,,,,,,,,,,,
44,,,26189,,,,,,,,,,,0.4267091155052185,0.7101373672485352,0.4328805208206177,9.658679962158203,0.5097808837890625,0.29254284501075745,0.5860278010368347,0.2860262095928192,0.4356486201286316,0.7314211130142212,0.4267091155052185
44,,,26189,,,,,,,,0.9428017139434814,0.12058775871992111,,,,,,,,,,,,
,5.7492169105718535e-05,5.7492169105718535e-05,26190,,,,,,,,,,,,,,,,,,,,,
45,,,26199,,,,,,,,,,0.4302724301815033,,,,,,,,,,,
45,,,26219,,,,,,,,,,0.4192558228969574,,,,,,,,,,,
45,,,26239,,,,,,,,,,0.20710155367851257,,,,,,,,,,,
45,,,26259,,,,,,,,,,0.01146642491221428,,,,,,,,,,,
45,,,26279,,,,,,,,,,0.32833006978034973,,,,,,,,,,,
45,,,26299,,,,,,,,,,0.3236277401447296,,,,,,,,,,,
45,,,26319,,,,,,,,,,0.34321314096450806,,,,,,,,,,,
45,,,26339,,,,,,,,,,0.00017992168432101607,,,,,,,,,,,
45,,,26359,,,,,,,,,,0.0002699460892472416,,,,,,,,,,,
45,,,26379,,,,,,,,,,0.11150288581848145,,,,,,,,,,,
45,,,26399,,,,,,,,,,0.00023883016547188163,,,,,,,,,,,
45,,,26419,,,,,,,,,,0.17280951142311096,,,,,,,,,,,
45,,,26439,,,,,,,,,,0.00013150068116374314,,,,,,,,,,,
45,,,26459,,,,,,,,,,0.021373338997364044,,,,,,,,,,,
45,,,26479,,,,,,,,,,0.015379449352622032,,,,,,,,,,,
45,,,26499,,,,,,,,,,0.47768735885620117,,,,,,,,,,,
45,,,26519,,,,,,,,,,0.13044492900371552,,,,,,,,,,,
45,,,26539,,,,,,,,,,0.008796006441116333,,,,,,,,,,,
45,,,26559,,,,,,,,,,1.0224666595458984,,,,,,,,,,,
45,,,26579,,,,,,,,,,0.6202751398086548,,,,,,,,,,,
45,,,26599,,,,,,,,,,0.0001278888521483168,,,,,,,,,,,
45,,,26619,,,,,,,,,,0.00025784780154936016,,,,,,,,,,,
45,,,26639,,,,,,,,,,0.06840616464614868,,,,,,,,,,,
45,,,26659,,,,,,,,,,0.10643415153026581,,,,,,,,,,,
45,,,26679,,,,,,,,,,0.0002512997598387301,,,,,,,,,,,
45,,,26699,,,,,,,,,,0.036145251244306564,,,,,,,,,,,
45,,,26719,,,,,,,,,,0.2038698047399521,,,,,,,,,,,
45,,,26739,,,,,,,,,,4.9882230086950585e-05,,,,,,,,,,,
45,,,26759,,,,,,,,,,0.0013983859680593014,,,,,,,,,,,
45,,,26771,,,,,,,,,,,0.45569854974746704,0.7309531569480896,0.4637450575828552,9.467060089111328,0.6101951599121094,0.323589026927948,0.5940870046615601,0.602150559425354,0.43329814076423645,0.8112449645996094,0.45569854974746704
45,,,26771,,,,,,,,0.9477581977844238,0.11445651948451996,,,,,,,,,,,,
46,,,26772,0.5852577686309814,0.7961788773536682,0.5962900519371033,6.6302618980407715,0.6434788703918457,0.4399551451206207,0.5852577686309814,,,,,,,,,,,,,,
