epoch,lr-AdamW,p_cd1,p_cd2,p_cd3,step,train_cd_reg,train_f1_score,train_f_beta,train_loss_epoch,train_loss_step,train_mcc,train_task_loss,val_auroc,val_f1_score,val_f_beta,val_loss_epoch,val_loss_step,val_mcc,val_task_loss
,5.9999999999999995e-05,,,,0,,,,,,,,,,,,,,
0,,,,,9,,,,,1.451078176498413,,,,,,,,,
0,,,,,19,,,,,1.499262809753418,,,,,,,,,
0,,,,,29,,,,,1.350541114807129,,,,,,,,,
0,,,,,39,,,,,0.9585913419723511,,,,,,,,,
0,,,,,49,,,,,1.0926696062088013,,,,,,,,,
0,,,,,59,,,,,1.188833236694336,,,,,,,,,
0,,,,,69,,,,,1.185224175453186,,,,,,,,,
0,,,,,79,,,,,1.3153789043426514,,,,,,,,,
0,,,,,89,,,,,1.186202049255371,,,,,,,,,
0,,,,,99,,,,,0.7435755133628845,,,,,,,,,
0,,,,,109,,,,,0.6257869601249695,,,,,,,,,
0,,,,,119,,,,,0.809629499912262,,,,,,,,,
0,,,,,129,,,,,0.7258018851280212,,,,,,,,,
0,,,,,139,,,,,0.7280692458152771,,,,,,,,,
0,,,,,149,,,,,0.5671290159225464,,,,,,,,,
0,,,,,159,,,,,0.7766040563583374,,,,,,,,,
0,,,,,169,,,,,0.5609906911849976,,,,,,,,,
0,,,,,179,,,,,0.6457791924476624,,,,,,,,,
0,,,,,189,,,,,0.6370348334312439,,,,,,,,,
0,,,,,199,,,,,0.5883443355560303,,,,,,,,,
0,,,,,209,,,,,0.7404444813728333,,,,,,,,,
0,,,,,219,,,,,0.7161938548088074,,,,,,,,,
0,,,,,229,,,,,0.5626208186149597,,,,,,,,,
0,,,,,239,,,,,0.6932889223098755,,,,,,,,,
0,,,,,249,,,,,0.6921619176864624,,,,,,,,,
0,,,,,259,,,,,0.7597653269767761,,,,,,,,,
0,,,,,269,,,,,0.5942354798316956,,,,,,,,,
,,,,,0,,,,,,,,,,,,0.7249727249145508,,
,,,,,1,,,,,,,,,,,,0.6313415765762329,,
,,,,,2,,,,,,,,,,,,0.8958158493041992,,
,,,,,3,,,,,,,,,,,,1.059725284576416,,
,,,,,4,,,,,,,,,,,,0.9082115292549133,,
,,,,,5,,,,,,,,,,,,0.9627760052680969,,
,,,,,6,,,,,,,,,,,,0.5966159105300903,,
,,,,,7,,,,,,,,,,,,0.23221591114997864,,
,,,,,8,,,,,,,,,,,,0.1468408703804016,,
,,,,,9,,,,,,,,,,,,0.3603378236293793,,
,,,,,10,,,,,,,,,,,,0.3544207811355591,,
,,,,,11,,,,,,,,,,,,0.5061891078948975,,
,,,,,12,,,,,,,,,,,,0.8921199440956116,,
,,,,,13,,,,,,,,,,,,0.7234658002853394,,
,,,,,14,,,,,,,,,,,,0.7707399129867554,,
,,,,,15,,,,,,,,,,,,0.6521173715591431,,
,,,,,16,,,,,,,,,,,,0.4925471544265747,,
,,,,,17,,,,,,,,,,,,0.6794398427009583,,
,,,,,18,,,,,,,,,,,,0.6117148399353027,,
,,,,,19,,,,,,,,,,,,0.6435070633888245,,
,,,,,20,,,,,,,,,,,,0.5689793825149536,,
,,,,,21,,,,,,,,,,,,0.42009592056274414,,
,,,,,22,,,,,,,,,,,,0.5677840709686279,,
,,,,,23,,,,,,,,,,,,0.7646240592002869,,
,,,,,24,,,,,,,,,,,,0.5146297812461853,,
,,,,,25,,,,,,,,,,,,0.576469361782074,,
,,,,,26,,,,,,,,,,,,0.6863982081413269,,
,,,,,27,,,,,,,,,,,,0.18818068504333496,,
,,,,,28,,,,,,,,,,,,0.2975333333015442,,
,,,,,29,,,,,,,,,,,,0.7262827754020691,,
,,,,,30,,,,,,,,,,,,0.12947914004325867,,
,,,,,31,,,,,,,,,,,,0.1276628077030182,,
,,,,,32,,,,,,,,,,,,0.12606914341449738,,
,,,,,33,,,,,,,,,,,,0.3390966057777405,,
,,,,,34,,,,,,,,,,,,1.571380853652954,,
,,,,,35,,,,,,,,,,,,0.19431306421756744,,
,,,,,36,,,,,,,,,,,,0.38154318928718567,,
,,,,,37,,,,,,,,,,,,1.3999526500701904,,
,,,,,38,,,,,,,,,,,,0.7425447702407837,,
,,,,,39,,,,,,,,,,,,0.672430157661438,,
,,,,,40,,,,,,,,,,,,0.30561208724975586,,
,,,,,41,,,,,,,,,,,,0.695101261138916,,
,,,,,42,,,,,,,,,,,,0.27487027645111084,,
,,,,,43,,,,,,,,,,,,0.18765360116958618,,
,,,,,44,,,,,,,,,,,,0.16836059093475342,,
,,,,,45,,,,,,,,,,,,0.4231618046760559,,
,,,,,46,,,,,,,,,,,,0.7206746339797974,,
,,,,,47,,,,,,,,,,,,0.44256460666656494,,
,,,,,48,,,,,,,,,,,,0.17259761691093445,,
,,,,,49,,,,,,,,,,,,0.17553511261940002,,
,,,,,50,,,,,,,,,,,,0.2547144889831543,,
,,,,,51,,,,,,,,,,,,1.3890299797058105,,
,,,,,52,,,,,,,,,,,,4.872795104980469,,
,,,,,53,,,,,,,,,,,,3.089156150817871,,
,,,,,54,,,,,,,,,,,,2.537346363067627,,
,,,,,55,,,,,,,,,,,,3.792494297027588,,
,,,,,56,,,,,,,,,,,,6.75844669342041,,
,,,,,57,,,,,,,,,,,,5.128490447998047,,
,,,,,58,,,,,,,,,,,,2.1845650672912598,,
0,,,,,269,,,,,,,,0.7293394804000854,0.3724389374256134,0.3724389374256134,0.9731141328811646,,0.25256094336509705,0.9731141328811646
0,,0.09965100139379501,0.1495037078857422,0.19961071014404297,269,0.0020271725952625275,0.38169071078300476,0.38169071078300476,0.9763753414154053,,0.16915535926818848,0.9743483066558838,,,,,,,
,5.9999999999999995e-05,,,,270,,,,,,,,,,,,,,
1,,,,,279,,,,,0.6196224093437195,,,,,,,,,
1,,,,,289,,,,,0.9621393084526062,,,,,,,,,
1,,,,,299,,,,,0.7609218955039978,,,,,,,,,
1,,,,,309,,,,,0.5614294409751892,,,,,,,,,
1,,,,,319,,,,,0.9654654860496521,,,,,,,,,
1,,,,,329,,,,,0.8335017561912537,,,,,,,,,
1,,,,,339,,,,,0.8823400735855103,,,,,,,,,
1,,,,,349,,,,,1.0217041969299316,,,,,,,,,
1,,,,,359,,,,,0.806672215461731,,,,,,,,,
1,,,,,369,,,,,0.5437574982643127,,,,,,,,,
1,,,,,379,,,,,0.48611512780189514,,,,,,,,,
1,,,,,389,,,,,0.5238593220710754,,,,,,,,,
1,,,,,399,,,,,1.0970687866210938,,,,,,,,,
1,,,,,409,,,,,0.6374667286872864,,,,,,,,,
1,,,,,419,,,,,0.5391137599945068,,,,,,,,,
1,,,,,429,,,,,0.5406184196472168,,,,,,,,,
1,,,,,439,,,,,0.6434313654899597,,,,,,,,,
1,,,,,449,,,,,0.6381929516792297,,,,,,,,,
1,,,,,459,,,,,1.1807714700698853,,,,,,,,,
1,,,,,469,,,,,0.8808979988098145,,,,,,,,,
1,,,,,479,,,,,0.7389668822288513,,,,,,,,,
1,,,,,489,,,,,0.7784340381622314,,,,,,,,,
1,,,,,499,,,,,0.9717099070549011,,,,,,,,,
1,,,,,509,,,,,0.8732860684394836,,,,,,,,,
1,,,,,519,,,,,0.6527599096298218,,,,,,,,,
1,,,,,529,,,,,0.6518879532814026,,,,,,,,,
1,,,,,539,,,,,0.5652384757995605,,,,,,,,,
,,,,,59,,,,,,,,,,,,0.38171374797821045,,
,,,,,60,,,,,,,,,,,,0.7407093048095703,,
,,,,,61,,,,,,,,,,,,0.6223791837692261,,
,,,,,62,,,,,,,,,,,,0.637184202671051,,
,,,,,63,,,,,,,,,,,,0.9388910531997681,,
,,,,,64,,,,,,,,,,,,1.0085715055465698,,
,,,,,65,,,,,,,,,,,,0.8284050226211548,,
,,,,,66,,,,,,,,,,,,0.9962828159332275,,
,,,,,67,,,,,,,,,,,,0.596034586429596,,
,,,,,68,,,,,,,,,,,,0.1542024314403534,,
,,,,,69,,,,,,,,,,,,0.11375363916158676,,
,,,,,70,,,,,,,,,,,,0.24624045193195343,,
,,,,,71,,,,,,,,,,,,0.2662235498428345,,
,,,,,72,,,,,,,,,,,,0.4068125784397125,,
,,,,,73,,,,,,,,,,,,0.8373581767082214,,
,,,,,74,,,,,,,,,,,,0.6188297271728516,,
,,,,,75,,,,,,,,,,,,0.6225139498710632,,
,,,,,76,,,,,,,,,,,,0.5622496604919434,,
,,,,,77,,,,,,,,,,,,0.44422370195388794,,
,,,,,78,,,,,,,,,,,,0.6882717609405518,,
,,,,,79,,,,,,,,,,,,0.6260560154914856,,
,,,,,80,,,,,,,,,,,,0.5652695894241333,,
,,,,,81,,,,,,,,,,,,0.4913383722305298,,
,,,,,82,,,,,,,,,,,,0.3191296458244324,,
,,,,,83,,,,,,,,,,,,0.4841115474700928,,
,,,,,84,,,,,,,,,,,,0.7523369789123535,,
,,,,,85,,,,,,,,,,,,0.41596919298171997,,
,,,,,86,,,,,,,,,,,,0.5208154916763306,,
,,,,,87,,,,,,,,,,,,0.6783226728439331,,
,,,,,88,,,,,,,,,,,,0.226059690117836,,
,,,,,89,,,,,,,,,,,,0.36954331398010254,,
,,,,,90,,,,,,,,,,,,0.8336073756217957,,
,,,,,91,,,,,,,,,,,,0.1594388484954834,,
,,,,,92,,,,,,,,,,,,0.1487322896718979,,
,,,,,93,,,,,,,,,,,,0.18507026135921478,,
,,,,,94,,,,,,,,,,,,0.3698529601097107,,
,,,,,95,,,,,,,,,,,,1.7063870429992676,,
,,,,,96,,,,,,,,,,,,0.2882870137691498,,
,,,,,97,,,,,,,,,,,,0.5595980882644653,,
,,,,,98,,,,,,,,,,,,1.5896333456039429,,
,,,,,99,,,,,,,,,,,,0.9291506409645081,,
,,,,,100,,,,,,,,,,,,0.8331605792045593,,
,,,,,101,,,,,,,,,,,,0.42774438858032227,,
,,,,,102,,,,,,,,,,,,0.8004285097122192,,
,,,,,103,,,,,,,,,,,,0.1259242296218872,,
,,,,,104,,,,,,,,,,,,0.09908892959356308,,
,,,,,105,,,,,,,,,,,,0.09212993085384369,,
,,,,,106,,,,,,,,,,,,0.25398439168930054,,
,,,,,107,,,,,,,,,,,,0.44631150364875793,,
,,,,,108,,,,,,,,,,,,0.26877230405807495,,
,,,,,109,,,,,,,,,,,,0.0894775316119194,,
,,,,,110,,,,,,,,,,,,0.09086719155311584,,
,,,,,111,,,,,,,,,,,,0.12395668774843216,,
,,,,,112,,,,,,,,,,,,1.0811983346939087,,
,,,,,113,,,,,,,,,,,,3.9572691917419434,,
,,,,,114,,,,,,,,,,,,2.4102606773376465,,
,,,,,115,,,,,,,,,,,,1.9596595764160156,,
,,,,,116,,,,,,,,,,,,3.069516658782959,,
,,,,,117,,,,,,,,,,,,5.626328945159912,,
,,,,,118,,,,,,,,,,,,4.3849639892578125,,
,,,,,119,,,,,,,,,,,,1.9515312910079956,,
1,,,,,539,,,,,,,,0.7410535216331482,0.39551427960395813,0.39551427960395813,0.8528217673301697,,0.2664007544517517,0.8528217673301697
1,,0.09916218370199203,0.14889049530029297,0.19908788800239563,539,0.0020232561510056257,0.35364407300949097,0.35364407300949097,0.7343714833259583,,0.191593736410141,0.7323485016822815,,,,,,,
,0.00011999999999999999,,,,540,,,,,,,,,,,,,,
2,,,,,549,,,,,0.876444399356842,,,,,,,,,
2,,,,,559,,,,,1.02919340133667,,,,,,,,,
2,,,,,569,,,,,0.741087794303894,,,,,,,,,
2,,,,,579,,,,,0.9538255333900452,,,,,,,,,
2,,,,,589,,,,,0.77767413854599,,,,,,,,,
2,,,,,599,,,,,0.5335056185722351,,,,,,,,,
2,,,,,609,,,,,0.6381362676620483,,,,,,,,,
2,,,,,619,,,,,0.8400031924247742,,,,,,,,,
2,,,,,629,,,,,0.8788960576057434,,,,,,,,,
2,,,,,639,,,,,0.46935731172561646,,,,,,,,,
2,,,,,649,,,,,0.5684974789619446,,,,,,,,,
2,,,,,659,,,,,0.6184148192405701,,,,,,,,,
2,,,,,669,,,,,0.5628122687339783,,,,,,,,,
2,,,,,679,,,,,0.7024242281913757,,,,,,,,,
2,,,,,689,,,,,0.5504446029663086,,,,,,,,,
2,,,,,699,,,,,0.5390276908874512,,,,,,,,,
2,,,,,709,,,,,0.4955570697784424,,,,,,,,,
2,,,,,719,,,,,0.8114845156669617,,,,,,,,,
2,,,,,729,,,,,0.8685126304626465,,,,,,,,,
2,,,,,739,,,,,0.416655570268631,,,,,,,,,
2,,,,,749,,,,,0.9578368067741394,,,,,,,,,
2,,,,,759,,,,,0.9121618866920471,,,,,,,,,
2,,,,,769,,,,,0.7794007062911987,,,,,,,,,
2,,,,,779,,,,,1.0638601779937744,,,,,,,,,
2,,,,,789,,,,,0.46741122007369995,,,,,,,,,
2,,,,,799,,,,,0.9425650238990784,,,,,,,,,
2,,,,,809,,,,,0.4708048105239868,,,,,,,,,
,,,,,120,,,,,,,,,,,,0.37157583236694336,,
,,,,,121,,,,,,,,,,,,0.8205119967460632,,
,,,,,122,,,,,,,,,,,,0.6500771045684814,,
,,,,,123,,,,,,,,,,,,0.7143755555152893,,
,,,,,124,,,,,,,,,,,,0.9084718823432922,,
,,,,,125,,,,,,,,,,,,0.9384913444519043,,
,,,,,126,,,,,,,,,,,,0.8024745583534241,,
,,,,,127,,,,,,,,,,,,0.8942998647689819,,
,,,,,128,,,,,,,,,,,,0.6138772964477539,,
,,,,,129,,,,,,,,,,,,0.19855087995529175,,
,,,,,130,,,,,,,,,,,,0.15339295566082,,
,,,,,131,,,,,,,,,,,,0.2667645812034607,,
,,,,,132,,,,,,,,,,,,0.318118691444397,,
,,,,,133,,,,,,,,,,,,0.4778716564178467,,
,,,,,134,,,,,,,,,,,,0.8661237955093384,,
,,,,,135,,,,,,,,,,,,0.6697330474853516,,
,,,,,136,,,,,,,,,,,,0.625846266746521,,
,,,,,137,,,,,,,,,,,,0.6293623447418213,,
,,,,,138,,,,,,,,,,,,0.480540931224823,,
,,,,,139,,,,,,,,,,,,0.7049145698547363,,
,,,,,140,,,,,,,,,,,,0.5901012420654297,,
,,,,,141,,,,,,,,,,,,0.6247851252555847,,
,,,,,142,,,,,,,,,,,,0.6281046867370605,,
,,,,,143,,,,,,,,,,,,0.33526739478111267,,
,,,,,144,,,,,,,,,,,,0.4795629382133484,,
,,,,,145,,,,,,,,,,,,0.7433751821517944,,
,,,,,146,,,,,,,,,,,,0.49399036169052124,,
,,,,,147,,,,,,,,,,,,0.6714247465133667,,
,,,,,148,,,,,,,,,,,,0.8106364011764526,,
,,,,,149,,,,,,,,,,,,0.38888102769851685,,
,,,,,150,,,,,,,,,,,,0.5340179204940796,,
,,,,,151,,,,,,,,,,,,1.3316504955291748,,
,,,,,152,,,,,,,,,,,,0.2131723314523697,,
,,,,,153,,,,,,,,,,,,0.2650023400783539,,
,,,,,154,,,,,,,,,,,,0.3405587077140808,,
,,,,,155,,,,,,,,,,,,0.439145565032959,,
,,,,,156,,,,,,,,,,,,1.8678088188171387,,
,,,,,157,,,,,,,,,,,,0.3949500322341919,,
,,,,,158,,,,,,,,,,,,0.8630027174949646,,
,,,,,159,,,,,,,,,,,,1.9739408493041992,,
,,,,,160,,,,,,,,,,,,1.518201231956482,,
,,,,,161,,,,,,,,,,,,1.0764167308807373,,
,,,,,162,,,,,,,,,,,,0.5527759790420532,,
,,,,,163,,,,,,,,,,,,0.9348370432853699,,
,,,,,164,,,,,,,,,,,,0.043301042169332504,,
,,,,,165,,,,,,,,,,,,0.03761090338230133,,
,,,,,166,,,,,,,,,,,,0.03677251189947128,,
,,,,,167,,,,,,,,,,,,0.12052002549171448,,
,,,,,168,,,,,,,,,,,,0.2133650928735733,,
,,,,,169,,,,,,,,,,,,0.12986043095588684,,
,,,,,170,,,,,,,,,,,,0.04680389538407326,,
,,,,,171,,,,,,,,,,,,0.04576657712459564,,
,,,,,172,,,,,,,,,,,,0.052721261978149414,,
,,,,,173,,,,,,,,,,,,0.6031966805458069,,
,,,,,174,,,,,,,,,,,,2.3282437324523926,,
,,,,,175,,,,,,,,,,,,1.253838300704956,,
,,,,,176,,,,,,,,,,,,1.0316219329833984,,
,,,,,177,,,,,,,,,,,,1.6144092082977295,,
,,,,,178,,,,,,,,,,,,3.5178561210632324,,
,,,,,179,,,,,,,,,,,,2.8449673652648926,,
,,,,,180,,,,,,,,,,,,1.2766015529632568,,
2,,,,,809,,,,,,,,0.7578851580619812,0.3870537281036377,0.3870537281036377,0.7438433766365051,,0.28990763425827026,0.7438433766365051
2,,0.09840913861989975,0.14777252078056335,0.1983441412448883,809,0.002017033752053976,0.37757959961891174,0.37757959961891174,0.6980968713760376,,0.23888273537158966,0.6960799098014832,,,,,,,
,0.00017999999999999998,,,,810,,,,,,,,,,,,,,
3,,,,,819,,,,,0.9927274584770203,,,,,,,,,
3,,,,,829,,,,,0.6738687753677368,,,,,,,,,
3,,,,,839,,,,,0.9762501120567322,,,,,,,,,
3,,,,,849,,,,,1.037915825843811,,,,,,,,,
3,,,,,859,,,,,1.1448936462402344,,,,,,,,,
3,,,,,869,,,,,0.9887881278991699,,,,,,,,,
3,,,,,879,,,,,0.4938358962535858,,,,,,,,,
3,,,,,889,,,,,0.48514074087142944,,,,,,,,,
3,,,,,899,,,,,0.537372887134552,,,,,,,,,
3,,,,,909,,,,,0.5022880434989929,,,,,,,,,
3,,,,,919,,,,,0.40833666920661926,,,,,,,,,
3,,,,,929,,,,,0.5512169003486633,,,,,,,,,
3,,,,,939,,,,,0.40592098236083984,,,,,,,,,
3,,,,,949,,,,,0.5210303068161011,,,,,,,,,
3,,,,,959,,,,,1.0920445919036865,,,,,,,,,
3,,,,,969,,,,,0.5130780935287476,,,,,,,,,
3,,,,,979,,,,,0.6854657530784607,,,,,,,,,
3,,,,,989,,,,,0.5440782904624939,,,,,,,,,
3,,,,,999,,,,,0.43495821952819824,,,,,,,,,
3,,,,,1009,,,,,0.541123628616333,,,,,,,,,
3,,,,,1019,,,,,0.5785552859306335,,,,,,,,,
3,,,,,1029,,,,,0.8146746158599854,,,,,,,,,
3,,,,,1039,,,,,0.9252792000770569,,,,,,,,,
3,,,,,1049,,,,,0.5147313475608826,,,,,,,,,
3,,,,,1059,,,,,0.6885983347892761,,,,,,,,,
3,,,,,1069,,,,,0.5270110368728638,,,,,,,,,
3,,,,,1079,,,,,0.789764404296875,,,,,,,,,
,,,,,181,,,,,,,,,,,,0.23200352489948273,,
,,,,,182,,,,,,,,,,,,0.6472120881080627,,
,,,,,183,,,,,,,,,,,,0.461178183555603,,
,,,,,184,,,,,,,,,,,,0.542488157749176,,
,,,,,185,,,,,,,,,,,,0.8223676681518555,,
,,,,,186,,,,,,,,,,,,0.8572313785552979,,
,,,,,187,,,,,,,,,,,,0.7409384250640869,,
,,,,,188,,,,,,,,,,,,0.8262343406677246,,
,,,,,189,,,,,,,,,,,,0.5013341307640076,,
,,,,,190,,,,,,,,,,,,0.13141268491744995,,
,,,,,191,,,,,,,,,,,,0.10037606209516525,,
,,,,,192,,,,,,,,,,,,0.17205163836479187,,
,,,,,193,,,,,,,,,,,,0.20612400770187378,,
,,,,,194,,,,,,,,,,,,0.3320726156234741,,
,,,,,195,,,,,,,,,,,,0.8136379718780518,,
,,,,,196,,,,,,,,,,,,0.5602283477783203,,
,,,,,197,,,,,,,,,,,,0.5314921140670776,,
,,,,,198,,,,,,,,,,,,0.4614107012748718,,
,,,,,199,,,,,,,,,,,,0.33047395944595337,,
,,,,,200,,,,,,,,,,,,0.5686887502670288,,
,,,,,201,,,,,,,,,,,,0.516114354133606,,
,,,,,202,,,,,,,,,,,,0.47206610441207886,,
,,,,,203,,,,,,,,,,,,0.4236242473125458,,
,,,,,204,,,,,,,,,,,,0.30551519989967346,,
,,,,,205,,,,,,,,,,,,0.3570611774921417,,
,,,,,206,,,,,,,,,,,,0.6729831695556641,,
,,,,,207,,,,,,,,,,,,0.3386582136154175,,
,,,,,208,,,,,,,,,,,,0.4883655309677124,,
,,,,,209,,,,,,,,,,,,0.7361693382263184,,
,,,,,210,,,,,,,,,,,,0.5602274537086487,,
,,,,,211,,,,,,,,,,,,0.7488142848014832,,
,,,,,212,,,,,,,,,,,,1.6587742567062378,,
,,,,,213,,,,,,,,,,,,0.3841986656188965,,
,,,,,214,,,,,,,,,,,,0.34367525577545166,,
,,,,,215,,,,,,,,,,,,0.45550239086151123,,
,,,,,216,,,,,,,,,,,,0.6428051590919495,,
,,,,,217,,,,,,,,,,,,2.4578895568847656,,
,,,,,218,,,,,,,,,,,,0.5258443355560303,,
,,,,,219,,,,,,,,,,,,0.754413366317749,,
,,,,,220,,,,,,,,,,,,2.1608781814575195,,
,,,,,221,,,,,,,,,,,,1.774713158607483,,
,,,,,222,,,,,,,,,,,,1.6880719661712646,,
,,,,,223,,,,,,,,,,,,0.8735790252685547,,
,,,,,224,,,,,,,,,,,,1.250119686126709,,
,,,,,225,,,,,,,,,,,,0.02332584373652935,,
,,,,,226,,,,,,,,,,,,0.02862764149904251,,
,,,,,227,,,,,,,,,,,,0.028230737894773483,,
,,,,,228,,,,,,,,,,,,0.14743494987487793,,
,,,,,229,,,,,,,,,,,,0.25044915080070496,,
,,,,,230,,,,,,,,,,,,0.14738547801971436,,
,,,,,231,,,,,,,,,,,,0.03503967821598053,,
,,,,,232,,,,,,,,,,,,0.030676845461130142,,
,,,,,233,,,,,,,,,,,,0.02510429173707962,,
,,,,,234,,,,,,,,,,,,0.5773323774337769,,
,,,,,235,,,,,,,,,,,,2.0200772285461426,,
,,,,,236,,,,,,,,,,,,1.0460048913955688,,
,,,,,237,,,,,,,,,,,,0.8788087964057922,,
,,,,,238,,,,,,,,,,,,1.3942863941192627,,
,,,,,239,,,,,,,,,,,,3.24717378616333,,
,,,,,240,,,,,,,,,,,,2.7437620162963867,,
,,,,,241,,,,,,,,,,,,1.0942928791046143,,
3,,,,,1079,,,,,,,,0.7700060606002808,0.42639046907424927,0.42639046907424927,0.7237218022346497,,0.31248044967651367,0.7237218022346497
3,,0.09705103933811188,0.1451631337404251,0.19732989370822906,1079,0.002005576388910413,0.37495407462120056,0.37495407462120056,0.6930661797523499,,0.22864870727062225,0.6910607218742371,,,,,,,
,0.00023999999999999998,,,,1080,,,,,,,,,,,,,,
4,,,,,1089,,,,,0.9102402329444885,,,,,,,,,
4,,,,,1099,,,,,0.6712183952331543,,,,,,,,,
4,,,,,1109,,,,,0.9682437777519226,,,,,,,,,
4,,,,,1119,,,,,0.7962245345115662,,,,,,,,,
4,,,,,1129,,,,,0.7307848334312439,,,,,,,,,
4,,,,,1139,,,,,0.3901861011981964,,,,,,,,,
4,,,,,1149,,,,,1.2341519594192505,,,,,,,,,
4,,,,,1159,,,,,1.0570271015167236,,,,,,,,,
4,,,,,1169,,,,,0.5768550038337708,,,,,,,,,
4,,,,,1179,,,,,0.9334400296211243,,,,,,,,,
4,,,,,1189,,,,,1.0129886865615845,,,,,,,,,
4,,,,,1199,,,,,0.43631550669670105,,,,,,,,,
4,,,,,1209,,,,,0.42502671480178833,,,,,,,,,
4,,,,,1219,,,,,0.8402946591377258,,,,,,,,,
4,,,,,1229,,,,,0.4936237037181854,,,,,,,,,
4,,,,,1239,,,,,0.4000113308429718,,,,,,,,,
4,,,,,1249,,,,,0.49209561944007874,,,,,,,,,
4,,,,,1259,,,,,1.0180494785308838,,,,,,,,,
4,,,,,1269,,,,,0.9303230047225952,,,,,,,,,
4,,,,,1279,,,,,0.44051530957221985,,,,,,,,,
4,,,,,1289,,,,,0.5623735785484314,,,,,,,,,
4,,,,,1299,,,,,0.6907351016998291,,,,,,,,,
4,,,,,1309,,,,,0.3733752369880676,,,,,,,,,
4,,,,,1319,,,,,0.7535628080368042,,,,,,,,,
4,,,,,1329,,,,,0.7046093940734863,,,,,,,,,
4,,,,,1339,,,,,0.8883710503578186,,,,,,,,,
4,,,,,1349,,,,,0.6171068549156189,,,,,,,,,
,,,,,242,,,,,,,,,,,,0.13727378845214844,,
,,,,,243,,,,,,,,,,,,0.48147428035736084,,
,,,,,244,,,,,,,,,,,,0.3294382691383362,,
,,,,,245,,,,,,,,,,,,0.48350656032562256,,
,,,,,246,,,,,,,,,,,,0.7537614107131958,,
,,,,,247,,,,,,,,,,,,0.7073577642440796,,
,,,,,248,,,,,,,,,,,,0.631615400314331,,
,,,,,249,,,,,,,,,,,,0.7008697986602783,,
,,,,,250,,,,,,,,,,,,0.42334824800491333,,
,,,,,251,,,,,,,,,,,,0.11084873974323273,,
,,,,,252,,,,,,,,,,,,0.13026681542396545,,
,,,,,253,,,,,,,,,,,,0.21936297416687012,,
,,,,,254,,,,,,,,,,,,0.23094694316387177,,
,,,,,255,,,,,,,,,,,,0.33630692958831787,,
,,,,,256,,,,,,,,,,,,0.8322378396987915,,
,,,,,257,,,,,,,,,,,,0.5138258337974548,,
,,,,,258,,,,,,,,,,,,0.49481841921806335,,
,,,,,259,,,,,,,,,,,,0.3774579167366028,,
,,,,,260,,,,,,,,,,,,0.27752310037612915,,
,,,,,261,,,,,,,,,,,,0.5455476641654968,,
,,,,,262,,,,,,,,,,,,0.4827300012111664,,
,,,,,263,,,,,,,,,,,,0.4399987459182739,,
,,,,,264,,,,,,,,,,,,0.3214755356311798,,
,,,,,265,,,,,,,,,,,,0.226690411567688,,
,,,,,266,,,,,,,,,,,,0.21548736095428467,,
,,,,,267,,,,,,,,,,,,0.5027588605880737,,
,,,,,268,,,,,,,,,,,,0.2973093092441559,,
,,,,,269,,,,,,,,,,,,0.4058383107185364,,
,,,,,270,,,,,,,,,,,,0.8266059756278992,,
,,,,,271,,,,,,,,,,,,1.6175111532211304,,
,,,,,272,,,,,,,,,,,,1.3975785970687866,,
,,,,,273,,,,,,,,,,,,2.379260540008545,,
,,,,,274,,,,,,,,,,,,1.2151985168457031,,
,,,,,275,,,,,,,,,,,,1.1600412130355835,,
,,,,,276,,,,,,,,,,,,1.138986349105835,,
,,,,,277,,,,,,,,,,,,1.3881385326385498,,
,,,,,278,,,,,,,,,,,,2.1106932163238525,,
,,,,,279,,,,,,,,,,,,1.0549068450927734,,
,,,,,280,,,,,,,,,,,,0.9085561633110046,,
,,,,,281,,,,,,,,,,,,1.8966896533966064,,
,,,,,282,,,,,,,,,,,,2.0663270950317383,,
,,,,,283,,,,,,,,,,,,1.8814945220947266,,
,,,,,284,,,,,,,,,,,,1.3834713697433472,,
,,,,,285,,,,,,,,,,,,1.2731151580810547,,
,,,,,286,,,,,,,,,,,,0.025484208017587662,,
,,,,,287,,,,,,,,,,,,0.042134642601013184,,
,,,,,288,,,,,,,,,,,,0.052729178220033646,,
,,,,,289,,,,,,,,,,,,0.2142467498779297,,
,,,,,290,,,,,,,,,,,,0.3952608108520508,,
,,,,,291,,,,,,,,,,,,0.25507882237434387,,
,,,,,292,,,,,,,,,,,,0.16841547191143036,,
,,,,,293,,,,,,,,,,,,0.14664188027381897,,
,,,,,294,,,,,,,,,,,,0.03944062441587448,,
,,,,,295,,,,,,,,,,,,0.29648998379707336,,
,,,,,296,,,,,,,,,,,,0.9190315008163452,,
,,,,,297,,,,,,,,,,,,0.7055155038833618,,
,,,,,298,,,,,,,,,,,,0.6441466808319092,,
,,,,,299,,,,,,,,,,,,0.8251290321350098,,
,,,,,300,,,,,,,,,,,,2.062081813812256,,
,,,,,301,,,,,,,,,,,,2.033493757247925,,
,,,,,302,,,,,,,,,,,,1.161679983139038,,
4,,,,,1349,,,,,,,,0.777282178401947,0.3254639506340027,0.3254639506340027,0.7425515055656433,,0.21742916107177734,0.7425515055656433
4,,0.09541622549295425,0.14157098531723022,0.19524849951267242,1349,0.0019874912686645985,0.3795112669467926,0.3795112669467926,0.6744689345359802,,0.23051512241363525,0.6724815368652344,,,,,,,
,0.0003,,,,1350,,,,,,,,,,,,,,
5,,,,,1359,,,,,0.5000622868537903,,,,,,,,,
5,,,,,1369,,,,,0.39178428053855896,,,,,,,,,
5,,,,,1379,,,,,0.47968095541000366,,,,,,,,,
5,,,,,1389,,,,,0.454192578792572,,,,,,,,,
5,,,,,1399,,,,,0.6765638589859009,,,,,,,,,
5,,,,,1409,,,,,0.6484577655792236,,,,,,,,,
5,,,,,1419,,,,,0.33042246103286743,,,,,,,,,
5,,,,,1429,,,,,0.3797645568847656,,,,,,,,,
5,,,,,1439,,,,,0.5466026067733765,,,,,,,,,
5,,,,,1449,,,,,0.6551365256309509,,,,,,,,,
5,,,,,1459,,,,,0.3975667655467987,,,,,,,,,
5,,,,,1469,,,,,0.5048291683197021,,,,,,,,,
5,,,,,1479,,,,,0.48112183809280396,,,,,,,,,
5,,,,,1489,,,,,0.6930977702140808,,,,,,,,,
5,,,,,1499,,,,,0.49710553884506226,,,,,,,,,
5,,,,,1509,,,,,0.48071786761283875,,,,,,,,,
5,,,,,1519,,,,,0.8720858693122864,,,,,,,,,
5,,,,,1529,,,,,0.7092220187187195,,,,,,,,,
5,,,,,1539,,,,,0.7234247922897339,,,,,,,,,
5,,,,,1549,,,,,0.842656135559082,,,,,,,,,
5,,,,,1559,,,,,0.6118337512016296,,,,,,,,,
5,,,,,1569,,,,,0.7555046677589417,,,,,,,,,
5,,,,,1579,,,,,0.6965307593345642,,,,,,,,,
5,,,,,1589,,,,,0.3606579303741455,,,,,,,,,
5,,,,,1599,,,,,0.695704996585846,,,,,,,,,
5,,,,,1609,,,,,0.29141631722450256,,,,,,,,,
5,,,,,1619,,,,,0.7000429034233093,,,,,,,,,
,,,,,303,,,,,,,,,,,,0.10048305988311768,,
,,,,,304,,,,,,,,,,,,0.4197287857532501,,
,,,,,305,,,,,,,,,,,,0.2812117338180542,,
,,,,,306,,,,,,,,,,,,0.45633020997047424,,
,,,,,307,,,,,,,,,,,,0.7359737753868103,,
,,,,,308,,,,,,,,,,,,0.7134730815887451,,
,,,,,309,,,,,,,,,,,,0.632227897644043,,
,,,,,310,,,,,,,,,,,,0.6689358949661255,,
,,,,,311,,,,,,,,,,,,0.3914121687412262,,
,,,,,312,,,,,,,,,,,,0.08175496757030487,,
,,,,,313,,,,,,,,,,,,0.09324897080659866,,
,,,,,314,,,,,,,,,,,,0.14319738745689392,,
,,,,,315,,,,,,,,,,,,0.16409555077552795,,
,,,,,316,,,,,,,,,,,,0.2687271535396576,,
,,,,,317,,,,,,,,,,,,0.7382156848907471,,
,,,,,318,,,,,,,,,,,,0.441253125667572,,
,,,,,319,,,,,,,,,,,,0.38970184326171875,,
,,,,,320,,,,,,,,,,,,0.3176969289779663,,
,,,,,321,,,,,,,,,,,,0.2227301448583603,,
,,,,,322,,,,,,,,,,,,0.4432530999183655,,
,,,,,323,,,,,,,,,,,,0.4120732545852661,,
,,,,,324,,,,,,,,,,,,0.34648221731185913,,
,,,,,325,,,,,,,,,,,,0.286380410194397,,
,,,,,326,,,,,,,,,,,,0.20977744460105896,,
,,,,,327,,,,,,,,,,,,0.23173238337039948,,
,,,,,328,,,,,,,,,,,,0.5796963572502136,,
,,,,,329,,,,,,,,,,,,0.24701640009880066,,
,,,,,330,,,,,,,,,,,,0.34425508975982666,,
,,,,,331,,,,,,,,,,,,0.6973497867584229,,
,,,,,332,,,,,,,,,,,,0.9167660474777222,,
,,,,,333,,,,,,,,,,,,0.9602206945419312,,
,,,,,334,,,,,,,,,,,,2.087344169616699,,
,,,,,335,,,,,,,,,,,,0.5934261083602905,,
,,,,,336,,,,,,,,,,,,0.6648913621902466,,
,,,,,337,,,,,,,,,,,,0.7554861307144165,,
,,,,,338,,,,,,,,,,,,0.9396949410438538,,
,,,,,339,,,,,,,,,,,,2.677219867706299,,
,,,,,340,,,,,,,,,,,,0.7415124177932739,,
,,,,,341,,,,,,,,,,,,0.7047205567359924,,
,,,,,342,,,,,,,,,,,,2.194087028503418,,
,,,,,343,,,,,,,,,,,,1.993704080581665,,
,,,,,344,,,,,,,,,,,,2.09844708442688,,
,,,,,345,,,,,,,,,,,,1.22165846824646,,
,,,,,346,,,,,,,,,,,,1.4288334846496582,,
,,,,,347,,,,,,,,,,,,0.02273782342672348,,
,,,,,348,,,,,,,,,,,,0.03491721302270889,,
,,,,,349,,,,,,,,,,,,0.04841029644012451,,
,,,,,350,,,,,,,,,,,,0.21834054589271545,,
,,,,,351,,,,,,,,,,,,0.3889186978340149,,
,,,,,352,,,,,,,,,,,,0.25723797082901,,
,,,,,353,,,,,,,,,,,,0.07255560159683228,,
,,,,,354,,,,,,,,,,,,0.06419655680656433,,
,,,,,355,,,,,,,,,,,,0.02570825070142746,,
,,,,,356,,,,,,,,,,,,0.5547628402709961,,
,,,,,357,,,,,,,,,,,,1.7722983360290527,,
,,,,,358,,,,,,,,,,,,0.88438880443573,,
,,,,,359,,,,,,,,,,,,0.7370681166648865,,
,,,,,360,,,,,,,,,,,,1.2548906803131104,,
,,,,,361,,,,,,,,,,,,2.6327953338623047,,
,,,,,362,,,,,,,,,,,,2.411135196685791,,
,,,,,363,,,,,,,,,,,,1.364515781402588,,
5,,,,,1619,,,,,,,,0.7858080863952637,0.46723079681396484,0.46723079681396484,0.7177263498306274,,0.3522023856639862,0.7177263498306274
5,,0.0929657593369484,0.1371166855096817,0.1916763186454773,1619,0.00196050014346838,0.4102206230163574,0.4102206230163574,0.6175380945205688,,0.27943041920661926,0.6155776381492615,,,,,,,
,0.0002999179886011389,,,,1620,,,,,,,,,,,,,,
6,,,,,1629,,,,,1.196555495262146,,,,,,,,,
6,,,,,1639,,,,,0.6631143093109131,,,,,,,,,
6,,,,,1649,,,,,0.4078849256038666,,,,,,,,,
6,,,,,1659,,,,,0.5250023007392883,,,,,,,,,
6,,,,,1669,,,,,0.36044567823410034,,,,,,,,,
6,,,,,1679,,,,,0.3584275543689728,,,,,,,,,
6,,,,,1689,,,,,0.3694705367088318,,,,,,,,,
6,,,,,1699,,,,,0.3184649348258972,,,,,,,,,
6,,,,,1709,,,,,0.3378283977508545,,,,,,,,,
6,,,,,1719,,,,,1.1146767139434814,,,,,,,,,
6,,,,,1729,,,,,0.7296165823936462,,,,,,,,,
6,,,,,1739,,,,,0.9767848253250122,,,,,,,,,
6,,,,,1749,,,,,0.9121389389038086,,,,,,,,,
6,,,,,1759,,,,,0.46785134077072144,,,,,,,,,
6,,,,,1769,,,,,0.5346939563751221,,,,,,,,,
6,,,,,1779,,,,,0.750326931476593,,,,,,,,,
6,,,,,1789,,,,,0.6945341229438782,,,,,,,,,
6,,,,,1799,,,,,0.4519166052341461,,,,,,,,,
6,,,,,1809,,,,,0.44594454765319824,,,,,,,,,
6,,,,,1819,,,,,0.4655977189540863,,,,,,,,,
6,,,,,1829,,,,,1.0061826705932617,,,,,,,,,
6,,,,,1839,,,,,0.6619194149971008,,,,,,,,,
6,,,,,1849,,,,,0.4120725393295288,,,,,,,,,
6,,,,,1859,,,,,0.6332313418388367,,,,,,,,,
6,,,,,1869,,,,,0.3099706470966339,,,,,,,,,
6,,,,,1879,,,,,1.2221689224243164,,,,,,,,,
6,,,,,1889,,,,,0.38130366802215576,,,,,,,,,
,,,,,364,,,,,,,,,,,,0.12895292043685913,,
,,,,,365,,,,,,,,,,,,0.3824053704738617,,
,,,,,366,,,,,,,,,,,,0.30354028940200806,,
,,,,,367,,,,,,,,,,,,0.48607152700424194,,
,,,,,368,,,,,,,,,,,,0.7957620620727539,,
,,,,,369,,,,,,,,,,,,0.8172993659973145,,
,,,,,370,,,,,,,,,,,,0.7142744660377502,,
,,,,,371,,,,,,,,,,,,0.7536738514900208,,
,,,,,372,,,,,,,,,,,,0.42202210426330566,,
,,,,,373,,,,,,,,,,,,0.089545339345932,,
,,,,,374,,,,,,,,,,,,0.15687966346740723,,
,,,,,375,,,,,,,,,,,,0.22589236497879028,,
,,,,,376,,,,,,,,,,,,0.21515287458896637,,
,,,,,377,,,,,,,,,,,,0.33604902029037476,,
,,,,,378,,,,,,,,,,,,0.8992801904678345,,
,,,,,379,,,,,,,,,,,,0.5786319971084595,,
,,,,,380,,,,,,,,,,,,0.6299521923065186,,
,,,,,381,,,,,,,,,,,,0.42858749628067017,,
,,,,,382,,,,,,,,,,,,0.2933964729309082,,
,,,,,383,,,,,,,,,,,,0.4621678590774536,,
,,,,,384,,,,,,,,,,,,0.4433117210865021,,
,,,,,385,,,,,,,,,,,,0.45868760347366333,,
,,,,,386,,,,,,,,,,,,0.30062517523765564,,
,,,,,387,,,,,,,,,,,,0.26444920897483826,,
,,,,,388,,,,,,,,,,,,0.2104724645614624,,
,,,,,389,,,,,,,,,,,,0.482615202665329,,
,,,,,390,,,,,,,,,,,,0.2846447825431824,,
,,,,,391,,,,,,,,,,,,0.3551188111305237,,
,,,,,392,,,,,,,,,,,,0.6033518314361572,,
,,,,,393,,,,,,,,,,,,0.8633757829666138,,
,,,,,394,,,,,,,,,,,,1.0007531642913818,,
,,,,,395,,,,,,,,,,,,1.5049262046813965,,
,,,,,396,,,,,,,,,,,,0.7028392553329468,,
,,,,,397,,,,,,,,,,,,0.450880229473114,,
,,,,,398,,,,,,,,,,,,0.5656876564025879,,
,,,,,399,,,,,,,,,,,,0.8746327757835388,,
,,,,,400,,,,,,,,,,,,1.7813624143600464,,
,,,,,401,,,,,,,,,,,,0.625317394733429,,
,,,,,402,,,,,,,,,,,,0.44081830978393555,,
,,,,,403,,,,,,,,,,,,1.2291512489318848,,
,,,,,404,,,,,,,,,,,,1.4354736804962158,,
,,,,,405,,,,,,,,,,,,0.9847248792648315,,
,,,,,406,,,,,,,,,,,,0.8024563789367676,,
,,,,,407,,,,,,,,,,,,0.7182257175445557,,
,,,,,408,,,,,,,,,,,,0.04127967730164528,,
,,,,,409,,,,,,,,,,,,0.09755265712738037,,
,,,,,410,,,,,,,,,,,,0.14167088270187378,,
,,,,,411,,,,,,,,,,,,0.35592055320739746,,
,,,,,412,,,,,,,,,,,,0.5465084314346313,,
,,,,,413,,,,,,,,,,,,0.4634508490562439,,
,,,,,414,,,,,,,,,,,,1.4732825756072998,,
,,,,,415,,,,,,,,,,,,1.277639389038086,,
,,,,,416,,,,,,,,,,,,0.3091166615486145,,
,,,,,417,,,,,,,,,,,,0.5813455581665039,,
,,,,,418,,,,,,,,,,,,1.5302519798278809,,
,,,,,419,,,,,,,,,,,,1.245408535003662,,
,,,,,420,,,,,,,,,,,,1.1979063749313354,,
,,,,,421,,,,,,,,,,,,1.4631834030151367,,
,,,,,422,,,,,,,,,,,,2.3672990798950195,,
,,,,,423,,,,,,,,,,,,2.4249134063720703,,
,,,,,424,,,,,,,,,,,,1.800261378288269,,
6,,,,,1889,,,,,,,,0.7753018140792847,0.4291781187057495,0.4291781187057495,0.7183676362037659,,0.32613545656204224,0.7183676362037659
6,,0.09033700823783875,0.1320505142211914,0.18764378130435944,1889,0.0019295754609629512,0.40205103158950806,0.40205103158950806,0.6412394642829895,,0.2612006664276123,0.6393099427223206,,,,,,,
,0.00029967204408281613,,,,1890,,,,,,,,,,,,,,
7,,,,,1899,,,,,0.7369541525840759,,,,,,,,,
7,,,,,1909,,,,,0.618273138999939,,,,,,,,,
7,,,,,1919,,,,,1.1514647006988525,,,,,,,,,
7,,,,,1929,,,,,0.49524152278900146,,,,,,,,,
7,,,,,1939,,,,,0.47344744205474854,,,,,,,,,
7,,,,,1949,,,,,0.949374258518219,,,,,,,,,
7,,,,,1959,,,,,0.890865683555603,,,,,,,,,
7,,,,,1969,,,,,0.9270313382148743,,,,,,,,,
7,,,,,1979,,,,,0.6786479353904724,,,,,,,,,
7,,,,,1989,,,,,0.4809626042842865,,,,,,,,,
7,,,,,1999,,,,,0.34099870920181274,,,,,,,,,
7,,,,,2009,,,,,0.29392316937446594,,,,,,,,,
7,,,,,2019,,,,,0.41003653407096863,,,,,,,,,
7,,,,,2029,,,,,0.9452601671218872,,,,,,,,,
7,,,,,2039,,,,,0.5167869925498962,,,,,,,,,
7,,,,,2049,,,,,0.3364933133125305,,,,,,,,,
7,,,,,2059,,,,,1.0150082111358643,,,,,,,,,
7,,,,,2069,,,,,0.825989842414856,,,,,,,,,
7,,,,,2079,,,,,1.0014466047286987,,,,,,,,,
7,,,,,2089,,,,,0.9547268152236938,,,,,,,,,
7,,,,,2099,,,,,1.0088715553283691,,,,,,,,,
7,,,,,2109,,,,,0.32478752732276917,,,,,,,,,
7,,,,,2119,,,,,0.9777882099151611,,,,,,,,,
7,,,,,2129,,,,,0.5285863280296326,,,,,,,,,
7,,,,,2139,,,,,0.7378256320953369,,,,,,,,,
7,,,,,2149,,,,,0.3702266216278076,,,,,,,,,
7,,,,,2159,,,,,0.41594254970550537,,,,,,,,,
,,,,,425,,,,,,,,,,,,0.09895449131727219,,
,,,,,426,,,,,,,,,,,,0.31743282079696655,,
,,,,,427,,,,,,,,,,,,0.2598969340324402,,
,,,,,428,,,,,,,,,,,,0.4051445424556732,,
,,,,,429,,,,,,,,,,,,0.67887282371521,,
,,,,,430,,,,,,,,,,,,0.7036482691764832,,
,,,,,431,,,,,,,,,,,,0.6620804071426392,,
,,,,,432,,,,,,,,,,,,0.640230655670166,,
,,,,,433,,,,,,,,,,,,0.36901479959487915,,
,,,,,434,,,,,,,,,,,,0.0827769860625267,,
,,,,,435,,,,,,,,,,,,0.16645875573158264,,
,,,,,436,,,,,,,,,,,,0.22235965728759766,,
,,,,,437,,,,,,,,,,,,0.21338067948818207,,
,,,,,438,,,,,,,,,,,,0.38006675243377686,,
,,,,,439,,,,,,,,,,,,0.8485584855079651,,
,,,,,440,,,,,,,,,,,,0.5314202308654785,,
,,,,,441,,,,,,,,,,,,0.5836422443389893,,
,,,,,442,,,,,,,,,,,,0.3737432658672333,,
,,,,,443,,,,,,,,,,,,0.34825336933135986,,
,,,,,444,,,,,,,,,,,,0.43918049335479736,,
,,,,,445,,,,,,,,,,,,0.3970860242843628,,
,,,,,446,,,,,,,,,,,,0.3968103229999542,,
,,,,,447,,,,,,,,,,,,0.2992696762084961,,
,,,,,448,,,,,,,,,,,,0.22656004130840302,,
,,,,,449,,,,,,,,,,,,0.18612095713615417,,
,,,,,450,,,,,,,,,,,,0.4067404866218567,,
,,,,,451,,,,,,,,,,,,0.27649617195129395,,
,,,,,452,,,,,,,,,,,,0.35122549533843994,,
,,,,,453,,,,,,,,,,,,0.5966249704360962,,
,,,,,454,,,,,,,,,,,,0.9541680216789246,,
,,,,,455,,,,,,,,,,,,0.9312577247619629,,
,,,,,456,,,,,,,,,,,,1.611389398574829,,
,,,,,457,,,,,,,,,,,,0.7284252643585205,,
,,,,,458,,,,,,,,,,,,0.5726848244667053,,
,,,,,459,,,,,,,,,,,,0.7208617925643921,,
,,,,,460,,,,,,,,,,,,0.9983556866645813,,
,,,,,461,,,,,,,,,,,,1.7875826358795166,,
,,,,,462,,,,,,,,,,,,0.7467901110649109,,
,,,,,463,,,,,,,,,,,,0.4770607352256775,,
,,,,,464,,,,,,,,,,,,1.0603179931640625,,
,,,,,465,,,,,,,,,,,,1.4751076698303223,,
,,,,,466,,,,,,,,,,,,1.1300405263900757,,
,,,,,467,,,,,,,,,,,,0.9084361791610718,,
,,,,,468,,,,,,,,,,,,0.8720185160636902,,
,,,,,469,,,,,,,,,,,,0.04229884222149849,,
,,,,,470,,,,,,,,,,,,0.11348852515220642,,
,,,,,471,,,,,,,,,,,,0.17269709706306458,,
,,,,,472,,,,,,,,,,,,0.5074459910392761,,
,,,,,473,,,,,,,,,,,,0.8053826093673706,,
,,,,,474,,,,,,,,,,,,0.5288257598876953,,
,,,,,475,,,,,,,,,,,,0.7905377745628357,,
,,,,,476,,,,,,,,,,,,0.6352856755256653,,
,,,,,477,,,,,,,,,,,,0.17873626947402954,,
,,,,,478,,,,,,,,,,,,0.5180598497390747,,
,,,,,479,,,,,,,,,,,,1.302428960800171,,
,,,,,480,,,,,,,,,,,,1.118801474571228,,
,,,,,481,,,,,,,,,,,,1.1179405450820923,,
,,,,,482,,,,,,,,,,,,1.3733787536621094,,
,,,,,483,,,,,,,,,,,,2.0230069160461426,,
,,,,,484,,,,,,,,,,,,2.1970653533935547,,
,,,,,485,,,,,,,,,,,,1.9028388261795044,,
7,,,,,2159,,,,,,,,0.7898582220077515,0.437873899936676,0.437873899936676,0.684668242931366,,0.3426288664340973,0.684668242931366
7,,0.08756875991821289,0.1269347220659256,0.1827942430973053,2159,0.0018945663468912244,0.39727783203125,0.39727783203125,0.6272486448287964,,0.24659575521945953,0.6253539323806763,,,,,,,
,0.0002992624353817517,,,,2160,,,,,,,,,,,,,,
8,,,,,2169,,,,,0.32537931203842163,,,,,,,,,
8,,,,,2179,,,,,1.0233174562454224,,,,,,,,,
8,,,,,2189,,,,,0.36790674924850464,,,,,,,,,
8,,,,,2199,,,,,0.35142722725868225,,,,,,,,,
8,,,,,2209,,,,,0.9897973537445068,,,,,,,,,
8,,,,,2219,,,,,0.41481924057006836,,,,,,,,,
8,,,,,2229,,,,,0.310133159160614,,,,,,,,,
8,,,,,2239,,,,,0.49125561118125916,,,,,,,,,
8,,,,,2249,,,,,0.36391106247901917,,,,,,,,,
8,,,,,2259,,,,,0.9656134843826294,,,,,,,,,
8,,,,,2269,,,,,0.26667752861976624,,,,,,,,,
8,,,,,2279,,,,,0.3766990005970001,,,,,,,,,
8,,,,,2289,,,,,0.48145684599876404,,,,,,,,,
8,,,,,2299,,,,,1.0099434852600098,,,,,,,,,
8,,,,,2309,,,,,0.309606671333313,,,,,,,,,
8,,,,,2319,,,,,0.9496917724609375,,,,,,,,,
8,,,,,2329,,,,,0.34116533398628235,,,,,,,,,
8,,,,,2339,,,,,0.35219427943229675,,,,,,,,,
8,,,,,2349,,,,,0.3400554060935974,,,,,,,,,
8,,,,,2359,,,,,0.27013105154037476,,,,,,,,,
8,,,,,2369,,,,,0.40400195121765137,,,,,,,,,
8,,,,,2379,,,,,0.968116044998169,,,,,,,,,
8,,,,,2389,,,,,0.8995451331138611,,,,,,,,,
8,,,,,2399,,,,,0.313602477312088,,,,,,,,,
8,,,,,2409,,,,,0.35300686955451965,,,,,,,,,
8,,,,,2419,,,,,0.27032819390296936,,,,,,,,,
8,,,,,2429,,,,,0.6965689659118652,,,,,,,,,
,,,,,486,,,,,,,,,,,,0.06551593542098999,,
,,,,,487,,,,,,,,,,,,0.24582119286060333,,
,,,,,488,,,,,,,,,,,,0.19334855675697327,,
,,,,,489,,,,,,,,,,,,0.32764291763305664,,
,,,,,490,,,,,,,,,,,,0.5689369440078735,,
,,,,,491,,,,,,,,,,,,0.6531233787536621,,
,,,,,492,,,,,,,,,,,,0.5334101319313049,,
,,,,,493,,,,,,,,,,,,0.5528749227523804,,
,,,,,494,,,,,,,,,,,,0.2821653187274933,,
,,,,,495,,,,,,,,,,,,0.055645592510700226,,
,,,,,496,,,,,,,,,,,,0.10636285692453384,,
,,,,,497,,,,,,,,,,,,0.17219243943691254,,
,,,,,498,,,,,,,,,,,,0.14669635891914368,,
,,,,,499,,,,,,,,,,,,0.26713523268699646,,
,,,,,500,,,,,,,,,,,,0.7157626152038574,,
,,,,,501,,,,,,,,,,,,0.39807844161987305,,
,,,,,502,,,,,,,,,,,,0.41217780113220215,,
,,,,,503,,,,,,,,,,,,0.26824310421943665,,
,,,,,504,,,,,,,,,,,,0.18735423684120178,,
,,,,,505,,,,,,,,,,,,0.33365127444267273,,
,,,,,506,,,,,,,,,,,,0.3361891508102417,,
,,,,,507,,,,,,,,,,,,0.30015671253204346,,
,,,,,508,,,,,,,,,,,,0.19044148921966553,,
,,,,,509,,,,,,,,,,,,0.18187198042869568,,
,,,,,510,,,,,,,,,,,,0.14706334471702576,,
,,,,,511,,,,,,,,,,,,0.3668949007987976,,
,,,,,512,,,,,,,,,,,,0.20353759825229645,,
,,,,,513,,,,,,,,,,,,0.2504809498786926,,
,,,,,514,,,,,,,,,,,,0.630538821220398,,
,,,,,515,,,,,,,,,,,,1.151709794998169,,
,,,,,516,,,,,,,,,,,,1.2755398750305176,,
,,,,,517,,,,,,,,,,,,1.856353759765625,,
,,,,,518,,,,,,,,,,,,1.0120956897735596,,
,,,,,519,,,,,,,,,,,,0.5213847160339355,,
,,,,,520,,,,,,,,,,,,0.7586815357208252,,
,,,,,521,,,,,,,,,,,,1.2021474838256836,,
,,,,,522,,,,,,,,,,,,2.3835747241973877,,
,,,,,523,,,,,,,,,,,,1.2006218433380127,,
,,,,,524,,,,,,,,,,,,0.6235412359237671,,
,,,,,525,,,,,,,,,,,,1.4664523601531982,,
,,,,,526,,,,,,,,,,,,1.5751562118530273,,
,,,,,527,,,,,,,,,,,,1.62880539894104,,
,,,,,528,,,,,,,,,,,,1.2438522577285767,,
,,,,,529,,,,,,,,,,,,0.9990664124488831,,
,,,,,530,,,,,,,,,,,,0.04148172587156296,,
,,,,,531,,,,,,,,,,,,0.10902202874422073,,
,,,,,532,,,,,,,,,,,,0.18409675359725952,,
,,,,,533,,,,,,,,,,,,0.44234606623649597,,
,,,,,534,,,,,,,,,,,,0.717504620552063,,
,,,,,535,,,,,,,,,,,,0.4352642893791199,,
,,,,,536,,,,,,,,,,,,1.0242559909820557,,
,,,,,537,,,,,,,,,,,,0.8052524328231812,,
,,,,,538,,,,,,,,,,,,0.17615069448947906,,
,,,,,539,,,,,,,,,,,,0.4706788659095764,,
,,,,,540,,,,,,,,,,,,1.2758307456970215,,
,,,,,541,,,,,,,,,,,,1.1166887283325195,,
,,,,,542,,,,,,,,,,,,1.096010446548462,,
,,,,,543,,,,,,,,,,,,1.4228332042694092,,
,,,,,544,,,,,,,,,,,,2.0269923210144043,,
,,,,,545,,,,,,,,,,,,2.3660190105438232,,
,,,,,546,,,,,,,,,,,,1.9390432834625244,,
8,,,,,2429,,,,,,,,0.7894479632377625,0.43926435708999634,0.43926435708999634,0.7154388427734375,,0.30702000856399536,0.7154388427734375
8,,0.08523096889257431,0.12236349284648895,0.1773686707019806,2429,0.0018585959915071726,0.4167430102825165,0.4167430102825165,0.6037909388542175,,0.2780436873435974,0.6019324660301208,,,,,,,
,0.00029868961039904624,,,,2430,,,,,,,,,,,,,,
9,,,,,2439,,,,,0.9003069400787354,,,,,,,,,
9,,,,,2449,,,,,0.633271336555481,,,,,,,,,
9,,,,,2459,,,,,0.23628081381320953,,,,,,,,,
9,,,,,2469,,,,,0.6326230764389038,,,,,,,,,
9,,,,,2479,,,,,0.507737398147583,,,,,,,,,
9,,,,,2489,,,,,0.5426095128059387,,,,,,,,,
9,,,,,2499,,,,,0.9268843531608582,,,,,,,,,
9,,,,,2509,,,,,0.4824380576610565,,,,,,,,,
9,,,,,2519,,,,,0.35158807039260864,,,,,,,,,
9,,,,,2529,,,,,0.3231150507926941,,,,,,,,,
9,,,,,2539,,,,,1.158644437789917,,,,,,,,,
9,,,,,2549,,,,,0.7548462748527527,,,,,,,,,
9,,,,,2559,,,,,0.28875821828842163,,,,,,,,,
9,,,,,2569,,,,,1.0698034763336182,,,,,,,,,
9,,,,,2579,,,,,0.27567580342292786,,,,,,,,,
9,,,,,2589,,,,,0.31130915880203247,,,,,,,,,
9,,,,,2599,,,,,0.5916905403137207,,,,,,,,,
9,,,,,2609,,,,,0.4322143495082855,,,,,,,,,
9,,,,,2619,,,,,0.2650821805000305,,,,,,,,,
9,,,,,2629,,,,,0.9914112091064453,,,,,,,,,
9,,,,,2639,,,,,0.5345450043678284,,,,,,,,,
9,,,,,2649,,,,,0.5753223896026611,,,,,,,,,
9,,,,,2659,,,,,0.2557778060436249,,,,,,,,,
9,,,,,2669,,,,,0.27484217286109924,,,,,,,,,
9,,,,,2679,,,,,0.4907955527305603,,,,,,,,,
9,,,,,2689,,,,,0.6401939988136292,,,,,,,,,
9,,,,,2699,,,,,1.0253506898880005,,,,,,,,,
,,,,,547,,,,,,,,,,,,0.06754186749458313,,
,,,,,548,,,,,,,,,,,,0.2306755930185318,,
,,,,,549,,,,,,,,,,,,0.19062766432762146,,
,,,,,550,,,,,,,,,,,,0.35837608575820923,,
,,,,,551,,,,,,,,,,,,0.6292608976364136,,
,,,,,552,,,,,,,,,,,,0.7066323161125183,,
,,,,,553,,,,,,,,,,,,0.5970034003257751,,
,,,,,554,,,,,,,,,,,,0.6779766082763672,,
,,,,,555,,,,,,,,,,,,0.3232741355895996,,
,,,,,556,,,,,,,,,,,,0.05774939805269241,,
,,,,,557,,,,,,,,,,,,0.12576012313365936,,
,,,,,558,,,,,,,,,,,,0.1809648871421814,,
,,,,,559,,,,,,,,,,,,0.15766014158725739,,
,,,,,560,,,,,,,,,,,,0.301164448261261,,
,,,,,561,,,,,,,,,,,,0.8189504146575928,,
,,,,,562,,,,,,,,,,,,0.4798665940761566,,
,,,,,563,,,,,,,,,,,,0.5118180513381958,,
,,,,,564,,,,,,,,,,,,0.30369889736175537,,
,,,,,565,,,,,,,,,,,,0.2392731010913849,,
,,,,,566,,,,,,,,,,,,0.3538532257080078,,
,,,,,567,,,,,,,,,,,,0.37667620182037354,,
,,,,,568,,,,,,,,,,,,0.30206960439682007,,
,,,,,569,,,,,,,,,,,,0.2094421088695526,,
,,,,,570,,,,,,,,,,,,0.19366928935050964,,
,,,,,571,,,,,,,,,,,,0.15339873731136322,,
,,,,,572,,,,,,,,,,,,0.39536237716674805,,
,,,,,573,,,,,,,,,,,,0.19932375848293304,,
,,,,,574,,,,,,,,,,,,0.23899033665657043,,
,,,,,575,,,,,,,,,,,,0.5310846567153931,,
,,,,,576,,,,,,,,,,,,0.8648043870925903,,
,,,,,577,,,,,,,,,,,,1.0040671825408936,,
,,,,,578,,,,,,,,,,,,1.5162110328674316,,
,,,,,579,,,,,,,,,,,,0.6865453720092773,,
,,,,,580,,,,,,,,,,,,0.3596596121788025,,
,,,,,581,,,,,,,,,,,,0.5485024452209473,,
,,,,,582,,,,,,,,,,,,1.0147337913513184,,
,,,,,583,,,,,,,,,,,,2.503603935241699,,
,,,,,584,,,,,,,,,,,,0.7726240158081055,,
,,,,,585,,,,,,,,,,,,0.41742223501205444,,
,,,,,586,,,,,,,,,,,,1.5057045221328735,,
,,,,,587,,,,,,,,,,,,1.5033574104309082,,
,,,,,588,,,,,,,,,,,,1.326033353805542,,
,,,,,589,,,,,,,,,,,,0.9261907935142517,,
,,,,,590,,,,,,,,,,,,0.8937059640884399,,
,,,,,591,,,,,,,,,,,,0.04525788128376007,,
,,,,,592,,,,,,,,,,,,0.11667205393314362,,
,,,,,593,,,,,,,,,,,,0.26826927065849304,,
,,,,,594,,,,,,,,,,,,0.41709136962890625,,
,,,,,595,,,,,,,,,,,,0.654865026473999,,
,,,,,596,,,,,,,,,,,,0.43784478306770325,,
,,,,,597,,,,,,,,,,,,1.7317516803741455,,
,,,,,598,,,,,,,,,,,,1.271627426147461,,
,,,,,599,,,,,,,,,,,,0.35023581981658936,,
,,,,,600,,,,,,,,,,,,0.6807155013084412,,
,,,,,601,,,,,,,,,,,,1.7449766397476196,,
,,,,,602,,,,,,,,,,,,1.1672837734222412,,
,,,,,603,,,,,,,,,,,,1.2010831832885742,,
,,,,,604,,,,,,,,,,,,1.7275762557983398,,
,,,,,605,,,,,,,,,,,,2.455505847930908,,
,,,,,606,,,,,,,,,,,,2.753345012664795,,
,,,,,607,,,,,,,,,,,,2.1972837448120117,,
9,,,,,2699,,,,,,,,0.7774953246116638,0.4808042049407959,0.4808042049407959,0.7373229265213013,,0.34788504242897034,0.7373229265213013
9,,0.08265843987464905,0.11796783655881882,0.1725955456495285,2699,0.001824504928663373,0.41860419511795044,0.41860419511795044,0.5538390278816223,,0.2696584165096283,0.5520144701004028,,,,,,,
,0.00029795419551040833,,,,2700,,,,,,,,,,,,,,
10,,,,,2709,,,,,0.7060371041297913,,,,,,,,,
10,,,,,2719,,,,,0.3102365732192993,,,,,,,,,
10,,,,,2729,,,,,0.3741884231567383,,,,,,,,,
10,,,,,2739,,,,,0.35113897919654846,,,,,,,,,
10,,,,,2749,,,,,0.32800421118736267,,,,,,,,,
10,,,,,2759,,,,,0.3769499957561493,,,,,,,,,
10,,,,,2769,,,,,0.3319196403026581,,,,,,,,,
10,,,,,2779,,,,,0.34677815437316895,,,,,,,,,
10,,,,,2789,,,,,0.3421505093574524,,,,,,,,,
10,,,,,2799,,,,,0.26749393343925476,,,,,,,,,
10,,,,,2809,,,,,0.32828253507614136,,,,,,,,,
10,,,,,2819,,,,,0.42001521587371826,,,,,,,,,
10,,,,,2829,,,,,0.9673274755477905,,,,,,,,,
10,,,,,2839,,,,,0.6412556171417236,,,,,,,,,
10,,,,,2849,,,,,0.25600647926330566,,,,,,,,,
10,,,,,2859,,,,,0.2784506380558014,,,,,,,,,
10,,,,,2869,,,,,0.2643076777458191,,,,,,,,,
10,,,,,2879,,,,,0.5431970357894897,,,,,,,,,
10,,,,,2889,,,,,0.5937639474868774,,,,,,,,,
10,,,,,2899,,,,,0.5475829839706421,,,,,,,,,
10,,,,,2909,,,,,0.3350719213485718,,,,,,,,,
10,,,,,2919,,,,,0.5961755514144897,,,,,,,,,
10,,,,,2929,,,,,0.6438995003700256,,,,,,,,,
10,,,,,2939,,,,,1.139175295829773,,,,,,,,,
10,,,,,2949,,,,,0.44715121388435364,,,,,,,,,
10,,,,,2959,,,,,0.3586522042751312,,,,,,,,,
10,,,,,2969,,,,,0.24910074472427368,,,,,,,,,
,,,,,608,,,,,,,,,,,,0.08875323832035065,,
,,,,,609,,,,,,,,,,,,0.2906543016433716,,
,,,,,610,,,,,,,,,,,,0.25697147846221924,,
,,,,,611,,,,,,,,,,,,0.4522444009780884,,
,,,,,612,,,,,,,,,,,,0.6906639337539673,,
,,,,,613,,,,,,,,,,,,0.7949969172477722,,
,,,,,614,,,,,,,,,,,,0.685455322265625,,
,,,,,615,,,,,,,,,,,,0.6152089834213257,,
,,,,,616,,,,,,,,,,,,0.38339975476264954,,
,,,,,617,,,,,,,,,,,,0.08838838338851929,,
,,,,,618,,,,,,,,,,,,0.18926960229873657,,
,,,,,619,,,,,,,,,,,,0.2501331865787506,,
,,,,,620,,,,,,,,,,,,0.20857363939285278,,
,,,,,621,,,,,,,,,,,,0.36637818813323975,,
,,,,,622,,,,,,,,,,,,0.8540450930595398,,
,,,,,623,,,,,,,,,,,,0.4308062791824341,,
,,,,,624,,,,,,,,,,,,0.35749754309654236,,
,,,,,625,,,,,,,,,,,,0.3374180197715759,,
,,,,,626,,,,,,,,,,,,0.3183389902114868,,
,,,,,627,,,,,,,,,,,,0.4336068630218506,,
,,,,,628,,,,,,,,,,,,0.37498918175697327,,
,,,,,629,,,,,,,,,,,,0.39369553327560425,,
,,,,,630,,,,,,,,,,,,0.328182578086853,,
,,,,,631,,,,,,,,,,,,0.3115609884262085,,
,,,,,632,,,,,,,,,,,,0.22252583503723145,,
,,,,,633,,,,,,,,,,,,0.49683529138565063,,
,,,,,634,,,,,,,,,,,,0.2525368332862854,,
,,,,,635,,,,,,,,,,,,0.3512367010116577,,
,,,,,636,,,,,,,,,,,,0.7487374544143677,,
,,,,,637,,,,,,,,,,,,1.262059211730957,,
,,,,,638,,,,,,,,,,,,1.1617358922958374,,
,,,,,639,,,,,,,,,,,,2.0849785804748535,,
,,,,,640,,,,,,,,,,,,0.8307220935821533,,
,,,,,641,,,,,,,,,,,,0.5843092203140259,,
,,,,,642,,,,,,,,,,,,0.8460583686828613,,
,,,,,643,,,,,,,,,,,,1.4455219507217407,,
,,,,,644,,,,,,,,,,,,2.744708299636841,,
,,,,,645,,,,,,,,,,,,1.0868903398513794,,
,,,,,646,,,,,,,,,,,,0.5262914299964905,,
,,,,,647,,,,,,,,,,,,1.191604495048523,,
,,,,,648,,,,,,,,,,,,1.4175959825515747,,
,,,,,649,,,,,,,,,,,,1.7833833694458008,,
,,,,,650,,,,,,,,,,,,1.1882306337356567,,
,,,,,651,,,,,,,,,,,,1.1461021900177002,,
,,,,,652,,,,,,,,,,,,0.03195280581712723,,
,,,,,653,,,,,,,,,,,,0.10114502161741257,,
,,,,,654,,,,,,,,,,,,0.24925066530704498,,
,,,,,655,,,,,,,,,,,,0.5017366409301758,,
,,,,,656,,,,,,,,,,,,1.2040600776672363,,
,,,,,657,,,,,,,,,,,,0.45960533618927,,
,,,,,658,,,,,,,,,,,,1.6649751663208008,,
,,,,,659,,,,,,,,,,,,1.2662272453308105,,
,,,,,660,,,,,,,,,,,,0.22427038848400116,,
,,,,,661,,,,,,,,,,,,0.420238196849823,,
,,,,,662,,,,,,,,,,,,1.0733447074890137,,
,,,,,663,,,,,,,,,,,,0.8902091979980469,,
,,,,,664,,,,,,,,,,,,0.9193872809410095,,
,,,,,665,,,,,,,,,,,,1.1453295946121216,,
,,,,,666,,,,,,,,,,,,1.4454466104507446,,
,,,,,667,,,,,,,,,,,,1.8082740306854248,,
,,,,,668,,,,,,,,,,,,1.3226759433746338,,
10,,,,,2969,,,,,,,,0.7740212678909302,0.3990274667739868,0.3990274667739868,0.7475643754005432,,0.2821211814880371,0.7475643754005432
10,,0.08046697825193405,0.11302629113197327,0.16720041632652283,2969,0.0017863180255517364,0.4266362488269806,0.4266362488269806,0.5486966967582703,,0.27936244010925293,0.546910285949707,,,,,,,
,0.0002970569948812214,,,,2970,,,,,,,,,,,,,,
11,,,,,2979,,,,,0.31024622917175293,,,,,,,,,
11,,,,,2989,,,,,0.26205843687057495,,,,,,,,,
11,,,,,2999,,,,,0.494152307510376,,,,,,,,,
11,,,,,3009,,,,,0.3475281298160553,,,,,,,,,
11,,,,,3019,,,,,1.0858588218688965,,,,,,,,,
11,,,,,3029,,,,,0.6206966638565063,,,,,,,,,
11,,,,,3039,,,,,0.30983489751815796,,,,,,,,,
11,,,,,3049,,,,,0.9522791504859924,,,,,,,,,
11,,,,,3059,,,,,0.30582186579704285,,,,,,,,,
11,,,,,3069,,,,,0.8539798855781555,,,,,,,,,
11,,,,,3079,,,,,0.8120352029800415,,,,,,,,,
11,,,,,3089,,,,,0.6806842088699341,,,,,,,,,
11,,,,,3099,,,,,0.316841185092926,,,,,,,,,
11,,,,,3109,,,,,0.23686228692531586,,,,,,,,,
11,,,,,3119,,,,,1.0663007497787476,,,,,,,,,
11,,,,,3129,,,,,0.2757926285266876,,,,,,,,,
11,,,,,3139,,,,,1.3686336278915405,,,,,,,,,
11,,,,,3149,,,,,0.331648051738739,,,,,,,,,
11,,,,,3159,,,,,0.610866367816925,,,,,,,,,
11,,,,,3169,,,,,0.9061163067817688,,,,,,,,,
11,,,,,3179,,,,,1.0716700553894043,,,,,,,,,
11,,,,,3189,,,,,0.5749205350875854,,,,,,,,,
11,,,,,3199,,,,,0.26271113753318787,,,,,,,,,
11,,,,,3209,,,,,0.21662434935569763,,,,,,,,,
11,,,,,3219,,,,,0.500432550907135,,,,,,,,,
11,,,,,3229,,,,,0.783722460269928,,,,,,,,,
11,,,,,3239,,,,,0.9580816030502319,,,,,,,,,
,,,,,669,,,,,,,,,,,,0.07108145952224731,,
,,,,,670,,,,,,,,,,,,0.24914446473121643,,
,,,,,671,,,,,,,,,,,,0.22860971093177795,,
,,,,,672,,,,,,,,,,,,0.4445132911205292,,
,,,,,673,,,,,,,,,,,,0.711875319480896,,
,,,,,674,,,,,,,,,,,,0.7625604867935181,,
,,,,,675,,,,,,,,,,,,0.6935027837753296,,
,,,,,676,,,,,,,,,,,,0.6661720275878906,,
,,,,,677,,,,,,,,,,,,0.39102351665496826,,
,,,,,678,,,,,,,,,,,,0.12502963840961456,,
,,,,,679,,,,,,,,,,,,0.3016282916069031,,
,,,,,680,,,,,,,,,,,,0.3665579557418823,,
,,,,,681,,,,,,,,,,,,0.283957302570343,,
,,,,,682,,,,,,,,,,,,0.4251808524131775,,
,,,,,683,,,,,,,,,,,,0.8683005571365356,,
,,,,,684,,,,,,,,,,,,0.4885280132293701,,
,,,,,685,,,,,,,,,,,,0.48432764410972595,,
,,,,,686,,,,,,,,,,,,0.3272250294685364,,
,,,,,687,,,,,,,,,,,,0.22445040941238403,,
,,,,,688,,,,,,,,,,,,0.4956324100494385,,
,,,,,689,,,,,,,,,,,,0.44457125663757324,,
,,,,,690,,,,,,,,,,,,0.3662230372428894,,
,,,,,691,,,,,,,,,,,,0.30219119787216187,,
,,,,,692,,,,,,,,,,,,0.2669368386268616,,
,,,,,693,,,,,,,,,,,,0.18660031259059906,,
,,,,,694,,,,,,,,,,,,0.4200977683067322,,
,,,,,695,,,,,,,,,,,,0.204609215259552,,
,,,,,696,,,,,,,,,,,,0.28991976380348206,,
,,,,,697,,,,,,,,,,,,0.8108165264129639,,
,,,,,698,,,,,,,,,,,,1.7177555561065674,,
,,,,,699,,,,,,,,,,,,1.6805238723754883,,
,,,,,700,,,,,,,,,,,,2.540220260620117,,
,,,,,701,,,,,,,,,,,,1.450494408607483,,
,,,,,702,,,,,,,,,,,,0.6742488145828247,,
,,,,,703,,,,,,,,,,,,1.305132508277893,,
,,,,,704,,,,,,,,,,,,1.9555940628051758,,
,,,,,705,,,,,,,,,,,,3.171785831451416,,
,,,,,706,,,,,,,,,,,,1.8247939348220825,,
,,,,,707,,,,,,,,,,,,0.8759777545928955,,
,,,,,708,,,,,,,,,,,,1.6068062782287598,,
,,,,,709,,,,,,,,,,,,1.6978448629379272,,
,,,,,710,,,,,,,,,,,,2.277010440826416,,
,,,,,711,,,,,,,,,,,,1.5764408111572266,,
,,,,,712,,,,,,,,,,,,1.3060498237609863,,
,,,,,713,,,,,,,,,,,,0.027591001242399216,,
,,,,,714,,,,,,,,,,,,0.11133730411529541,,
,,,,,715,,,,,,,,,,,,0.2977434992790222,,
,,,,,716,,,,,,,,,,,,0.42579445242881775,,
,,,,,717,,,,,,,,,,,,0.8209164142608643,,
,,,,,718,,,,,,,,,,,,0.4249062240123749,,
,,,,,719,,,,,,,,,,,,1.858032464981079,,
,,,,,720,,,,,,,,,,,,1.3856923580169678,,
,,,,,721,,,,,,,,,,,,0.29257887601852417,,
,,,,,722,,,,,,,,,,,,0.2794642448425293,,
,,,,,723,,,,,,,,,,,,0.5126775503158569,,
,,,,,724,,,,,,,,,,,,0.441977322101593,,
,,,,,725,,,,,,,,,,,,0.504993200302124,,
,,,,,726,,,,,,,,,,,,0.6448084115982056,,
,,,,,727,,,,,,,,,,,,0.6608983874320984,,
,,,,,728,,,,,,,,,,,,0.9701220393180847,,
,,,,,729,,,,,,,,,,,,1.1533788442611694,,
11,,,,,3239,,,,,,,,0.7717859148979187,0.35241442918777466,0.35241442918777466,0.7930305600166321,,0.23086386919021606,0.7930305600166321
11,,0.0782022476196289,0.10831952095031738,0.16245312988758087,3239,0.0017504929564893246,0.43879157304763794,0.43879157304763794,0.5545593500137329,,0.3007892370223999,0.5528092384338379,,,,,,,
,0.0002959989895872009,,,,3240,,,,,,,,,,,,,,
12,,,,,3249,,,,,0.2369159758090973,,,,,,,,,
12,,,,,3259,,,,,0.8151251673698425,,,,,,,,,
12,,,,,3269,,,,,0.4018915891647339,,,,,,,,,
12,,,,,3279,,,,,0.2928827106952667,,,,,,,,,
12,,,,,3289,,,,,0.31863054633140564,,,,,,,,,
12,,,,,3299,,,,,0.9569910168647766,,,,,,,,,
12,,,,,3309,,,,,0.2036300003528595,,,,,,,,,
12,,,,,3319,,,,,0.9427189230918884,,,,,,,,,
12,,,,,3329,,,,,0.27758893370628357,,,,,,,,,
12,,,,,3339,,,,,0.37743234634399414,,,,,,,,,
12,,,,,3349,,,,,0.567996621131897,,,,,,,,,
12,,,,,3359,,,,,0.6708034873008728,,,,,,,,,
12,,,,,3369,,,,,0.5813409686088562,,,,,,,,,
12,,,,,3379,,,,,0.44195398688316345,,,,,,,,,
12,,,,,3389,,,,,0.26301395893096924,,,,,,,,,
12,,,,,3399,,,,,0.26322904229164124,,,,,,,,,
12,,,,,3409,,,,,0.7563378214836121,,,,,,,,,
12,,,,,3419,,,,,1.0772457122802734,,,,,,,,,
12,,,,,3429,,,,,0.22642521560192108,,,,,,,,,
12,,,,,3439,,,,,0.1735236644744873,,,,,,,,,
12,,,,,3449,,,,,0.8401554822921753,,,,,,,,,
12,,,,,3459,,,,,0.9944838881492615,,,,,,,,,
12,,,,,3469,,,,,0.9489064812660217,,,,,,,,,
12,,,,,3479,,,,,0.24898815155029297,,,,,,,,,
12,,,,,3489,,,,,0.7213776111602783,,,,,,,,,
12,,,,,3499,,,,,0.3253761827945709,,,,,,,,,
12,,,,,3509,,,,,0.25077033042907715,,,,,,,,,
,,,,,730,,,,,,,,,,,,0.16165322065353394,,
,,,,,731,,,,,,,,,,,,0.4468539357185364,,
,,,,,732,,,,,,,,,,,,0.3671300411224365,,
,,,,,733,,,,,,,,,,,,0.4933610260486603,,
,,,,,734,,,,,,,,,,,,0.7299019694328308,,
,,,,,735,,,,,,,,,,,,0.7509921789169312,,
,,,,,736,,,,,,,,,,,,0.660309910774231,,
,,,,,737,,,,,,,,,,,,0.7221550941467285,,
,,,,,738,,,,,,,,,,,,0.4622756838798523,,
,,,,,739,,,,,,,,,,,,0.13510026037693024,,
,,,,,740,,,,,,,,,,,,0.1944580227136612,,
,,,,,741,,,,,,,,,,,,0.22568665444850922,,
,,,,,742,,,,,,,,,,,,0.2376893162727356,,
,,,,,743,,,,,,,,,,,,0.37127023935317993,,
,,,,,744,,,,,,,,,,,,0.8819615244865417,,
,,,,,745,,,,,,,,,,,,0.5654098987579346,,
,,,,,746,,,,,,,,,,,,0.49863284826278687,,
,,,,,747,,,,,,,,,,,,0.5156785249710083,,
,,,,,748,,,,,,,,,,,,0.45326003432273865,,
,,,,,749,,,,,,,,,,,,0.5526162385940552,,
,,,,,750,,,,,,,,,,,,0.45457714796066284,,
,,,,,751,,,,,,,,,,,,0.4697810709476471,,
,,,,,752,,,,,,,,,,,,0.4666866958141327,,
,,,,,753,,,,,,,,,,,,0.6236380934715271,,
,,,,,754,,,,,,,,,,,,0.4314056634902954,,
,,,,,755,,,,,,,,,,,,0.7571703195571899,,
,,,,,756,,,,,,,,,,,,0.3686763644218445,,
,,,,,757,,,,,,,,,,,,0.43756335973739624,,
,,,,,758,,,,,,,,,,,,0.7926797270774841,,
,,,,,759,,,,,,,,,,,,0.8207997679710388,,
,,,,,760,,,,,,,,,,,,0.9837415218353271,,
,,,,,761,,,,,,,,,,,,1.9836065769195557,,
,,,,,762,,,,,,,,,,,,0.4421465992927551,,
,,,,,763,,,,,,,,,,,,0.2796778976917267,,
,,,,,764,,,,,,,,,,,,0.4703792929649353,,
,,,,,765,,,,,,,,,,,,1.0336833000183105,,
,,,,,766,,,,,,,,,,,,2.9042844772338867,,
,,,,,767,,,,,,,,,,,,0.6451812982559204,,
,,,,,768,,,,,,,,,,,,0.48086845874786377,,
,,,,,769,,,,,,,,,,,,1.3102529048919678,,
,,,,,770,,,,,,,,,,,,1.4659698009490967,,
,,,,,771,,,,,,,,,,,,1.431687355041504,,
,,,,,772,,,,,,,,,,,,0.8621950149536133,,
,,,,,773,,,,,,,,,,,,1.0254508256912231,,
,,,,,774,,,,,,,,,,,,0.025643080472946167,,
,,,,,775,,,,,,,,,,,,0.053451500833034515,,
,,,,,776,,,,,,,,,,,,0.12688834965229034,,
,,,,,777,,,,,,,,,,,,0.33707696199417114,,
,,,,,778,,,,,,,,,,,,0.6912599802017212,,
,,,,,779,,,,,,,,,,,,0.2729259431362152,,
,,,,,780,,,,,,,,,,,,1.5630412101745605,,
,,,,,781,,,,,,,,,,,,1.0201010704040527,,
,,,,,782,,,,,,,,,,,,0.20379363000392914,,
,,,,,783,,,,,,,,,,,,0.5908951163291931,,
,,,,,784,,,,,,,,,,,,1.360398769378662,,
,,,,,785,,,,,,,,,,,,0.9027993679046631,,
,,,,,786,,,,,,,,,,,,0.8324477076530457,,
,,,,,787,,,,,,,,,,,,1.3954166173934937,,
,,,,,788,,,,,,,,,,,,2.3405213356018066,,
,,,,,789,,,,,,,,,,,,2.113722801208496,,
,,,,,790,,,,,,,,,,,,1.293249487876892,,
12,,,,,3509,,,,,,,,0.760798454284668,0.41093939542770386,0.41093939542770386,0.7457727193832397,,0.3176506459712982,0.7457727193832397
12,,0.07598116248846054,0.10381278395652771,0.1580352485179901,3509,0.0017159362323582172,0.4291073679924011,0.4291073679924011,0.5350777506828308,,0.26947492361068726,0.5333618521690369,,,,,,,
,0.0002947813365416023,,,,3510,,,,,,,,,,,,,,
13,,,,,3519,,,,,0.807370126247406,,,,,,,,,
13,,,,,3529,,,,,0.24569736421108246,,,,,,,,,
13,,,,,3539,,,,,0.7461599111557007,,,,,,,,,
13,,,,,3549,,,,,0.17736409604549408,,,,,,,,,
13,,,,,3559,,,,,0.21595649421215057,,,,,,,,,
13,,,,,3569,,,,,0.20841722190380096,,,,,,,,,
13,,,,,3579,,,,,0.9497992992401123,,,,,,,,,
13,,,,,3589,,,,,0.2817454934120178,,,,,,,,,
13,,,,,3599,,,,,0.2859303951263428,,,,,,,,,
13,,,,,3609,,,,,0.20887118577957153,,,,,,,,,
13,,,,,3619,,,,,0.24126434326171875,,,,,,,,,
13,,,,,3629,,,,,1.2126421928405762,,,,,,,,,
13,,,,,3639,,,,,0.7494329810142517,,,,,,,,,
13,,,,,3649,,,,,1.001777172088623,,,,,,,,,
13,,,,,3659,,,,,0.45012179017066956,,,,,,,,,
13,,,,,3669,,,,,0.29186123609542847,,,,,,,,,
13,,,,,3679,,,,,0.1835372895002365,,,,,,,,,
13,,,,,3689,,,,,0.5376092195510864,,,,,,,,,
13,,,,,3699,,,,,0.8119838237762451,,,,,,,,,
13,,,,,3709,,,,,0.8448888063430786,,,,,,,,,
13,,,,,3719,,,,,0.22103485465049744,,,,,,,,,
13,,,,,3729,,,,,0.2722184658050537,,,,,,,,,
13,,,,,3739,,,,,0.2703113257884979,,,,,,,,,
13,,,,,3749,,,,,0.1693120300769806,,,,,,,,,
13,,,,,3759,,,,,0.19752922654151917,,,,,,,,,
13,,,,,3769,,,,,0.3702624440193176,,,,,,,,,
13,,,,,3779,,,,,1.0292950868606567,,,,,,,,,
,,,,,791,,,,,,,,,,,,0.035991422832012177,,
,,,,,792,,,,,,,,,,,,0.07202407717704773,,
,,,,,793,,,,,,,,,,,,0.12970182299613953,,
,,,,,794,,,,,,,,,,,,0.26035696268081665,,
,,,,,795,,,,,,,,,,,,0.4983126223087311,,
,,,,,796,,,,,,,,,,,,0.5849295854568481,,
,,,,,797,,,,,,,,,,,,0.5212757587432861,,
,,,,,798,,,,,,,,,,,,0.5908845663070679,,
,,,,,799,,,,,,,,,,,,0.25671184062957764,,
,,,,,800,,,,,,,,,,,,0.05367805063724518,,
,,,,,801,,,,,,,,,,,,0.12982136011123657,,
,,,,,802,,,,,,,,,,,,0.15820100903511047,,
,,,,,803,,,,,,,,,,,,0.12694254517555237,,
,,,,,804,,,,,,,,,,,,0.2302129566669464,,
,,,,,805,,,,,,,,,,,,0.6264940500259399,,
,,,,,806,,,,,,,,,,,,0.3039376139640808,,
,,,,,807,,,,,,,,,,,,0.2702677547931671,,
,,,,,808,,,,,,,,,,,,0.2504833936691284,,
,,,,,809,,,,,,,,,,,,0.162520170211792,,
,,,,,810,,,,,,,,,,,,0.31019076704978943,,
,,,,,811,,,,,,,,,,,,0.34256511926651,,
,,,,,812,,,,,,,,,,,,0.23244307935237885,,
,,,,,813,,,,,,,,,,,,0.14255347847938538,,
,,,,,814,,,,,,,,,,,,0.14882038533687592,,
,,,,,815,,,,,,,,,,,,0.12858420610427856,,
,,,,,816,,,,,,,,,,,,0.2781287729740143,,
,,,,,817,,,,,,,,,,,,0.14450770616531372,,
,,,,,818,,,,,,,,,,,,0.14345599710941315,,
,,,,,819,,,,,,,,,,,,0.3679986596107483,,
,,,,,820,,,,,,,,,,,,0.47078657150268555,,
,,,,,821,,,,,,,,,,,,0.6047950387001038,,
,,,,,822,,,,,,,,,,,,0.8423802256584167,,
,,,,,823,,,,,,,,,,,,0.3892397880554199,,
,,,,,824,,,,,,,,,,,,0.18247832357883453,,
,,,,,825,,,,,,,,,,,,0.3402329385280609,,
,,,,,826,,,,,,,,,,,,0.678589403629303,,
,,,,,827,,,,,,,,,,,,1.7415584325790405,,
,,,,,828,,,,,,,,,,,,0.5402845144271851,,
,,,,,829,,,,,,,,,,,,0.25737833976745605,,
,,,,,830,,,,,,,,,,,,0.5296869277954102,,
,,,,,831,,,,,,,,,,,,0.481680691242218,,
,,,,,832,,,,,,,,,,,,0.6988651156425476,,
,,,,,833,,,,,,,,,,,,0.6518718600273132,,
,,,,,834,,,,,,,,,,,,0.6010106801986694,,
,,,,,835,,,,,,,,,,,,0.4378741681575775,,
,,,,,836,,,,,,,,,,,,1.1725304126739502,,
,,,,,837,,,,,,,,,,,,2.1329152584075928,,
,,,,,838,,,,,,,,,,,,2.742433547973633,,
,,,,,839,,,,,,,,,,,,4.689323902130127,,
,,,,,840,,,,,,,,,,,,2.7347512245178223,,
,,,,,841,,,,,,,,,,,,4.493174076080322,,
,,,,,842,,,,,,,,,,,,3.979951858520508,,
,,,,,843,,,,,,,,,,,,1.77994966506958,,
,,,,,844,,,,,,,,,,,,1.802114725112915,,
,,,,,845,,,,,,,,,,,,2.9826011657714844,,
,,,,,846,,,,,,,,,,,,2.785200834274292,,
,,,,,847,,,,,,,,,,,,3.193201780319214,,
,,,,,848,,,,,,,,,,,,3.7667086124420166,,
,,,,,849,,,,,,,,,,,,4.027220726013184,,
,,,,,850,,,,,,,,,,,,4.267158508300781,,
,,,,,851,,,,,,,,,,,,3.947194814682007,,
13,,,,,3779,,,,,,,,0.743735671043396,0.4924945533275604,0.4924945533275604,1.105690836906433,,0.32625776529312134,1.105690836906433
13,,0.07323668897151947,0.09952982515096664,0.1529209464788437,3779,0.0016774052055552602,0.4473479390144348,0.4473479390144348,0.5006712675094604,,0.2886916399002075,0.49899381399154663,,,,,,,
,0.0002934053672301536,,,,3780,,,,,,,,,,,,,,
14,,,,,3789,,,,,0.9398830533027649,,,,,,,,,
14,,,,,3799,,,,,0.1779322475194931,,,,,,,,,
14,,,,,3809,,,,,0.22677187621593475,,,,,,,,,
14,,,,,3819,,,,,0.16647565364837646,,,,,,,,,
14,,,,,3829,,,,,0.91261225938797,,,,,,,,,
14,,,,,3839,,,,,1.1210509538650513,,,,,,,,,
14,,,,,3849,,,,,0.9360395669937134,,,,,,,,,
14,,,,,3859,,,,,1.1255278587341309,,,,,,,,,
14,,,,,3869,,,,,0.8120644688606262,,,,,,,,,
14,,,,,3879,,,,,0.2523743808269501,,,,,,,,,
14,,,,,3889,,,,,0.9525678753852844,,,,,,,,,
14,,,,,3899,,,,,0.8264661431312561,,,,,,,,,
14,,,,,3909,,,,,0.2249671369791031,,,,,,,,,
14,,,,,3919,,,,,0.7600621581077576,,,,,,,,,
14,,,,,3929,,,,,0.2198275774717331,,,,,,,,,
14,,,,,3939,,,,,0.6879068613052368,,,,,,,,,
14,,,,,3949,,,,,0.8342601656913757,,,,,,,,,
14,,,,,3959,,,,,1.0358474254608154,,,,,,,,,
14,,,,,3969,,,,,0.2901671230792999,,,,,,,,,
14,,,,,3979,,,,,0.21875202655792236,,,,,,,,,
14,,,,,3989,,,,,0.18269024789333344,,,,,,,,,
14,,,,,3999,,,,,0.5234050154685974,,,,,,,,,
14,,,,,4009,,,,,0.21042416989803314,,,,,,,,,
14,,,,,4019,,,,,0.21155720949172974,,,,,,,,,
14,,,,,4029,,,,,0.20228144526481628,,,,,,,,,
14,,,,,4039,,,,,0.3446896970272064,,,,,,,,,
14,,,,,4049,,,,,0.80579674243927,,,,,,,,,
,,,,,852,,,,,,,,,,,,0.06774450093507767,,
,,,,,853,,,,,,,,,,,,0.1200634092092514,,
,,,,,854,,,,,,,,,,,,0.16619497537612915,,
,,,,,855,,,,,,,,,,,,0.28834688663482666,,
,,,,,856,,,,,,,,,,,,0.5154572129249573,,
,,,,,857,,,,,,,,,,,,0.5870805978775024,,
,,,,,858,,,,,,,,,,,,0.5032855272293091,,
,,,,,859,,,,,,,,,,,,0.572642982006073,,
,,,,,860,,,,,,,,,,,,0.28390300273895264,,
,,,,,861,,,,,,,,,,,,0.06115582585334778,,
,,,,,862,,,,,,,,,,,,0.09313763678073883,,
,,,,,863,,,,,,,,,,,,0.16784802079200745,,
,,,,,864,,,,,,,,,,,,0.16794994473457336,,
,,,,,865,,,,,,,,,,,,0.3234509825706482,,
,,,,,866,,,,,,,,,,,,0.7049849629402161,,
,,,,,867,,,,,,,,,,,,0.3396674692630768,,
,,,,,868,,,,,,,,,,,,0.23435021936893463,,
,,,,,869,,,,,,,,,,,,0.3694033920764923,,
,,,,,870,,,,,,,,,,,,0.30328822135925293,,
,,,,,871,,,,,,,,,,,,0.342651903629303,,
,,,,,872,,,,,,,,,,,,0.30681854486465454,,
,,,,,873,,,,,,,,,,,,0.316378653049469,,
,,,,,874,,,,,,,,,,,,0.3023444414138794,,
,,,,,875,,,,,,,,,,,,0.2089795470237732,,
,,,,,876,,,,,,,,,,,,0.1656149923801422,,
,,,,,877,,,,,,,,,,,,0.3164962828159332,,
,,,,,878,,,,,,,,,,,,0.23268596827983856,,
,,,,,879,,,,,,,,,,,,0.2817077338695526,,
,,,,,880,,,,,,,,,,,,0.4462360739707947,,
,,,,,881,,,,,,,,,,,,0.36564528942108154,,
,,,,,882,,,,,,,,,,,,0.4167075753211975,,
,,,,,883,,,,,,,,,,,,0.677399754524231,,
,,,,,884,,,,,,,,,,,,0.35057663917541504,,
,,,,,885,,,,,,,,,,,,0.17747154831886292,,
,,,,,886,,,,,,,,,,,,0.21224673092365265,,
,,,,,887,,,,,,,,,,,,0.5504361391067505,,
,,,,,888,,,,,,,,,,,,1.6066858768463135,,
,,,,,889,,,,,,,,,,,,0.38636723160743713,,
,,,,,890,,,,,,,,,,,,0.12698763608932495,,
,,,,,891,,,,,,,,,,,,0.40183812379837036,,
,,,,,892,,,,,,,,,,,,0.33520835638046265,,
,,,,,893,,,,,,,,,,,,0.46867334842681885,,
,,,,,894,,,,,,,,,,,,0.4303090572357178,,
,,,,,895,,,,,,,,,,,,0.5765145421028137,,
,,,,,896,,,,,,,,,,,,0.7253865003585815,,
,,,,,897,,,,,,,,,,,,1.2236567735671997,,
,,,,,898,,,,,,,,,,,,2.114100933074951,,
,,,,,899,,,,,,,,,,,,2.865736484527588,,
,,,,,900,,,,,,,,,,,,5.06219482421875,,
,,,,,901,,,,,,,,,,,,2.808218479156494,,
,,,,,902,,,,,,,,,,,,5.407454013824463,,
,,,,,903,,,,,,,,,,,,4.7104597091674805,,
,,,,,904,,,,,,,,,,,,2.31756591796875,,
,,,,,905,,,,,,,,,,,,2.445136785507202,,
,,,,,906,,,,,,,,,,,,4.723060131072998,,
,,,,,907,,,,,,,,,,,,4.179033279418945,,
,,,,,908,,,,,,,,,,,,4.41959285736084,,
,,,,,909,,,,,,,,,,,,4.872434616088867,,
,,,,,910,,,,,,,,,,,,4.475432395935059,,
,,,,,911,,,,,,,,,,,,4.469386100769043,,
,,,,,912,,,,,,,,,,,,3.9155116081237793,,
14,,,,,4049,,,,,,,,0.7270791530609131,0.42356693744659424,0.42356693744659424,1.2558573484420776,,0.2694426476955414,1.2558573484420776
14,,0.07092874497175217,0.0955514907836914,0.14868341386318207,4049,0.0016435603611171246,0.4535779356956482,0.4535779356956482,0.4948967397212982,,0.2961781322956085,0.49325308203697205,,,,,,,
,0.00029187258625509513,,,,4050,,,,,,,,,,,,,,
15,,,,,4059,,,,,0.5578768849372864,,,,,,,,,
15,,,,,4069,,,,,0.9518058896064758,,,,,,,,,
15,,,,,4079,,,,,0.5391759872436523,,,,,,,,,
15,,,,,4089,,,,,0.16045108437538147,,,,,,,,,
15,,,,,4099,,,,,0.841304361820221,,,,,,,,,
15,,,,,4109,,,,,0.4636429250240326,,,,,,,,,
15,,,,,4119,,,,,1.0096712112426758,,,,,,,,,
15,,,,,4129,,,,,0.838202953338623,,,,,,,,,
15,,,,,4139,,,,,0.8884637355804443,,,,,,,,,
15,,,,,4149,,,,,0.584475040435791,,,,,,,,,
15,,,,,4159,,,,,0.44081154465675354,,,,,,,,,
15,,,,,4169,,,,,0.21990104019641876,,,,,,,,,
15,,,,,4179,,,,,0.32097941637039185,,,,,,,,,
15,,,,,4189,,,,,1.0098564624786377,,,,,,,,,
15,,,,,4199,,,,,1.0591681003570557,,,,,,,,,
15,,,,,4209,,,,,0.6826624870300293,,,,,,,,,
15,,,,,4219,,,,,0.41343221068382263,,,,,,,,,
15,,,,,4229,,,,,0.28083857893943787,,,,,,,,,
15,,,,,4239,,,,,0.6778452396392822,,,,,,,,,
15,,,,,4249,,,,,0.8177586793899536,,,,,,,,,
15,,,,,4259,,,,,0.6482085585594177,,,,,,,,,
15,,,,,4269,,,,,0.9189519286155701,,,,,,,,,
15,,,,,4279,,,,,0.20445071160793304,,,,,,,,,
15,,,,,4289,,,,,0.49470973014831543,,,,,,,,,
15,,,,,4299,,,,,0.9658886790275574,,,,,,,,,
15,,,,,4309,,,,,0.21518874168395996,,,,,,,,,
15,,,,,4319,,,,,0.8232924342155457,,,,,,,,,
,,,,,913,,,,,,,,,,,,0.11827555298805237,,
,,,,,914,,,,,,,,,,,,0.2523738741874695,,
,,,,,915,,,,,,,,,,,,0.2647351026535034,,
,,,,,916,,,,,,,,,,,,0.38488686084747314,,
,,,,,917,,,,,,,,,,,,0.6071243286132812,,
,,,,,918,,,,,,,,,,,,0.6837441325187683,,
,,,,,919,,,,,,,,,,,,0.6029127240180969,,
,,,,,920,,,,,,,,,,,,0.6772538423538208,,
,,,,,921,,,,,,,,,,,,0.3983357846736908,,
,,,,,922,,,,,,,,,,,,0.12403448671102524,,
,,,,,923,,,,,,,,,,,,0.24407294392585754,,
,,,,,924,,,,,,,,,,,,0.31215590238571167,,
,,,,,925,,,,,,,,,,,,0.24742743372917175,,
,,,,,926,,,,,,,,,,,,0.3726241886615753,,
,,,,,927,,,,,,,,,,,,0.8280017375946045,,
,,,,,928,,,,,,,,,,,,0.4632008671760559,,
,,,,,929,,,,,,,,,,,,0.43573254346847534,,
,,,,,930,,,,,,,,,,,,0.4487806558609009,,
,,,,,931,,,,,,,,,,,,0.3442403972148895,,
,,,,,932,,,,,,,,,,,,0.4704233407974243,,
,,,,,933,,,,,,,,,,,,0.3930532932281494,,
,,,,,934,,,,,,,,,,,,0.39177870750427246,,
,,,,,935,,,,,,,,,,,,0.39022302627563477,,
,,,,,936,,,,,,,,,,,,0.3707680106163025,,
,,,,,937,,,,,,,,,,,,0.27679702639579773,,
,,,,,938,,,,,,,,,,,,0.5181713104248047,,
,,,,,939,,,,,,,,,,,,0.253140926361084,,
,,,,,940,,,,,,,,,,,,0.3210080862045288,,
,,,,,941,,,,,,,,,,,,0.6628222465515137,,
,,,,,942,,,,,,,,,,,,0.7891900539398193,,
,,,,,943,,,,,,,,,,,,0.8726749420166016,,
,,,,,944,,,,,,,,,,,,1.5022532939910889,,
,,,,,945,,,,,,,,,,,,0.5428371429443359,,
,,,,,946,,,,,,,,,,,,0.261808305978775,,
,,,,,947,,,,,,,,,,,,0.43021076917648315,,
,,,,,948,,,,,,,,,,,,0.9089288711547852,,
,,,,,949,,,,,,,,,,,,2.388334035873413,,
,,,,,950,,,,,,,,,,,,0.7304505109786987,,
,,,,,951,,,,,,,,,,,,0.3046550154685974,,
,,,,,952,,,,,,,,,,,,0.8131019473075867,,
,,,,,953,,,,,,,,,,,,0.9581038951873779,,
,,,,,954,,,,,,,,,,,,1.1540191173553467,,
,,,,,955,,,,,,,,,,,,0.8628479242324829,,
,,,,,956,,,,,,,,,,,,0.622870683670044,,
,,,,,957,,,,,,,,,,,,0.1100580170750618,,
,,,,,958,,,,,,,,,,,,0.2292635440826416,,
,,,,,959,,,,,,,,,,,,0.5807895660400391,,
,,,,,960,,,,,,,,,,,,0.8503421545028687,,
,,,,,961,,,,,,,,,,,,1.7440426349639893,,
,,,,,962,,,,,,,,,,,,1.0422003269195557,,
,,,,,963,,,,,,,,,,,,3.7426960468292236,,
,,,,,964,,,,,,,,,,,,3.115140438079834,,
,,,,,965,,,,,,,,,,,,1.0478647947311401,,
,,,,,966,,,,,,,,,,,,1.0364903211593628,,
,,,,,967,,,,,,,,,,,,1.855349063873291,,
,,,,,968,,,,,,,,,,,,1.3693315982818604,,
,,,,,969,,,,,,,,,,,,1.4460668563842773,,
,,,,,970,,,,,,,,,,,,1.8084306716918945,,
,,,,,971,,,,,,,,,,,,2.1075804233551025,,
,,,,,972,,,,,,,,,,,,1.9484460353851318,,
,,,,,973,,,,,,,,,,,,1.5496947765350342,,
15,,,,,4319,,,,,,,,0.7455371618270874,0.41353845596313477,0.41353845596313477,0.8292486667633057,,0.301532119512558,0.8292486667633057
15,,0.06891654431819916,0.09147350490093231,0.14466431736946106,4319,0.0016102519584819674,0.4557090401649475,0.4557090401649475,0.5244872570037842,,0.3104609549045563,0.5228769779205322,,,,,,,
,0.0002901846696899191,,,,4320,,,,,,,,,,,,,,
16,,,,,4329,,,,,0.2217329442501068,,,,,,,,,
16,,,,,4339,,,,,0.2464209347963333,,,,,,,,,
16,,,,,4349,,,,,0.9682355523109436,,,,,,,,,
16,,,,,4359,,,,,0.6926482915878296,,,,,,,,,
16,,,,,4369,,,,,0.7737352252006531,,,,,,,,,
16,,,,,4379,,,,,0.4491681456565857,,,,,,,,,
16,,,,,4389,,,,,0.9966576099395752,,,,,,,,,
16,,,,,4399,,,,,0.444681853055954,,,,,,,,,
16,,,,,4409,,,,,0.18457654118537903,,,,,,,,,
16,,,,,4419,,,,,0.44970646500587463,,,,,,,,,
16,,,,,4429,,,,,0.381878525018692,,,,,,,,,
16,,,,,4439,,,,,0.19029629230499268,,,,,,,,,
16,,,,,4449,,,,,0.5150778293609619,,,,,,,,,
16,,,,,4459,,,,,0.22899383306503296,,,,,,,,,
16,,,,,4469,,,,,0.5264133214950562,,,,,,,,,
16,,,,,4479,,,,,0.5672308206558228,,,,,,,,,
16,,,,,4489,,,,,0.18345555663108826,,,,,,,,,
16,,,,,4499,,,,,0.4700324833393097,,,,,,,,,
16,,,,,4509,,,,,0.2163371741771698,,,,,,,,,
16,,,,,4519,,,,,0.7623538374900818,,,,,,,,,
16,,,,,4529,,,,,0.8333235383033752,,,,,,,,,
16,,,,,4539,,,,,0.345475435256958,,,,,,,,,
16,,,,,4549,,,,,0.2093770056962967,,,,,,,,,
16,,,,,4559,,,,,0.21868592500686646,,,,,,,,,
16,,,,,4569,,,,,0.7628456354141235,,,,,,,,,
16,,,,,4579,,,,,0.3775908648967743,,,,,,,,,
16,,,,,4589,,,,,0.19276738166809082,,,,,,,,,
,,,,,974,,,,,,,,,,,,0.07274023443460464,,
,,,,,975,,,,,,,,,,,,0.1993677020072937,,
,,,,,976,,,,,,,,,,,,0.19022156298160553,,
,,,,,977,,,,,,,,,,,,0.29037296772003174,,
,,,,,978,,,,,,,,,,,,0.5238721370697021,,
,,,,,979,,,,,,,,,,,,0.5562565326690674,,
,,,,,980,,,,,,,,,,,,0.43168479204177856,,
,,,,,981,,,,,,,,,,,,0.514894425868988,,
,,,,,982,,,,,,,,,,,,0.2811514139175415,,
,,,,,983,,,,,,,,,,,,0.06745892763137817,,
,,,,,984,,,,,,,,,,,,0.1075376495718956,,
,,,,,985,,,,,,,,,,,,0.18244603276252747,,
,,,,,986,,,,,,,,,,,,0.15273918211460114,,
,,,,,987,,,,,,,,,,,,0.254136323928833,,
,,,,,988,,,,,,,,,,,,0.7128309011459351,,
,,,,,989,,,,,,,,,,,,0.3249026834964752,,
,,,,,990,,,,,,,,,,,,0.2236342579126358,,
,,,,,991,,,,,,,,,,,,0.292741596698761,,
,,,,,992,,,,,,,,,,,,0.19557102024555206,,
,,,,,993,,,,,,,,,,,,0.374819278717041,,
,,,,,994,,,,,,,,,,,,0.336875319480896,,
,,,,,995,,,,,,,,,,,,0.267206609249115,,
,,,,,996,,,,,,,,,,,,0.2704624831676483,,
,,,,,997,,,,,,,,,,,,0.2391476333141327,,
,,,,,998,,,,,,,,,,,,0.20062626898288727,,
,,,,,999,,,,,,,,,,,,0.40986961126327515,,
,,,,,1000,,,,,,,,,,,,0.15713682770729065,,
,,,,,1001,,,,,,,,,,,,0.21114064753055573,,
,,,,,1002,,,,,,,,,,,,0.7169377207756042,,
,,,,,1003,,,,,,,,,,,,1.2627835273742676,,
,,,,,1004,,,,,,,,,,,,1.4096720218658447,,
,,,,,1005,,,,,,,,,,,,1.9306330680847168,,
,,,,,1006,,,,,,,,,,,,1.2046716213226318,,
,,,,,1007,,,,,,,,,,,,0.4479702115058899,,
,,,,,1008,,,,,,,,,,,,0.8771980404853821,,
,,,,,1009,,,,,,,,,,,,1.4632757902145386,,
,,,,,1010,,,,,,,,,,,,3.4245800971984863,,
,,,,,1011,,,,,,,,,,,,1.5350300073623657,,
,,,,,1012,,,,,,,,,,,,0.769148588180542,,
,,,,,1013,,,,,,,,,,,,1.466035008430481,,
,,,,,1014,,,,,,,,,,,,1.060102939605713,,
,,,,,1015,,,,,,,,,,,,2.2889158725738525,,
,,,,,1016,,,,,,,,,,,,1.519333839416504,,
,,,,,1017,,,,,,,,,,,,1.2252148389816284,,
,,,,,1018,,,,,,,,,,,,0.06527496874332428,,
,,,,,1019,,,,,,,,,,,,0.1844523549079895,,
,,,,,1020,,,,,,,,,,,,0.4729185998439789,,
,,,,,1021,,,,,,,,,,,,0.6165564060211182,,
,,,,,1022,,,,,,,,,,,,1.4986728429794312,,
,,,,,1023,,,,,,,,,,,,0.5791065096855164,,
,,,,,1024,,,,,,,,,,,,2.306989908218384,,
,,,,,1025,,,,,,,,,,,,1.830895185470581,,
,,,,,1026,,,,,,,,,,,,0.5303664803504944,,
,,,,,1027,,,,,,,,,,,,0.6429473161697388,,
,,,,,1028,,,,,,,,,,,,1.1594619750976562,,
,,,,,1029,,,,,,,,,,,,0.7878420352935791,,
,,,,,1030,,,,,,,,,,,,0.9093966484069824,,
,,,,,1031,,,,,,,,,,,,1.3914427757263184,,
,,,,,1032,,,,,,,,,,,,1.7680768966674805,,
,,,,,1033,,,,,,,,,,,,1.754075288772583,,
,,,,,1034,,,,,,,,,,,,1.5176891088485718,,
16,,,,,4589,,,,,,,,0.7633106112480164,0.42519140243530273,0.42519140243530273,0.7976968884468079,,0.2770618498325348,0.7976968884468079
16,,0.06675554811954498,0.08780987560749054,0.14108550548553467,4589,0.0015793470665812492,0.4374149739742279,0.4374149739742279,0.5271298289299011,,0.27869880199432373,0.5255504846572876,,,,,,,
,0.0002883434632466077,,,,4590,,,,,,,,,,,,,,
17,,,,,4599,,,,,0.16835908591747284,,,,,,,,,
17,,,,,4609,,,,,0.9293679594993591,,,,,,,,,
17,,,,,4619,,,,,0.16889895498752594,,,,,,,,,
17,,,,,4629,,,,,0.2593017816543579,,,,,,,,,
17,,,,,4639,,,,,0.3050246834754944,,,,,,,,,
17,,,,,4649,,,,,0.6642795205116272,,,,,,,,,
17,,,,,4659,,,,,0.21816587448120117,,,,,,,,,
17,,,,,4669,,,,,0.26767203211784363,,,,,,,,,
17,,,,,4679,,,,,1.0906336307525635,,,,,,,,,
17,,,,,4689,,,,,0.26089349389076233,,,,,,,,,
17,,,,,4699,,,,,0.3136487901210785,,,,,,,,,
17,,,,,4709,,,,,0.5162843465805054,,,,,,,,,
17,,,,,4719,,,,,0.5875799059867859,,,,,,,,,
17,,,,,4729,,,,,0.2262147217988968,,,,,,,,,
17,,,,,4739,,,,,0.26401010155677795,,,,,,,,,
17,,,,,4749,,,,,0.18372072279453278,,,,,,,,,
17,,,,,4759,,,,,0.8287508487701416,,,,,,,,,
17,,,,,4769,,,,,0.9041035175323486,,,,,,,,,
17,,,,,4779,,,,,0.24546989798545837,,,,,,,,,
17,,,,,4789,,,,,0.224305659532547,,,,,,,,,
17,,,,,4799,,,,,0.20466859638690948,,,,,,,,,
17,,,,,4809,,,,,0.4137665331363678,,,,,,,,,
17,,,,,4819,,,,,0.19326883554458618,,,,,,,,,
17,,,,,4829,,,,,0.6626904010772705,,,,,,,,,
17,,,,,4839,,,,,0.19677355885505676,,,,,,,,,
17,,,,,4849,,,,,1.1118366718292236,,,,,,,,,
17,,,,,4859,,,,,1.1078243255615234,,,,,,,,,
,,,,,1035,,,,,,,,,,,,0.16490507125854492,,
,,,,,1036,,,,,,,,,,,,0.36288005113601685,,
,,,,,1037,,,,,,,,,,,,0.34132736921310425,,
,,,,,1038,,,,,,,,,,,,0.431186318397522,,
,,,,,1039,,,,,,,,,,,,0.7666900157928467,,
,,,,,1040,,,,,,,,,,,,0.9024675488471985,,
,,,,,1041,,,,,,,,,,,,0.7634837627410889,,
,,,,,1042,,,,,,,,,,,,0.9458107352256775,,
,,,,,1043,,,,,,,,,,,,0.506675124168396,,
,,,,,1044,,,,,,,,,,,,0.14190050959587097,,
,,,,,1045,,,,,,,,,,,,0.15845021605491638,,
,,,,,1046,,,,,,,,,,,,0.26679158210754395,,
,,,,,1047,,,,,,,,,,,,0.2518216371536255,,
,,,,,1048,,,,,,,,,,,,0.4129573106765747,,
,,,,,1049,,,,,,,,,,,,0.8774101734161377,,
,,,,,1050,,,,,,,,,,,,0.47263556718826294,,
,,,,,1051,,,,,,,,,,,,0.3212386965751648,,
,,,,,1052,,,,,,,,,,,,0.4661603271961212,,
,,,,,1053,,,,,,,,,,,,0.38562437891960144,,
,,,,,1054,,,,,,,,,,,,0.5648823976516724,,
,,,,,1055,,,,,,,,,,,,0.45949238538742065,,
,,,,,1056,,,,,,,,,,,,0.4108909070491791,,
,,,,,1057,,,,,,,,,,,,0.5859060883522034,,
,,,,,1058,,,,,,,,,,,,0.4155224561691284,,
,,,,,1059,,,,,,,,,,,,0.30446913838386536,,
,,,,,1060,,,,,,,,,,,,0.5335445404052734,,
,,,,,1061,,,,,,,,,,,,0.2808835506439209,,
,,,,,1062,,,,,,,,,,,,0.3902730345726013,,
,,,,,1063,,,,,,,,,,,,0.7699446678161621,,
,,,,,1064,,,,,,,,,,,,0.7538402080535889,,
,,,,,1065,,,,,,,,,,,,1.0131456851959229,,
,,,,,1066,,,,,,,,,,,,2.0424726009368896,,
,,,,,1067,,,,,,,,,,,,0.47620058059692383,,
,,,,,1068,,,,,,,,,,,,0.17163348197937012,,
,,,,,1069,,,,,,,,,,,,0.4130761921405792,,
,,,,,1070,,,,,,,,,,,,0.9561691880226135,,
,,,,,1071,,,,,,,,,,,,2.8236422538757324,,
,,,,,1072,,,,,,,,,,,,0.7106396555900574,,
,,,,,1073,,,,,,,,,,,,0.469879150390625,,
,,,,,1074,,,,,,,,,,,,1.3608819246292114,,
,,,,,1075,,,,,,,,,,,,1.2294642925262451,,
,,,,,1076,,,,,,,,,,,,1.5154707431793213,,
,,,,,1077,,,,,,,,,,,,0.8664514422416687,,
,,,,,1078,,,,,,,,,,,,0.8717244863510132,,
,,,,,1079,,,,,,,,,,,,0.03765246644616127,,
,,,,,1080,,,,,,,,,,,,0.09176938235759735,,
,,,,,1081,,,,,,,,,,,,0.2600094676017761,,
,,,,,1082,,,,,,,,,,,,0.37790125608444214,,
,,,,,1083,,,,,,,,,,,,0.9123566150665283,,
,,,,,1084,,,,,,,,,,,,0.3872993290424347,,
,,,,,1085,,,,,,,,,,,,2.5539233684539795,,
,,,,,1086,,,,,,,,,,,,1.8846921920776367,,
,,,,,1087,,,,,,,,,,,,0.5681048035621643,,
,,,,,1088,,,,,,,,,,,,0.796821117401123,,
,,,,,1089,,,,,,,,,,,,1.6356844902038574,,
,,,,,1090,,,,,,,,,,,,0.8537865877151489,,
,,,,,1091,,,,,,,,,,,,0.8542221188545227,,
,,,,,1092,,,,,,,,,,,,1.4520996809005737,,
,,,,,1093,,,,,,,,,,,,2.2485404014587402,,
,,,,,1094,,,,,,,,,,,,1.9093284606933594,,
,,,,,1095,,,,,,,,,,,,1.3378386497497559,,
17,,,,,4859,,,,,,,,0.752964198589325,0.41818439960479736,0.41818439960479736,0.7785728573799133,,0.31505563855171204,0.7785728573799133
17,,0.06485314667224884,0.0841570496559143,0.13711383938789368,4859,0.0015465302858501673,0.4643183946609497,0.4643183946609497,0.5052837133407593,,0.3135194182395935,0.503737211227417,,,,,,,
,0.00028635098025737434,,,,4860,,,,,,,,,,,,,,
18,,,,,4869,,,,,0.28194868564605713,,,,,,,,,
18,,,,,4879,,,,,0.16496779024600983,,,,,,,,,
18,,,,,4889,,,,,0.14365753531455994,,,,,,,,,
18,,,,,4899,,,,,0.15995095670223236,,,,,,,,,
18,,,,,4909,,,,,0.7824419736862183,,,,,,,,,
18,,,,,4919,,,,,0.3069433867931366,,,,,,,,,
18,,,,,4929,,,,,0.28512829542160034,,,,,,,,,
18,,,,,4939,,,,,0.20101091265678406,,,,,,,,,
18,,,,,4949,,,,,0.15264230966567993,,,,,,,,,
18,,,,,4959,,,,,0.1446394920349121,,,,,,,,,
18,,,,,4969,,,,,0.3405011296272278,,,,,,,,,
18,,,,,4979,,,,,1.3501414060592651,,,,,,,,,
18,,,,,4989,,,,,0.48663073778152466,,,,,,,,,
18,,,,,4999,,,,,1.076764702796936,,,,,,,,,
18,,,,,5009,,,,,0.6558414697647095,,,,,,,,,
18,,,,,5019,,,,,0.1757669746875763,,,,,,,,,
18,,,,,5029,,,,,0.19997870922088623,,,,,,,,,
18,,,,,5039,,,,,0.2391176074743271,,,,,,,,,
18,,,,,5049,,,,,0.178468257188797,,,,,,,,,
18,,,,,5059,,,,,0.2383805513381958,,,,,,,,,
18,,,,,5069,,,,,0.15504449605941772,,,,,,,,,
18,,,,,5079,,,,,0.17057259380817413,,,,,,,,,
18,,,,,5089,,,,,1.1900426149368286,,,,,,,,,
18,,,,,5099,,,,,0.2128734290599823,,,,,,,,,
18,,,,,5109,,,,,0.8243476748466492,,,,,,,,,
18,,,,,5119,,,,,0.9079009890556335,,,,,,,,,
18,,,,,5129,,,,,0.5873857140541077,,,,,,,,,
,,,,,1096,,,,,,,,,,,,0.050205349922180176,,
,,,,,1097,,,,,,,,,,,,0.12114694714546204,,
,,,,,1098,,,,,,,,,,,,0.13118472695350647,,
,,,,,1099,,,,,,,,,,,,0.2498675286769867,,
,,,,,1100,,,,,,,,,,,,0.4532663822174072,,
,,,,,1101,,,,,,,,,,,,0.6685642004013062,,
,,,,,1102,,,,,,,,,,,,0.561505913734436,,
,,,,,1103,,,,,,,,,,,,0.5548887252807617,,
,,,,,1104,,,,,,,,,,,,0.2592499554157257,,
,,,,,1105,,,,,,,,,,,,0.08858013898134232,,
,,,,,1106,,,,,,,,,,,,0.19929563999176025,,
,,,,,1107,,,,,,,,,,,,0.3081592917442322,,
,,,,,1108,,,,,,,,,,,,0.17717625200748444,,
,,,,,1109,,,,,,,,,,,,0.3273630738258362,,
,,,,,1110,,,,,,,,,,,,0.7570775747299194,,
,,,,,1111,,,,,,,,,,,,0.318656861782074,,
,,,,,1112,,,,,,,,,,,,0.2822529077529907,,
,,,,,1113,,,,,,,,,,,,0.2930847406387329,,
,,,,,1114,,,,,,,,,,,,0.26949018239974976,,
,,,,,1115,,,,,,,,,,,,0.28550001978874207,,
,,,,,1116,,,,,,,,,,,,0.3328414559364319,,
,,,,,1117,,,,,,,,,,,,0.27077516913414,,
,,,,,1118,,,,,,,,,,,,0.20318108797073364,,
,,,,,1119,,,,,,,,,,,,0.303361177444458,,
,,,,,1120,,,,,,,,,,,,0.19550566375255585,,
,,,,,1121,,,,,,,,,,,,0.42997485399246216,,
,,,,,1122,,,,,,,,,,,,0.1739671528339386,,
,,,,,1123,,,,,,,,,,,,0.17280292510986328,,
,,,,,1124,,,,,,,,,,,,0.6387777328491211,,
,,,,,1125,,,,,,,,,,,,1.180155873298645,,
,,,,,1126,,,,,,,,,,,,1.425471305847168,,
,,,,,1127,,,,,,,,,,,,2.1080877780914307,,
,,,,,1128,,,,,,,,,,,,1.1350867748260498,,
,,,,,1129,,,,,,,,,,,,0.5398193597793579,,
,,,,,1130,,,,,,,,,,,,0.8659288287162781,,
,,,,,1131,,,,,,,,,,,,1.4256422519683838,,
,,,,,1132,,,,,,,,,,,,3.566305637359619,,
,,,,,1133,,,,,,,,,,,,1.1823753118515015,,
,,,,,1134,,,,,,,,,,,,0.5870850682258606,,
,,,,,1135,,,,,,,,,,,,1.4363502264022827,,
,,,,,1136,,,,,,,,,,,,1.0333797931671143,,
,,,,,1137,,,,,,,,,,,,2.259176254272461,,
,,,,,1138,,,,,,,,,,,,1.3218051195144653,,
,,,,,1139,,,,,,,,,,,,1.1330606937408447,,
,,,,,1140,,,,,,,,,,,,0.14434416592121124,,
,,,,,1141,,,,,,,,,,,,0.3800711929798126,,
,,,,,1142,,,,,,,,,,,,0.9253711700439453,,
,,,,,1143,,,,,,,,,,,,1.0319445133209229,,
,,,,,1144,,,,,,,,,,,,1.9842567443847656,,
,,,,,1145,,,,,,,,,,,,1.0759648084640503,,
,,,,,1146,,,,,,,,,,,,3.6376256942749023,,
,,,,,1147,,,,,,,,,,,,3.0155935287475586,,
,,,,,1148,,,,,,,,,,,,1.1729540824890137,,
,,,,,1149,,,,,,,,,,,,0.7838289737701416,,
,,,,,1150,,,,,,,,,,,,1.1500577926635742,,
,,,,,1151,,,,,,,,,,,,0.969361424446106,,
,,,,,1152,,,,,,,,,,,,1.109073519706726,,
,,,,,1153,,,,,,,,,,,,1.472904920578003,,
,,,,,1154,,,,,,,,,,,,1.4327330589294434,,
,,,,,1155,,,,,,,,,,,,1.5638315677642822,,
,,,,,1156,,,,,,,,,,,,1.5342206954956055,,
18,,,,,5129,,,,,,,,0.7419689893722534,0.4433351755142212,0.4433351755142212,0.8796979784965515,,0.28376346826553345,0.8796979784965515
18,,0.06310884654521942,0.08105999231338501,0.13297896087169647,5129,0.0015143289929255843,0.4858623445034027,0.4858623445034027,0.4861479103565216,,0.3404994606971741,0.48463332653045654,,,,,,,
,0.0002842093994731145,,,,5130,,,,,,,,,,,,,,
19,,,,,5139,,,,,0.2544713020324707,,,,,,,,,
19,,,,,5149,,,,,1.1390607357025146,,,,,,,,,
19,,,,,5159,,,,,0.23839950561523438,,,,,,,,,
19,,,,,5169,,,,,0.1883082389831543,,,,,,,,,
19,,,,,5179,,,,,0.16710416972637177,,,,,,,,,
19,,,,,5189,,,,,0.16151957213878632,,,,,,,,,
19,,,,,5199,,,,,0.35059335827827454,,,,,,,,,
