epoch,latent/centroid_cos_sim,latent/fisher_ratio,latent/intra_class_var,latent/knn_acc,latent/silhouette,lr-AdamW/pg1,lr-AdamW/pg2,step,test/acc,test/auroc,test/f1,test/loss,test/macro_precision,test/mcc,test/micro_precision,test/recall,train/acc,train/loss_epoch,train/loss_step,val/acc,val/auroc,val/f1,val/f1_p_score,val/loss,val/macro_precision,val/mcc,val/micro_precision,val/precision_c0,val/precision_c1,val/precision_c2,val/precision_c3,val/recall
,,,,,,3.75e-05,3.75e-05,0,,,,,,,,,,,,,,,,,,,,,,,,
0,,,,,,,,19,,,,,,,,,,,1.0458697080612183,,,,,,,,,,,,,
0,,,,,,,,39,,,,,,,,,,,0.9330539107322693,,,,,,,,,,,,,
0,,,,,,,,59,,,,,,,,,,,0.7955648303031921,,,,,,,,,,,,,
0,,,,,,,,79,,,,,,,,,,,0.8621423244476318,,,,,,,,,,,,,
0,,,,,,,,99,,,,,,,,,,,0.685710072517395,,,,,,,,,,,,,
0,,,,,,,,119,,,,,,,,,,,0.6704989671707153,,,,,,,,,,,,,
0,,,,,,,,139,,,,,,,,,,,0.6140739917755127,,,,,,,,,,,,,
0,,,,,,,,159,,,,,,,,,,,0.6305152177810669,,,,,,,,,,,,,
0,,,,,,,,179,,,,,,,,,,,0.6400133371353149,,,,,,,,,,,,,
0,,,,,,,,199,,,,,,,,,,,0.497945100069046,,,,,,,,,,,,,
0,,,,,,,,219,,,,,,,,,,,0.542314350605011,,,,,,,,,,,,,
0,,,,,,,,239,,,,,,,,,,,0.5361520051956177,,,,,,,,,,,,,
0,,,,,,,,259,,,,,,,,,,,0.49694886803627014,,,,,,,,,,,,,
0,,,,,,,,279,,,,,,,,,,,0.5599005222320557,,,,,,,,,,,,,
0,,,,,,,,299,,,,,,,,,,,0.41383856534957886,,,,,,,,,,,,,
0,,,,,,,,319,,,,,,,,,,,0.4701623022556305,,,,,,,,,,,,,
0,,,,,,,,339,,,,,,,,,,,0.3747677803039551,,,,,,,,,,,,,
0,,,,,,,,359,,,,,,,,,,,0.43707066774368286,,,,,,,,,,,,,
0,,,,,,,,379,,,,,,,,,,,0.4557740092277527,,,,,,,,,,,,,
0,,,,,,,,399,,,,,,,,,,,0.3592996895313263,,,,,,,,,,,,,
0,,,,,,,,419,,,,,,,,,,,0.6310928463935852,,,,,,,,,,,,,
0,,,,,,,,439,,,,,,,,,,,0.4802320599555969,,,,,,,,,,,,,
0,,,,,,,,459,,,,,,,,,,,0.4681580066680908,,,,,,,,,,,,,
0,,,,,,,,479,,,,,,,,,,,0.3691142797470093,,,,,,,,,,,,,
0,,,,,,,,499,,,,,,,,,,,0.5950843095779419,,,,,,,,,,,,,
0,,,,,,,,519,,,,,,,,,,,0.38301247358322144,,,,,,,,,,,,,
0,,,,,,,,539,,,,,,,,,,,0.40970107913017273,,,,,,,,,,,,,
0,,,,,,,,559,,,,,,,,,,,0.38037005066871643,,,,,,,,,,,,,
0,,,,,,,,579,,,,,,,,,,,0.347734659910202,,,,,,,,,,,,,
0,,,,,,,,599,,,,,,,,,,,0.310072660446167,,,,,,,,,,,,,
0,,,,,,,,619,,,,,,,,,,,0.34284839034080505,,,,,,,,,,,,,
0,,,,,,,,639,,,,,,,,,,,0.34804779291152954,,,,,,,,,,,,,
0,,,,,,,,659,,,,,,,,,,,0.27971768379211426,,,,,,,,,,,,,
0,,,,,,,,679,,,,,,,,,,,0.32945671677589417,,,,,,,,,,,,,
0,,,,,,,,699,,,,,,,,,,,0.34764939546585083,,,,,,,,,,,,,
0,,,,,,,,719,,,,,,,,,,,0.3338961601257324,,,,,,,,,,,,,
0,,,,,,,,739,,,,,,,,,,,0.30769437551498413,,,,,,,,,,,,,
0,,,,,,,,759,,,,,,,,,,,0.3582553267478943,,,,,,,,,,,,,
0,,,,,,,,779,,,,,,,,,,,0.4852805733680725,,,,,,,,,,,,,
0,,,,,,,,799,,,,,,,,,,,0.3219137489795685,,,,,,,,,,,,,
0,,,,,,,,819,,,,,,,,,,,0.4205048978328705,,,,,,,,,,,,,
0,,,,,,,,839,,,,,,,,,,,0.3014216125011444,,,,,,,,,,,,,
0,,,,,,,,859,,,,,,,,,,,0.35191574692726135,,,,,,,,,,,,,
0,,,,,,,,879,,,,,,,,,,,0.4413524866104126,,,,,,,,,,,,,
0,,,,,,,,899,,,,,,,,,,,0.28974229097366333,,,,,,,,,,,,,
0,,,,,,,,919,,,,,,,,,,,0.28608831763267517,,,,,,,,,,,,,
0,,,,,,,,939,,,,,,,,,,,0.31151726841926575,,,,,,,,,,,,,
0,,,,,,,,959,,,,,,,,,,,0.39559996128082275,,,,,,,,,,,,,
0,,,,,,,,979,,,,,,,,,,,0.31324148178100586,,,,,,,,,,,,,
0,,,,,,,,999,,,,,,,,,,,0.3499237298965454,,,,,,,,,,,,,
0,,,,,,,,1019,,,,,,,,,,,0.3872275948524475,,,,,,,,,,,,,
0,,,,,,,,1039,,,,,,,,,,,0.26080769300460815,,,,,,,,,,,,,
0,,,,,,,,1059,,,,,,,,,,,0.2667907178401947,,,,,,,,,,,,,
0,,,,,,,,1079,,,,,,,,,,,0.31430768966674805,,,,,,,,,,,,,
0,,,,,,,,1099,,,,,,,,,,,0.2596591114997864,,,,,,,,,,,,,
0,,,,,,,,1119,,,,,,,,,,,0.3437088131904602,,,,,,,,,,,,,
0,,,,,,,,1139,,,,,,,,,,,0.3024722635746002,,,,,,,,,,,,,
0,,,,,,,,1159,,,,,,,,,,,0.28997424244880676,,,,,,,,,,,,,
0,,,,,,,,1179,,,,,,,,,,,0.3031473755836487,,,,,,,,,,,,,
0,,,,,,,,1199,,,,,,,,,,,0.30264562368392944,,,,,,,,,,,,,
0,,,,,,,,1219,,,,,,,,,,,0.29656457901000977,,,,,,,,,,,,,
0,,,,,,,,1239,,,,,,,,,,,0.35489577054977417,,,,,,,,,,,,,
0,,,,,,,,1259,,,,,,,,,,,0.19845500588417053,,,,,,,,,,,,,
0,,,,,,,,1279,,,,,,,,,,,0.38981133699417114,,,,,,,,,,,,,
0,,,,,,,,1299,,,,,,,,,,,0.23175810277462006,,,,,,,,,,,,,
0,,,,,,,,1319,,,,,,,,,,,0.427519828081131,,,,,,,,,,,,,
0,,,,,,,,1339,,,,,,,,,,,0.313095360994339,,,,,,,,,,,,,
0,,,,,,,,1359,,,,,,,,,,,0.25408437848091125,,,,,,,,,,,,,
0,,,,,,,,1379,,,,,,,,,,,0.3619734048843384,,,,,,,,,,,,,
0,,,,,,,,1399,,,,,,,,,,,0.32645028829574585,,,,,,,,,,,,,
0,,,,,,,,1419,,,,,,,,,,,0.2875027060508728,,,,,,,,,,,,,
0,,,,,,,,1439,,,,,,,,,,,0.2779691815376282,,,,,,,,,,,,,
0,,,,,,,,1459,,,,,,,,,,,0.43528199195861816,,,,,,,,,,,,,
0,,,,,,,,1479,,,,,,,,,,,0.3192415237426758,,,,,,,,,,,,,
0,,,,,,,,1499,,,,,,,,,,,0.2952432632446289,,,,,,,,,,,,,
0,,,,,,,,1519,,,,,,,,,,,0.35692843794822693,,,,,,,,,,,,,
0,,,,,,,,1539,,,,,,,,,,,0.32224351167678833,,,,,,,,,,,,,
0,,,,,,,,1559,,,,,,,,,,,0.3385975956916809,,,,,,,,,,,,,
0,,,,,,,,1579,,,,,,,,,,,0.3575836718082428,,,,,,,,,,,,,
0,,,,,,,,1599,,,,,,,,,,,0.42224979400634766,,,,,,,,,,,,,
0,,,,,,,,1619,,,,,,,,,,,0.21066588163375854,,,,,,,,,,,,,
0,,,,,,,,1639,,,,,,,,,,,0.5006274580955505,,,,,,,,,,,,,
0,,,,,,,,1659,,,,,,,,,,,0.2692299485206604,,,,,,,,,,,,,
0,,,,,,,,1679,,,,,,,,,,,0.25827622413635254,,,,,,,,,,,,,
0,,,,,,,,1699,,,,,,,,,,,0.46316176652908325,,,,,,,,,,,,,
0,,,,,,,,1719,,,,,,,,,,,0.2241235077381134,,,,,,,,,,,,,
0,,,,,,,,1739,,,,,,,,,,,0.22760947048664093,,,,,,,,,,,,,
0,,,,,,,,1740,,,,,,,,,,,,0.6384885311126709,0.8795675039291382,0.5895320773124695,0.6134322881698608,0.6620669364929199,0.637332558631897,0.48662668466567993,0.5970051884651184,0.4943438470363617,0.8368173241615295,0.8393607139587402,0.3788081705570221,0.6384885311126709
0,,,,,,,,1740,,,,,,,,,0.750424861907959,0.40200522541999817,,,,,,,,,,,,,,
,,,,,,7.5e-05,7.5e-05,1741,,,,,,,,,,,,,,,,,,,,,,,,
1,,,,,,,,1759,,,,,,,,,,,0.22054770588874817,,,,,,,,,,,,,
1,,,,,,,,1779,,,,,,,,,,,0.2727909982204437,,,,,,,,,,,,,
1,,,,,,,,1799,,,,,,,,,,,0.2159503698348999,,,,,,,,,,,,,
1,,,,,,,,1819,,,,,,,,,,,0.2656427323818207,,,,,,,,,,,,,
1,,,,,,,,1839,,,,,,,,,,,0.25946420431137085,,,,,,,,,,,,,
1,,,,,,,,1859,,,,,,,,,,,0.2555479407310486,,,,,,,,,,,,,
1,,,,,,,,1879,,,,,,,,,,,0.24936962127685547,,,,,,,,,,,,,
1,,,,,,,,1899,,,,,,,,,,,0.23816734552383423,,,,,,,,,,,,,
1,,,,,,,,1919,,,,,,,,,,,0.1794431507587433,,,,,,,,,,,,,
1,,,,,,,,1939,,,,,,,,,,,0.17330749332904816,,,,,,,,,,,,,
1,,,,,,,,1959,,,,,,,,,,,0.3496367931365967,,,,,,,,,,,,,
1,,,,,,,,1979,,,,,,,,,,,0.3113650679588318,,,,,,,,,,,,,
1,,,,,,,,1999,,,,,,,,,,,0.2588324248790741,,,,,,,,,,,,,
1,,,,,,,,2019,,,,,,,,,,,0.30857399106025696,,,,,,,,,,,,,
1,,,,,,,,2039,,,,,,,,,,,0.2645803391933441,,,,,,,,,,,,,
1,,,,,,,,2059,,,,,,,,,,,0.28562408685684204,,,,,,,,,,,,,
1,,,,,,,,2079,,,,,,,,,,,0.29007893800735474,,,,,,,,,,,,,
1,,,,,,,,2099,,,,,,,,,,,0.24503499269485474,,,,,,,,,,,,,
1,,,,,,,,2119,,,,,,,,,,,0.2972242832183838,,,,,,,,,,,,,
1,,,,,,,,2139,,,,,,,,,,,0.26097607612609863,,,,,,,,,,,,,
1,,,,,,,,2159,,,,,,,,,,,0.25005337595939636,,,,,,,,,,,,,
1,,,,,,,,2179,,,,,,,,,,,0.211562380194664,,,,,,,,,,,,,
1,,,,,,,,2199,,,,,,,,,,,0.22210948169231415,,,,,,,,,,,,,
1,,,,,,,,2219,,,,,,,,,,,0.24504916369915009,,,,,,,,,,,,,
1,,,,,,,,2239,,,,,,,,,,,0.30074071884155273,,,,,,,,,,,,,
1,,,,,,,,2259,,,,,,,,,,,0.24374735355377197,,,,,,,,,,,,,
1,,,,,,,,2279,,,,,,,,,,,0.4132891893386841,,,,,,,,,,,,,
1,,,,,,,,2299,,,,,,,,,,,0.2699489891529083,,,,,,,,,,,,,
1,,,,,,,,2319,,,,,,,,,,,0.18445920944213867,,,,,,,,,,,,,
1,,,,,,,,2339,,,,,,,,,,,0.2846899628639221,,,,,,,,,,,,,
1,,,,,,,,2359,,,,,,,,,,,0.2595875859260559,,,,,,,,,,,,,
1,,,,,,,,2379,,,,,,,,,,,0.26009565591812134,,,,,,,,,,,,,
1,,,,,,,,2399,,,,,,,,,,,0.2438143491744995,,,,,,,,,,,,,
1,,,,,,,,2419,,,,,,,,,,,0.33386629819869995,,,,,,,,,,,,,
1,,,,,,,,2439,,,,,,,,,,,0.22434300184249878,,,,,,,,,,,,,
1,,,,,,,,2459,,,,,,,,,,,0.2786754369735718,,,,,,,,,,,,,
1,,,,,,,,2479,,,,,,,,,,,0.20231413841247559,,,,,,,,,,,,,
1,,,,,,,,2499,,,,,,,,,,,0.19263039529323578,,,,,,,,,,,,,
1,,,,,,,,2519,,,,,,,,,,,0.24027788639068604,,,,,,,,,,,,,
1,,,,,,,,2539,,,,,,,,,,,0.25420713424682617,,,,,,,,,,,,,
1,,,,,,,,2559,,,,,,,,,,,0.2711256146430969,,,,,,,,,,,,,
1,,,,,,,,2579,,,,,,,,,,,0.20892494916915894,,,,,,,,,,,,,
1,,,,,,,,2599,,,,,,,,,,,0.2719650864601135,,,,,,,,,,,,,
1,,,,,,,,2619,,,,,,,,,,,0.2481955736875534,,,,,,,,,,,,,
1,,,,,,,,2639,,,,,,,,,,,0.16092635691165924,,,,,,,,,,,,,
1,,,,,,,,2659,,,,,,,,,,,0.12813648581504822,,,,,,,,,,,,,
1,,,,,,,,2679,,,,,,,,,,,0.20283810794353485,,,,,,,,,,,,,
1,,,,,,,,2699,,,,,,,,,,,0.15475881099700928,,,,,,,,,,,,,
1,,,,,,,,2719,,,,,,,,,,,0.24456575512886047,,,,,,,,,,,,,
1,,,,,,,,2739,,,,,,,,,,,0.412946879863739,,,,,,,,,,,,,
1,,,,,,,,2759,,,,,,,,,,,0.22482694685459137,,,,,,,,,,,,,
1,,,,,,,,2779,,,,,,,,,,,0.17442432045936584,,,,,,,,,,,,,
1,,,,,,,,2799,,,,,,,,,,,0.21555830538272858,,,,,,,,,,,,,
1,,,,,,,,2819,,,,,,,,,,,0.24064882099628448,,,,,,,,,,,,,
1,,,,,,,,2839,,,,,,,,,,,0.16680574417114258,,,,,,,,,,,,,
1,,,,,,,,2859,,,,,,,,,,,0.389711856842041,,,,,,,,,,,,,
1,,,,,,,,2879,,,,,,,,,,,0.24941778182983398,,,,,,,,,,,,,
1,,,,,,,,2899,,,,,,,,,,,0.1877574324607849,,,,,,,,,,,,,
1,,,,,,,,2919,,,,,,,,,,,0.2810558080673218,,,,,,,,,,,,,
1,,,,,,,,2939,,,,,,,,,,,0.3730735778808594,,,,,,,,,,,,,
1,,,,,,,,2959,,,,,,,,,,,0.18062275648117065,,,,,,,,,,,,,
1,,,,,,,,2979,,,,,,,,,,,0.339897483587265,,,,,,,,,,,,,
1,,,,,,,,2999,,,,,,,,,,,0.22123819589614868,,,,,,,,,,,,,
1,,,,,,,,3019,,,,,,,,,,,0.16118669509887695,,,,,,,,,,,,,
1,,,,,,,,3039,,,,,,,,,,,0.26362019777297974,,,,,,,,,,,,,
1,,,,,,,,3059,,,,,,,,,,,0.160157710313797,,,,,,,,,,,,,
1,,,,,,,,3079,,,,,,,,,,,0.39868199825286865,,,,,,,,,,,,,
1,,,,,,,,3099,,,,,,,,,,,0.3305947184562683,,,,,,,,,,,,,
1,,,,,,,,3119,,,,,,,,,,,0.3202154040336609,,,,,,,,,,,,,
1,,,,,,,,3139,,,,,,,,,,,0.30840152502059937,,,,,,,,,,,,,
1,,,,,,,,3159,,,,,,,,,,,0.1730508804321289,,,,,,,,,,,,,
1,,,,,,,,3179,,,,,,,,,,,0.2472371906042099,,,,,,,,,,,,,
1,,,,,,,,3199,,,,,,,,,,,0.16098296642303467,,,,,,,,,,,,,
1,,,,,,,,3219,,,,,,,,,,,0.2766158878803253,,,,,,,,,,,,,
1,,,,,,,,3239,,,,,,,,,,,0.1411748230457306,,,,,,,,,,,,,
1,,,,,,,,3259,,,,,,,,,,,0.20333975553512573,,,,,,,,,,,,,
1,,,,,,,,3279,,,,,,,,,,,0.13817209005355835,,,,,,,,,,,,,
1,,,,,,,,3299,,,,,,,,,,,0.15811988711357117,,,,,,,,,,,,,
1,,,,,,,,3319,,,,,,,,,,,0.3211078643798828,,,,,,,,,,,,,
1,,,,,,,,3339,,,,,,,,,,,0.20581161975860596,,,,,,,,,,,,,
1,,,,,,,,3359,,,,,,,,,,,0.16297903656959534,,,,,,,,,,,,,
1,,,,,,,,3379,,,,,,,,,,,0.14152228832244873,,,,,,,,,,,,,
1,,,,,,,,3399,,,,,,,,,,,0.20560340583324432,,,,,,,,,,,,,
1,,,,,,,,3419,,,,,,,,,,,0.44712549448013306,,,,,,,,,,,,,
1,,,,,,,,3439,,,,,,,,,,,0.10594523698091507,,,,,,,,,,,,,
1,,,,,,,,3459,,,,,,,,,,,0.1315990537405014,,,,,,,,,,,,,
1,,,,,,,,3479,,,,,,,,,,,0.22318030893802643,,,,,,,,,,,,,
1,0.4511267840862274,0.2830033004283905,110.2745361328125,0.8009999990463257,0.10573497414588928,,,3481,,,,,,,,,,,,0.6307141184806824,0.870750904083252,0.592208743095398,0.599448561668396,0.7222924828529358,0.606688380241394,0.47470924258232117,0.6013652086257935,0.5279924869537354,0.6514072418212891,0.8518152832984924,0.3955385088920593,0.6307141184806824
1,,,,,,,,3481,,,,,,,,,0.8355154395103455,0.26138660311698914,,,,,,,,,,,,,,
,,,,,,0.0001125,0.0001125,3482,,,,,,,,,,,,,,,,,,,,,,,,
2,,,,,,,,3499,,,,,,,,,,,0.2477557361125946,,,,,,,,,,,,,
2,,,,,,,,3519,,,,,,,,,,,0.32264381647109985,,,,,,,,,,,,,
2,,,,,,,,3539,,,,,,,,,,,0.1647493839263916,,,,,,,,,,,,,
2,,,,,,,,3559,,,,,,,,,,,0.2859542667865753,,,,,,,,,,,,,
2,,,,,,,,3579,,,,,,,,,,,0.13301563262939453,,,,,,,,,,,,,
2,,,,,,,,3599,,,,,,,,,,,0.19248661398887634,,,,,,,,,,,,,
2,,,,,,,,3619,,,,,,,,,,,0.26946040987968445,,,,,,,,,,,,,
2,,,,,,,,3639,,,,,,,,,,,0.17426222562789917,,,,,,,,,,,,,
2,,,,,,,,3659,,,,,,,,,,,0.28946784138679504,,,,,,,,,,,,,
2,,,,,,,,3679,,,,,,,,,,,0.261618971824646,,,,,,,,,,,,,
2,,,,,,,,3699,,,,,,,,,,,0.28139400482177734,,,,,,,,,,,,,
2,,,,,,,,3719,,,,,,,,,,,0.21890413761138916,,,,,,,,,,,,,
2,,,,,,,,3739,,,,,,,,,,,0.34050697088241577,,,,,,,,,,,,,
2,,,,,,,,3759,,,,,,,,,,,0.40210944414138794,,,,,,,,,,,,,
2,,,,,,,,3779,,,,,,,,,,,0.19198623299598694,,,,,,,,,,,,,
2,,,,,,,,3799,,,,,,,,,,,0.21185661852359772,,,,,,,,,,,,,
2,,,,,,,,3819,,,,,,,,,,,0.29335930943489075,,,,,,,,,,,,,
2,,,,,,,,3839,,,,,,,,,,,0.4037134647369385,,,,,,,,,,,,,
2,,,,,,,,3859,,,,,,,,,,,0.19691038131713867,,,,,,,,,,,,,
2,,,,,,,,3879,,,,,,,,,,,0.32492008805274963,,,,,,,,,,,,,
2,,,,,,,,3899,,,,,,,,,,,0.2565322816371918,,,,,,,,,,,,,
2,,,,,,,,3919,,,,,,,,,,,0.13228827714920044,,,,,,,,,,,,,
2,,,,,,,,3939,,,,,,,,,,,0.18162035942077637,,,,,,,,,,,,,
2,,,,,,,,3959,,,,,,,,,,,0.1748451292514801,,,,,,,,,,,,,
2,,,,,,,,3979,,,,,,,,,,,0.27524667978286743,,,,,,,,,,,,,
2,,,,,,,,3999,,,,,,,,,,,0.16610610485076904,,,,,,,,,,,,,
2,,,,,,,,4019,,,,,,,,,,,0.2382817268371582,,,,,,,,,,,,,
2,,,,,,,,4039,,,,,,,,,,,0.4353788197040558,,,,,,,,,,,,,
2,,,,,,,,4059,,,,,,,,,,,0.25552284717559814,,,,,,,,,,,,,
2,,,,,,,,4079,,,,,,,,,,,0.38136398792266846,,,,,,,,,,,,,
2,,,,,,,,4099,,,,,,,,,,,0.20217648148536682,,,,,,,,,,,,,
2,,,,,,,,4119,,,,,,,,,,,0.22613869607448578,,,,,,,,,,,,,
2,,,,,,,,4139,,,,,,,,,,,0.26044580340385437,,,,,,,,,,,,,
2,,,,,,,,4159,,,,,,,,,,,0.1331266164779663,,,,,,,,,,,,,
2,,,,,,,,4179,,,,,,,,,,,0.18474560976028442,,,,,,,,,,,,,
2,,,,,,,,4199,,,,,,,,,,,0.26037079095840454,,,,,,,,,,,,,
2,,,,,,,,4219,,,,,,,,,,,0.27895569801330566,,,,,,,,,,,,,
2,,,,,,,,4239,,,,,,,,,,,0.2547270357608795,,,,,,,,,,,,,
2,,,,,,,,4259,,,,,,,,,,,0.20539510250091553,,,,,,,,,,,,,
2,,,,,,,,4279,,,,,,,,,,,0.1682511866092682,,,,,,,,,,,,,
2,,,,,,,,4299,,,,,,,,,,,0.14550496637821198,,,,,,,,,,,,,
2,,,,,,,,4319,,,,,,,,,,,0.15155863761901855,,,,,,,,,,,,,
2,,,,,,,,4339,,,,,,,,,,,0.12108577787876129,,,,,,,,,,,,,
2,,,,,,,,4359,,,,,,,,,,,0.13553529977798462,,,,,,,,,,,,,
2,,,,,,,,4379,,,,,,,,,,,0.20548969507217407,,,,,,,,,,,,,
2,,,,,,,,4399,,,,,,,,,,,0.3580549359321594,,,,,,,,,,,,,
2,,,,,,,,4419,,,,,,,,,,,0.4419798254966736,,,,,,,,,,,,,
2,,,,,,,,4439,,,,,,,,,,,0.13232769072055817,,,,,,,,,,,,,
2,,,,,,,,4459,,,,,,,,,,,0.1326591670513153,,,,,,,,,,,,,
2,,,,,,,,4479,,,,,,,,,,,0.32038480043411255,,,,,,,,,,,,,
2,,,,,,,,4499,,,,,,,,,,,0.2422768771648407,,,,,,,,,,,,,
2,,,,,,,,4519,,,,,,,,,,,0.17458459734916687,,,,,,,,,,,,,
2,,,,,,,,4539,,,,,,,,,,,0.20851163566112518,,,,,,,,,,,,,
2,,,,,,,,4559,,,,,,,,,,,0.17433282732963562,,,,,,,,,,,,,
2,,,,,,,,4579,,,,,,,,,,,0.11122018843889236,,,,,,,,,,,,,
2,,,,,,,,4599,,,,,,,,,,,0.13454604148864746,,,,,,,,,,,,,
2,,,,,,,,4619,,,,,,,,,,,0.1269042193889618,,,,,,,,,,,,,
2,,,,,,,,4639,,,,,,,,,,,0.21462401747703552,,,,,,,,,,,,,
2,,,,,,,,4659,,,,,,,,,,,0.20746111869812012,,,,,,,,,,,,,
2,,,,,,,,4679,,,,,,,,,,,0.19021156430244446,,,,,,,,,,,,,
2,,,,,,,,4699,,,,,,,,,,,0.09994059801101685,,,,,,,,,,,,,
2,,,,,,,,4719,,,,,,,,,,,0.11433717608451843,,,,,,,,,,,,,
2,,,,,,,,4739,,,,,,,,,,,0.23749716579914093,,,,,,,,,,,,,
2,,,,,,,,4759,,,,,,,,,,,0.10054911673069,,,,,,,,,,,,,
2,,,,,,,,4779,,,,,,,,,,,0.3780612349510193,,,,,,,,,,,,,
2,,,,,,,,4799,,,,,,,,,,,0.3089759945869446,,,,,,,,,,,,,
2,,,,,,,,4819,,,,,,,,,,,0.15666604042053223,,,,,,,,,,,,,
2,,,,,,,,4839,,,,,,,,,,,0.11091601848602295,,,,,,,,,,,,,
2,,,,,,,,4859,,,,,,,,,,,0.3048335313796997,,,,,,,,,,,,,
2,,,,,,,,4879,,,,,,,,,,,0.13742637634277344,,,,,,,,,,,,,
2,,,,,,,,4899,,,,,,,,,,,0.512954831123352,,,,,,,,,,,,,
2,,,,,,,,4919,,,,,,,,,,,0.14148002862930298,,,,,,,,,,,,,
2,,,,,,,,4939,,,,,,,,,,,0.244800865650177,,,,,,,,,,,,,
2,,,,,,,,4959,,,,,,,,,,,0.2728596329689026,,,,,,,,,,,,,
2,,,,,,,,4979,,,,,,,,,,,0.324077308177948,,,,,,,,,,,,,
2,,,,,,,,4999,,,,,,,,,,,0.1448831558227539,,,,,,,,,,,,,
2,,,,,,,,5019,,,,,,,,,,,0.25569069385528564,,,,,,,,,,,,,
2,,,,,,,,5039,,,,,,,,,,,0.37865495681762695,,,,,,,,,,,,,
2,,,,,,,,5059,,,,,,,,,,,0.11168602108955383,,,,,,,,,,,,,
2,,,,,,,,5079,,,,,,,,,,,0.37547099590301514,,,,,,,,,,,,,
2,,,,,,,,5099,,,,,,,,,,,0.13326169550418854,,,,,,,,,,,,,
2,,,,,,,,5119,,,,,,,,,,,0.3259400427341461,,,,,,,,,,,,,
2,,,,,,,,5139,,,,,,,,,,,0.22163163125514984,,,,,,,,,,,,,
2,,,,,,,,5159,,,,,,,,,,,0.1546151041984558,,,,,,,,,,,,,
2,,,,,,,,5179,,,,,,,,,,,0.29131144285202026,,,,,,,,,,,,,
2,,,,,,,,5199,,,,,,,,,,,0.2921190857887268,,,,,,,,,,,,,
2,,,,,,,,5219,,,,,,,,,,,0.23684915900230408,,,,,,,,,,,,,
2,,,,,,,,5222,,,,,,,,,,,,0.6402554512023926,0.8726551532745361,0.6101630926132202,0.613614559173584,0.8063846826553345,0.6170660257339478,0.49293720722198486,0.6191011667251587,0.5341225862503052,0.6812348961830139,0.8107793927192688,0.4421272277832031,0.6402554512023926
2,,,,,,,,5222,,,,,,,,,0.8674685955047607,0.2120516449213028,,,,,,,,,,,,,,
,,,,,,0.00015,0.00015,5223,,,,,,,,,,,,,,,,,,,,,,,,
3,,,,,,,,5239,,,,,,,,,,,0.08589740097522736,,,,,,,,,,,,,
3,,,,,,,,5259,,,,,,,,,,,0.15568384528160095,,,,,,,,,,,,,
3,,,,,,,,5279,,,,,,,,,,,0.13179045915603638,,,,,,,,,,,,,
3,,,,,,,,5299,,,,,,,,,,,0.18409192562103271,,,,,,,,,,,,,
3,,,,,,,,5319,,,,,,,,,,,0.22624696791172028,,,,,,,,,,,,,
3,,,,,,,,5339,,,,,,,,,,,0.1628970354795456,,,,,,,,,,,,,
3,,,,,,,,5359,,,,,,,,,,,0.09714889526367188,,,,,,,,,,,,,
3,,,,,,,,5379,,,,,,,,,,,0.2719232738018036,,,,,,,,,,,,,
3,,,,,,,,5399,,,,,,,,,,,0.3378138542175293,,,,,,,,,,,,,
3,,,,,,,,5419,,,,,,,,,,,0.20579421520233154,,,,,,,,,,,,,
3,,,,,,,,5439,,,,,,,,,,,0.11952319741249084,,,,,,,,,,,,,
3,,,,,,,,5459,,,,,,,,,,,0.19092005491256714,,,,,,,,,,,,,
3,,,,,,,,5479,,,,,,,,,,,0.08512608706951141,,,,,,,,,,,,,
3,,,,,,,,5499,,,,,,,,,,,0.08280610293149948,,,,,,,,,,,,,
3,,,,,,,,5519,,,,,,,,,,,0.1856904923915863,,,,,,,,,,,,,
3,,,,,,,,5539,,,,,,,,,,,0.3855699300765991,,,,,,,,,,,,,
3,,,,,,,,5559,,,,,,,,,,,0.16287988424301147,,,,,,,,,,,,,
3,,,,,,,,5579,,,,,,,,,,,0.16594481468200684,,,,,,,,,,,,,
3,,,,,,,,5599,,,,,,,,,,,0.1158224493265152,,,,,,,,,,,,,
3,,,,,,,,5619,,,,,,,,,,,0.4317951202392578,,,,,,,,,,,,,
3,,,,,,,,5639,,,,,,,,,,,0.09421125054359436,,,,,,,,,,,,,
3,,,,,,,,5659,,,,,,,,,,,0.13485604524612427,,,,,,,,,,,,,
3,,,,,,,,5679,,,,,,,,,,,0.11740805208683014,,,,,,,,,,,,,
3,,,,,,,,5699,,,,,,,,,,,0.2370501160621643,,,,,,,,,,,,,
3,,,,,,,,5719,,,,,,,,,,,0.1273326426744461,,,,,,,,,,,,,
3,,,,,,,,5739,,,,,,,,,,,0.15020045638084412,,,,,,,,,,,,,
3,,,,,,,,5759,,,,,,,,,,,0.1647014021873474,,,,,,,,,,,,,
3,,,,,,,,5779,,,,,,,,,,,0.17149189114570618,,,,,,,,,,,,,
3,,,,,,,,5799,,,,,,,,,,,0.10176108032464981,,,,,,,,,,,,,
3,,,,,,,,5819,,,,,,,,,,,0.2410636842250824,,,,,,,,,,,,,
3,,,,,,,,5839,,,,,,,,,,,0.2051268368959427,,,,,,,,,,,,,
3,,,,,,,,5859,,,,,,,,,,,0.12184938043355942,,,,,,,,,,,,,
3,,,,,,,,5879,,,,,,,,,,,0.2025994062423706,,,,,,,,,,,,,
3,,,,,,,,5899,,,,,,,,,,,0.1412520706653595,,,,,,,,,,,,,
3,,,,,,,,5919,,,,,,,,,,,0.31951647996902466,,,,,,,,,,,,,
3,,,,,,,,5939,,,,,,,,,,,0.11800044029951096,,,,,,,,,,,,,
3,,,,,,,,5959,,,,,,,,,,,0.12084749341011047,,,,,,,,,,,,,
3,,,,,,,,5979,,,,,,,,,,,0.13163915276527405,,,,,,,,,,,,,
3,,,,,,,,5999,,,,,,,,,,,0.4085378348827362,,,,,,,,,,,,,
3,,,,,,,,6019,,,,,,,,,,,0.13202129304409027,,,,,,,,,,,,,
3,,,,,,,,6039,,,,,,,,,,,0.10587509721517563,,,,,,,,,,,,,
3,,,,,,,,6059,,,,,,,,,,,0.23752783238887787,,,,,,,,,,,,,
3,,,,,,,,6079,,,,,,,,,,,0.18635761737823486,,,,,,,,,,,,,
3,,,,,,,,6099,,,,,,,,,,,0.2545272409915924,,,,,,,,,,,,,
3,,,,,,,,6119,,,,,,,,,,,0.13892951607704163,,,,,,,,,,,,,
3,,,,,,,,6139,,,,,,,,,,,0.10933452844619751,,,,,,,,,,,,,
3,,,,,,,,6159,,,,,,,,,,,0.15680041909217834,,,,,,,,,,,,,
3,,,,,,,,6179,,,,,,,,,,,0.17944341897964478,,,,,,,,,,,,,
3,,,,,,,,6199,,,,,,,,,,,0.14189009368419647,,,,,,,,,,,,,
3,,,,,,,,6219,,,,,,,,,,,0.06836582720279694,,,,,,,,,,,,,
3,,,,,,,,6239,,,,,,,,,,,0.10254666209220886,,,,,,,,,,,,,
3,,,,,,,,6259,,,,,,,,,,,0.21606026589870453,,,,,,,,,,,,,
3,,,,,,,,6279,,,,,,,,,,,0.11588692665100098,,,,,,,,,,,,,
3,,,,,,,,6299,,,,,,,,,,,0.1118665561079979,,,,,,,,,,,,,
3,,,,,,,,6319,,,,,,,,,,,0.11654513329267502,,,,,,,,,,,,,
3,,,,,,,,6339,,,,,,,,,,,0.13170135021209717,,,,,,,,,,,,,
3,,,,,,,,6359,,,,,,,,,,,0.1271444857120514,,,,,,,,,,,,,
3,,,,,,,,6379,,,,,,,,,,,0.12101671099662781,,,,,,,,,,,,,
3,,,,,,,,6399,,,,,,,,,,,0.15224295854568481,,,,,,,,,,,,,
3,,,,,,,,6419,,,,,,,,,,,0.12231770157814026,,,,,,,,,,,,,
3,,,,,,,,6439,,,,,,,,,,,0.1946532279253006,,,,,,,,,,,,,
3,,,,,,,,6459,,,,,,,,,,,0.21686877310276031,,,,,,,,,,,,,
3,,,,,,,,6479,,,,,,,,,,,0.22708724439144135,,,,,,,,,,,,,
3,,,,,,,,6499,,,,,,,,,,,0.4340125322341919,,,,,,,,,,,,,
3,,,,,,,,6519,,,,,,,,,,,0.21421927213668823,,,,,,,,,,,,,
3,,,,,,,,6539,,,,,,,,,,,0.12114729732275009,,,,,,,,,,,,,
3,,,,,,,,6559,,,,,,,,,,,0.07497228682041168,,,,,,,,,,,,,
3,,,,,,,,6579,,,,,,,,,,,0.11611893773078918,,,,,,,,,,,,,
3,,,,,,,,6599,,,,,,,,,,,0.15614095330238342,,,,,,,,,,,,,
3,,,,,,,,6619,,,,,,,,,,,0.2632558345794678,,,,,,,,,,,,,
3,,,,,,,,6639,,,,,,,,,,,0.1653335690498352,,,,,,,,,,,,,
3,,,,,,,,6659,,,,,,,,,,,0.09386923164129257,,,,,,,,,,,,,
3,,,,,,,,6679,,,,,,,,,,,0.10770369321107864,,,,,,,,,,,,,
3,,,,,,,,6699,,,,,,,,,,,0.34286805987358093,,,,,,,,,,,,,
3,,,,,,,,6719,,,,,,,,,,,0.09071920067071915,,,,,,,,,,,,,
3,,,,,,,,6739,,,,,,,,,,,0.11812973022460938,,,,,,,,,,,,,
3,,,,,,,,6759,,,,,,,,,,,0.16608521342277527,,,,,,,,,,,,,
3,,,,,,,,6779,,,,,,,,,,,0.08867539465427399,,,,,,,,,,,,,
3,,,,,,,,6799,,,,,,,,,,,0.13401171565055847,,,,,,,,,,,,,
3,,,,,,,,6819,,,,,,,,,,,0.35968542098999023,,,,,,,,,,,,,
3,,,,,,,,6839,,,,,,,,,,,0.07692603766918182,,,,,,,,,,,,,
3,,,,,,,,6859,,,,,,,,,,,0.12199883162975311,,,,,,,,,,,,,
3,,,,,,,,6879,,,,,,,,,,,0.16526158154010773,,,,,,,,,,,,,
3,,,,,,,,6899,,,,,,,,,,,0.2875213921070099,,,,,,,,,,,,,
3,,,,,,,,6919,,,,,,,,,,,0.1650094836950302,,,,,,,,,,,,,
3,,,,,,,,6939,,,,,,,,,,,0.1368418186903,,,,,,,,,,,,,
3,,,,,,,,6959,,,,,,,,,,,0.20972497761249542,,,,,,,,,,,,,
3,0.549333393573761,0.20633330941200256,114.99147033691406,0.8109999895095825,0.09358001500368118,,,6963,,,,,,,,,,,,0.5851236581802368,0.8444966077804565,0.5622705221176147,0.577094554901123,1.012289047241211,0.5919185280799866,0.42038336396217346,0.5652225613594055,0.5232714414596558,0.5166208744049072,0.8140985369682312,0.5136832594871521,0.5851236581802368
3,,,,,,,,6963,,,,,,,,,0.8867465853691101,0.18036779761314392,,,,,,,,,,,,,,
,,,,,,0.00018749999999999998,0.00018749999999999998,6964,,,,,,,,,,,,,,,,,,,,,,,,
4,,,,,,,,6979,,,,,,,,,,,0.20673157274723053,,,,,,,,,,,,,
4,,,,,,,,6999,,,,,,,,,,,0.11579351872205734,,,,,,,,,,,,,
4,,,,,,,,7019,,,,,,,,,,,0.10237590968608856,,,,,,,,,,,,,
4,,,,,,,,7039,,,,,,,,,,,0.09459039568901062,,,,,,,,,,,,,
4,,,,,,,,7059,,,,,,,,,,,0.2713966369628906,,,,,,,,,,,,,
4,,,,,,,,7079,,,,,,,,,,,0.1726885437965393,,,,,,,,,,,,,
4,,,,,,,,7099,,,,,,,,,,,0.14875516295433044,,,,,,,,,,,,,
4,,,,,,,,7119,,,,,,,,,,,0.07937390357255936,,,,,,,,,,,,,
4,,,,,,,,7139,,,,,,,,,,,0.12890899181365967,,,,,,,,,,,,,
4,,,,,,,,7159,,,,,,,,,,,0.1383042335510254,,,,,,,,,,,,,
4,,,,,,,,7179,,,,,,,,,,,0.09992742538452148,,,,,,,,,,,,,
4,,,,,,,,7199,,,,,,,,,,,0.12544149160385132,,,,,,,,,,,,,
4,,,,,,,,7219,,,,,,,,,,,0.1067122295498848,,,,,,,,,,,,,
4,,,,,,,,7239,,,,,,,,,,,0.11140718311071396,,,,,,,,,,,,,
4,,,,,,,,7259,,,,,,,,,,,0.3811248540878296,,,,,,,,,,,,,
4,,,,,,,,7279,,,,,,,,,,,0.3787023425102234,,,,,,,,,,,,,
4,,,,,,,,7299,,,,,,,,,,,0.17893549799919128,,,,,,,,,,,,,
4,,,,,,,,7319,,,,,,,,,,,0.21146690845489502,,,,,,,,,,,,,
4,,,,,,,,7339,,,,,,,,,,,0.1102636307477951,,,,,,,,,,,,,
4,,,,,,,,7359,,,,,,,,,,,0.1067144125699997,,,,,,,,,,,,,
4,,,,,,,,7379,,,,,,,,,,,0.09266829490661621,,,,,,,,,,,,,
4,,,,,,,,7399,,,,,,,,,,,0.0841161459684372,,,,,,,,,,,,,
4,,,,,,,,7419,,,,,,,,,,,0.10585640370845795,,,,,,,,,,,,,
4,,,,,,,,7439,,,,,,,,,,,0.09137920290231705,,,,,,,,,,,,,
4,,,,,,,,7459,,,,,,,,,,,0.1350627839565277,,,,,,,,,,,,,
4,,,,,,,,7479,,,,,,,,,,,0.10319022834300995,,,,,,,,,,,,,
4,,,,,,,,7499,,,,,,,,,,,0.18586599826812744,,,,,,,,,,,,,
4,,,,,,,,7519,,,,,,,,,,,0.1767762005329132,,,,,,,,,,,,,
4,,,,,,,,7539,,,,,,,,,,,0.09019783139228821,,,,,,,,,,,,,
4,,,,,,,,7559,,,,,,,,,,,0.1043870598077774,,,,,,,,,,,,,
4,,,,,,,,7579,,,,,,,,,,,0.12472221255302429,,,,,,,,,,,,,
4,,,,,,,,7599,,,,,,,,,,,0.2277643233537674,,,,,,,,,,,,,
4,,,,,,,,7619,,,,,,,,,,,0.1788148581981659,,,,,,,,,,,,,
4,,,,,,,,7639,,,,,,,,,,,0.10186189413070679,,,,,,,,,,,,,
4,,,,,,,,7659,,,,,,,,,,,0.1024051234126091,,,,,,,,,,,,,
4,,,,,,,,7679,,,,,,,,,,,0.1620677411556244,,,,,,,,,,,,,
4,,,,,,,,7699,,,,,,,,,,,0.0833074077963829,,,,,,,,,,,,,
4,,,,,,,,7719,,,,,,,,,,,0.2976992428302765,,,,,,,,,,,,,
4,,,,,,,,7739,,,,,,,,,,,0.19616422057151794,,,,,,,,,,,,,
4,,,,,,,,7759,,,,,,,,,,,0.12633442878723145,,,,,,,,,,,,,
4,,,,,,,,7779,,,,,,,,,,,0.0882897675037384,,,,,,,,,,,,,
4,,,,,,,,7799,,,,,,,,,,,0.12266729772090912,,,,,,,,,,,,,
4,,,,,,,,7819,,,,,,,,,,,0.16477572917938232,,,,,,,,,,,,,
4,,,,,,,,7839,,,,,,,,,,,0.1316530406475067,,,,,,,,,,,,,
4,,,,,,,,7859,,,,,,,,,,,0.10994356870651245,,,,,,,,,,,,,
4,,,,,,,,7879,,,,,,,,,,,0.10987447947263718,,,,,,,,,,,,,
4,,,,,,,,7899,,,,,,,,,,,0.18798509240150452,,,,,,,,,,,,,
4,,,,,,,,7919,,,,,,,,,,,0.153801828622818,,,,,,,,,,,,,
4,,,,,,,,7939,,,,,,,,,,,0.14166520535945892,,,,,,,,,,,,,
4,,,,,,,,7959,,,,,,,,,,,0.25960004329681396,,,,,,,,,,,,,
4,,,,,,,,7979,,,,,,,,,,,0.24324318766593933,,,,,,,,,,,,,
4,,,,,,,,7999,,,,,,,,,,,0.12095226347446442,,,,,,,,,,,,,
4,,,,,,,,8019,,,,,,,,,,,0.130234956741333,,,,,,,,,,,,,
4,,,,,,,,8039,,,,,,,,,,,0.2581368684768677,,,,,,,,,,,,,
4,,,,,,,,8059,,,,,,,,,,,0.09894352406263351,,,,,,,,,,,,,
4,,,,,,,,8079,,,,,,,,,,,0.10904966294765472,,,,,,,,,,,,,
4,,,,,,,,8099,,,,,,,,,,,0.3491780161857605,,,,,,,,,,,,,
4,,,,,,,,8119,,,,,,,,,,,0.08567234873771667,,,,,,,,,,,,,
4,,,,,,,,8139,,,,,,,,,,,0.2630477547645569,,,,,,,,,,,,,
4,,,,,,,,8159,,,,,,,,,,,0.16650912165641785,,,,,,,,,,,,,
4,,,,,,,,8179,,,,,,,,,,,0.1165647804737091,,,,,,,,,,,,,
4,,,,,,,,8199,,,,,,,,,,,0.2892063856124878,,,,,,,,,,,,,
4,,,,,,,,8219,,,,,,,,,,,0.15632382035255432,,,,,,,,,,,,,
4,,,,,,,,8239,,,,,,,,,,,0.09823991358280182,,,,,,,,,,,,,
4,,,,,,,,8259,,,,,,,,,,,0.1108005940914154,,,,,,,,,,,,,
4,,,,,,,,8279,,,,,,,,,,,0.2664596438407898,,,,,,,,,,,,,
4,,,,,,,,8299,,,,,,,,,,,0.1439351737499237,,,,,,,,,,,,,
4,,,,,,,,8319,,,,,,,,,,,0.20841194689273834,,,,,,,,,,,,,
4,,,,,,,,8339,,,,,,,,,,,0.07817687094211578,,,,,,,,,,,,,
4,,,,,,,,8359,,,,,,,,,,,0.09655524790287018,,,,,,,,,,,,,
4,,,,,,,,8379,,,,,,,,,,,0.19676433503627777,,,,,,,,,,,,,
4,,,,,,,,8399,,,,,,,,,,,0.07778729498386383,,,,,,,,,,,,,
4,,,,,,,,8419,,,,,,,,,,,0.12509465217590332,,,,,,,,,,,,,
4,,,,,,,,8439,,,,,,,,,,,0.10159618407487869,,,,,,,,,,,,,
4,,,,,,,,8459,,,,,,,,,,,0.345130980014801,,,,,,,,,,,,,
4,,,,,,,,8479,,,,,,,,,,,0.1965952217578888,,,,,,,,,,,,,
4,,,,,,,,8499,,,,,,,,,,,0.11635880917310715,,,,,,,,,,,,,
4,,,,,,,,8519,,,,,,,,,,,0.06635549664497375,,,,,,,,,,,,,
4,,,,,,,,8539,,,,,,,,,,,0.09857267141342163,,,,,,,,,,,,,
4,,,,,,,,8559,,,,,,,,,,,0.08841467648744583,,,,,,,,,,,,,
4,,,,,,,,8579,,,,,,,,,,,0.2707977592945099,,,,,,,,,,,,,
4,,,,,,,,8599,,,,,,,,,,,0.08305775374174118,,,,,,,,,,,,,
4,,,,,,,,8619,,,,,,,,,,,0.11785078048706055,,,,,,,,,,,,,
4,,,,,,,,8639,,,,,,,,,,,0.17061752080917358,,,,,,,,,,,,,
4,,,,,,,,8659,,,,,,,,,,,0.09188130497932434,,,,,,,,,,,,,
4,,,,,,,,8679,,,,,,,,,,,0.1206483542919159,,,,,,,,,,,,,
4,,,,,,,,8699,,,,,,,,,,,0.05470750480890274,,,,,,,,,,,,,
4,,,,,,,,8704,,,,,,,,,,,,0.644304633140564,0.8704025745391846,0.6288856863975525,0.6271743178367615,0.8324243426322937,0.6254629492759705,0.5105646848678589,0.6407039165496826,0.5642330646514893,0.6771045923233032,0.7615959048271179,0.49891820549964905,0.644304633140564
4,,,,,,,,8704,,,,,,,,,0.9044008255004883,0.15360523760318756,,,,,,,,,,,,,,
,,,,,,0.000225,0.000225,8705,,,,,,,,,,,,,,,,,,,,,,,,
5,,,,,,,,8719,,,,,,,,,,,0.09535392373800278,,,,,,,,,,,,,
5,,,,,,,,8739,,,,,,,,,,,0.07516199350357056,,,,,,,,,,,,,
5,,,,,,,,8759,,,,,,,,,,,0.12548261880874634,,,,,,,,,,,,,
5,,,,,,,,8779,,,,,,,,,,,0.13197170197963715,,,,,,,,,,,,,
5,,,,,,,,8799,,,,,,,,,,,0.07896428555250168,,,,,,,,,,,,,
5,,,,,,,,8819,,,,,,,,,,,0.07052908837795258,,,,,,,,,,,,,
5,,,,,,,,8839,,,,,,,,,,,0.08487829566001892,,,,,,,,,,,,,
5,,,,,,,,8859,,,,,,,,,,,0.08499105274677277,,,,,,,,,,,,,
5,,,,,,,,8879,,,,,,,,,,,0.21006548404693604,,,,,,,,,,,,,
5,,,,,,,,8899,,,,,,,,,,,0.5066360831260681,,,,,,,,,,,,,
5,,,,,,,,8919,,,,,,,,,,,0.1498827040195465,,,,,,,,,,,,,
5,,,,,,,,8939,,,,,,,,,,,0.054702334105968475,,,,,,,,,,,,,
5,,,,,,,,8959,,,,,,,,,,,0.10212768614292145,,,,,,,,,,,,,
5,,,,,,,,8979,,,,,,,,,,,0.2848260700702667,,,,,,,,,,,,,
5,,,,,,,,8999,,,,,,,,,,,0.08505453169345856,,,,,,,,,,,,,
5,,,,,,,,9019,,,,,,,,,,,0.0932292714715004,,,,,,,,,,,,,
5,,,,,,,,9039,,,,,,,,,,,0.19007673859596252,,,,,,,,,,,,,
5,,,,,,,,9059,,,,,,,,,,,0.09795974940061569,,,,,,,,,,,,,
5,,,,,,,,9079,,,,,,,,,,,0.06574492156505585,,,,,,,,,,,,,
5,,,,,,,,9099,,,,,,,,,,,0.09843450784683228,,,,,,,,,,,,,
5,,,,,,,,9119,,,,,,,,,,,0.05804764851927757,,,,,,,,,,,,,
5,,,,,,,,9139,,,,,,,,,,,0.25054922699928284,,,,,,,,,,,,,
5,,,,,,,,9159,,,,,,,,,,,0.11937794089317322,,,,,,,,,,,,,
5,,,,,,,,9179,,,,,,,,,,,0.14666038751602173,,,,,,,,,,,,,
5,,,,,,,,9199,,,,,,,,,,,0.2819022536277771,,,,,,,,,,,,,
5,,,,,,,,9219,,,,,,,,,,,0.12186159193515778,,,,,,,,,,,,,
5,,,,,,,,9239,,,,,,,,,,,0.12250615656375885,,,,,,,,,,,,,
5,,,,,,,,9259,,,,,,,,,,,0.11785739660263062,,,,,,,,,,,,,
5,,,,,,,,9279,,,,,,,,,,,0.03912324830889702,,,,,,,,,,,,,
5,,,,,,,,9299,,,,,,,,,,,0.11069770157337189,,,,,,,,,,,,,
5,,,,,,,,9319,,,,,,,,,,,0.10131785273551941,,,,,,,,,,,,,
5,,,,,,,,9339,,,,,,,,,,,0.13542014360427856,,,,,,,,,,,,,
5,,,,,,,,9359,,,,,,,,,,,0.03459562733769417,,,,,,,,,,,,,
5,,,,,,,,9379,,,,,,,,,,,0.05729001387953758,,,,,,,,,,,,,
5,,,,,,,,9399,,,,,,,,,,,0.0839073657989502,,,,,,,,,,,,,
5,,,,,,,,9419,,,,,,,,,,,0.12716516852378845,,,,,,,,,,,,,
5,,,,,,,,9439,,,,,,,,,,,0.07034173607826233,,,,,,,,,,,,,
5,,,,,,,,9459,,,,,,,,,,,0.09370113164186478,,,,,,,,,,,,,
5,,,,,,,,9479,,,,,,,,,,,0.12230773270130157,,,,,,,,,,,,,
5,,,,,,,,9499,,,,,,,,,,,0.2355155646800995,,,,,,,,,,,,,
5,,,,,,,,9519,,,,,,,,,,,0.054087162017822266,,,,,,,,,,,,,
5,,,,,,,,9539,,,,,,,,,,,0.1674557328224182,,,,,,,,,,,,,
5,,,,,,,,9559,,,,,,,,,,,0.11402290314435959,,,,,,,,,,,,,
5,,,,,,,,9579,,,,,,,,,,,0.2629746198654175,,,,,,,,,,,,,
5,,,,,,,,9599,,,,,,,,,,,0.18270981311798096,,,,,,,,,,,,,
5,,,,,,,,9619,,,,,,,,,,,0.05475503206253052,,,,,,,,,,,,,
5,,,,,,,,9639,,,,,,,,,,,0.08709205687046051,,,,,,,,,,,,,
5,,,,,,,,9659,,,,,,,,,,,0.08270908147096634,,,,,,,,,,,,,
5,,,,,,,,9679,,,,,,,,,,,0.0587126687169075,,,,,,,,,,,,,
5,,,,,,,,9699,,,,,,,,,,,0.04624336212873459,,,,,,,,,,,,,
5,,,,,,,,9719,,,,,,,,,,,0.12258345633745193,,,,,,,,,,,,,
5,,,,,,,,9739,,,,,,,,,,,0.11143791675567627,,,,,,,,,,,,,
5,,,,,,,,9759,,,,,,,,,,,0.13311448693275452,,,,,,,,,,,,,
5,,,,,,,,9779,,,,,,,,,,,0.16052834689617157,,,,,,,,,,,,,
5,,,,,,,,9799,,,,,,,,,,,0.06879015266895294,,,,,,,,,,,,,
5,,,,,,,,9819,,,,,,,,,,,0.06719860434532166,,,,,,,,,,,,,
5,,,,,,,,9839,,,,,,,,,,,0.12622952461242676,,,,,,,,,,,,,
5,,,,,,,,9859,,,,,,,,,,,0.06018886715173721,,,,,,,,,,,,,
5,,,,,,,,9879,,,,,,,,,,,0.064140185713768,,,,,,,,,,,,,
5,,,,,,,,9899,,,,,,,,,,,0.089793361723423,,,,,,,,,,,,,
5,,,,,,,,9919,,,,,,,,,,,0.07834486663341522,,,,,,,,,,,,,
5,,,,,,,,9939,,,,,,,,,,,0.1638166755437851,,,,,,,,,,,,,
5,,,,,,,,9959,,,,,,,,,,,0.037183843553066254,,,,,,,,,,,,,
5,,,,,,,,9979,,,,,,,,,,,0.07619357109069824,,,,,,,,,,,,,
5,,,,,,,,9999,,,,,,,,,,,0.06471919268369675,,,,,,,,,,,,,
5,,,,,,,,10019,,,,,,,,,,,0.050795555114746094,,,,,,,,,,,,,
5,,,,,,,,10039,,,,,,,,,,,0.22743023931980133,,,,,,,,,,,,,
5,,,,,,,,10059,,,,,,,,,,,0.11070021986961365,,,,,,,,,,,,,
5,,,,,,,,10079,,,,,,,,,,,0.08811340481042862,,,,,,,,,,,,,
5,,,,,,,,10099,,,,,,,,,,,0.1551036685705185,,,,,,,,,,,,,
5,,,,,,,,10119,,,,,,,,,,,0.08050109446048737,,,,,,,,,,,,,
5,,,,,,,,10139,,,,,,,,,,,0.09164917469024658,,,,,,,,,,,,,
5,,,,,,,,10159,,,,,,,,,,,0.17034167051315308,,,,,,,,,,,,,
5,,,,,,,,10179,,,,,,,,,,,0.21213772892951965,,,,,,,,,,,,,
5,,,,,,,,10199,,,,,,,,,,,0.05129960551857948,,,,,,,,,,,,,
5,,,,,,,,10219,,,,,,,,,,,0.053941510617733,,,,,,,,,,,,,
5,,,,,,,,10239,,,,,,,,,,,0.09991491585969925,,,,,,,,,,,,,
5,,,,,,,,10259,,,,,,,,,,,0.15437199175357819,,,,,,,,,,,,,
5,,,,,,,,10279,,,,,,,,,,,0.09875490516424179,,,,,,,,,,,,,
5,,,,,,,,10299,,,,,,,,,,,0.12787270545959473,,,,,,,,,,,,,
5,,,,,,,,10319,,,,,,,,,,,0.2569071352481842,,,,,,,,,,,,,
5,,,,,,,,10339,,,,,,,,,,,0.11329448968172073,,,,,,,,,,,,,
5,,,,,,,,10359,,,,,,,,,,,0.11073850095272064,,,,,,,,,,,,,
5,,,,,,,,10379,,,,,,,,,,,0.13622671365737915,,,,,,,,,,,,,
5,,,,,,,,10399,,,,,,,,,,,0.16402843594551086,,,,,,,,,,,,,
5,,,,,,,,10419,,,,,,,,,,,0.05631435662508011,,,,,,,,,,,,,
5,,,,,,,,10439,,,,,,,,,,,0.07647275179624557,,,,,,,,,,,,,
5,0.49005699157714844,0.2072545289993286,120.87124633789062,0.8109999895095825,0.10234826803207397,,,10445,,,,,,,,,,,,0.5893718004226685,0.8386945724487305,0.5806224942207336,0.5963977575302124,1.2527459859848022,0.6121730804443359,0.44467610120773315,0.5867463946342468,0.5703152418136597,0.5125028491020203,0.8100932240486145,0.5557809472084045,0.5893718004226685
5,,,,,,,,10445,,,,,,,,,0.9149860739707947,0.137080118060112,,,,,,,,,,,,,,
,,,,,,0.0002625,0.0002625,10446,,,,,,,,,,,,,,,,,,,,,,,,
6,,,,,,,,10459,,,,,,,,,,,0.07584968209266663,,,,,,,,,,,,,
6,,,,,,,,10479,,,,,,,,,,,0.07274970412254333,,,,,,,,,,,,,
6,,,,,,,,10499,,,,,,,,,,,0.18580052256584167,,,,,,,,,,,,,
6,,,,,,,,10519,,,,,,,,,,,0.0542592778801918,,,,,,,,,,,,,
6,,,,,,,,10539,,,,,,,,,,,0.09086456149816513,,,,,,,,,,,,,
6,,,,,,,,10559,,,,,,,,,,,0.27324211597442627,,,,,,,,,,,,,
6,,,,,,,,10579,,,,,,,,,,,0.10529003292322159,,,,,,,,,,,,,
6,,,,,,,,10599,,,,,,,,,,,0.14736545085906982,,,,,,,,,,,,,
6,,,,,,,,10619,,,,,,,,,,,0.1287810206413269,,,,,,,,,,,,,
6,,,,,,,,10639,,,,,,,,,,,0.17904464900493622,,,,,,,,,,,,,
6,,,,,,,,10659,,,,,,,,,,,0.0784747451543808,,,,,,,,,,,,,
6,,,,,,,,10679,,,,,,,,,,,0.0563846156001091,,,,,,,,,,,,,
6,,,,,,,,10699,,,,,,,,,,,0.053235046565532684,,,,,,,,,,,,,
6,,,,,,,,10719,,,,,,,,,,,0.07258357107639313,,,,,,,,,,,,,
6,,,,,,,,10739,,,,,,,,,,,0.2353685200214386,,,,,,,,,,,,,
6,,,,,,,,10759,,,,,,,,,,,0.3726719617843628,,,,,,,,,,,,,
6,,,,,,,,10779,,,,,,,,,,,0.3325931429862976,,,,,,,,,,,,,
6,,,,,,,,10799,,,,,,,,,,,0.13333141803741455,,,,,,,,,,,,,
6,,,,,,,,10819,,,,,,,,,,,0.3371465802192688,,,,,,,,,,,,,
6,,,,,,,,10839,,,,,,,,,,,0.06845645606517792,,,,,,,,,,,,,
6,,,,,,,,10859,,,,,,,,,,,0.05963990092277527,,,,,,,,,,,,,
6,,,,,,,,10879,,,,,,,,,,,0.15297970175743103,,,,,,,,,,,,,
6,,,,,,,,10899,,,,,,,,,,,0.04881858825683594,,,,,,,,,,,,,
6,,,,,,,,10919,,,,,,,,,,,0.1071765273809433,,,,,,,,,,,,,
6,,,,,,,,10939,,,,,,,,,,,0.2555782198905945,,,,,,,,,,,,,
6,,,,,,,,10959,,,,,,,,,,,0.21958163380622864,,,,,,,,,,,,,
6,,,,,,,,10979,,,,,,,,,,,0.07161342352628708,,,,,,,,,,,,,
6,,,,,,,,10999,,,,,,,,,,,0.09181182086467743,,,,,,,,,,,,,
6,,,,,,,,11019,,,,,,,,,,,0.23849114775657654,,,,,,,,,,,,,
6,,,,,,,,11039,,,,,,,,,,,0.2533513903617859,,,,,,,,,,,,,
6,,,,,,,,11059,,,,,,,,,,,0.14616023004055023,,,,,,,,,,,,,
6,,,,,,,,11079,,,,,,,,,,,0.1243448406457901,,,,,,,,,,,,,
6,,,,,,,,11099,,,,,,,,,,,0.08768753707408905,,,,,,,,,,,,,
6,,,,,,,,11119,,,,,,,,,,,0.050563693046569824,,,,,,,,,,,,,
6,,,,,,,,11139,,,,,,,,,,,0.050365567207336426,,,,,,,,,,,,,
6,,,,,,,,11159,,,,,,,,,,,0.07172876596450806,,,,,,,,,,,,,
6,,,,,,,,11179,,,,,,,,,,,0.18173283338546753,,,,,,,,,,,,,
6,,,,,,,,11199,,,,,,,,,,,0.05891178548336029,,,,,,,,,,,,,
6,,,,,,,,11219,,,,,,,,,,,0.09275075793266296,,,,,,,,,,,,,
6,,,,,,,,11239,,,,,,,,,,,0.0697500929236412,,,,,,,,,,,,,
6,,,,,,,,11259,,,,,,,,,,,0.02166420966386795,,,,,,,,,,,,,
6,,,,,,,,11279,,,,,,,,,,,0.1095486581325531,,,,,,,,,,,,,
6,,,,,,,,11299,,,,,,,,,,,0.047776706516742706,,,,,,,,,,,,,
6,,,,,,,,11319,,,,,,,,,,,0.14607492089271545,,,,,,,,,,,,,
6,,,,,,,,11339,,,,,,,,,,,0.2760348320007324,,,,,,,,,,,,,
6,,,,,,,,11359,,,,,,,,,,,0.0710190087556839,,,,,,,,,,,,,
6,,,,,,,,11379,,,,,,,,,,,0.20914950966835022,,,,,,,,,,,,,
6,,,,,,,,11399,,,,,,,,,,,0.2595590353012085,,,,,,,,,,,,,
6,,,,,,,,11419,,,,,,,,,,,0.06462158262729645,,,,,,,,,,,,,
6,,,,,,,,11439,,,,,,,,,,,0.03451824188232422,,,,,,,,,,,,,
6,,,,,,,,11459,,,,,,,,,,,0.10292397439479828,,,,,,,,,,,,,
6,,,,,,,,11479,,,,,,,,,,,0.10763067752122879,,,,,,,,,,,,,
6,,,,,,,,11499,,,,,,,,,,,0.09768709540367126,,,,,,,,,,,,,
6,,,,,,,,11519,,,,,,,,,,,0.16572457551956177,,,,,,,,,,,,,
6,,,,,,,,11539,,,,,,,,,,,0.052324384450912476,,,,,,,,,,,,,
6,,,,,,,,11559,,,,,,,,,,,0.08337274938821793,,,,,,,,,,,,,
6,,,,,,,,11579,,,,,,,,,,,0.03268975391983986,,,,,,,,,,,,,
6,,,,,,,,11599,,,,,,,,,,,0.1368769258260727,,,,,,,,,,,,,
6,,,,,,,,11619,,,,,,,,,,,0.2960771322250366,,,,,,,,,,,,,
6,,,,,,,,11639,,,,,,,,,,,0.09125201404094696,,,,,,,,,,,,,
6,,,,,,,,11659,,,,,,,,,,,0.13364392518997192,,,,,,,,,,,,,
6,,,,,,,,11679,,,,,,,,,,,0.21567094326019287,,,,,,,,,,,,,
6,,,,,,,,11699,,,,,,,,,,,0.06229175254702568,,,,,,,,,,,,,
6,,,,,,,,11719,,,,,,,,,,,0.040770284831523895,,,,,,,,,,,,,
6,,,,,,,,11739,,,,,,,,,,,0.07644068449735641,,,,,,,,,,,,,
6,,,,,,,,11759,,,,,,,,,,,0.05416545271873474,,,,,,,,,,,,,
6,,,,,,,,11779,,,,,,,,,,,0.08175770938396454,,,,,,,,,,,,,
6,,,,,,,,11799,,,,,,,,,,,0.03107224777340889,,,,,,,,,,,,,
6,,,,,,,,11819,,,,,,,,,,,0.15023106336593628,,,,,,,,,,,,,
6,,,,,,,,11839,,,,,,,,,,,0.1689666211605072,,,,,,,,,,,,,
6,,,,,,,,11859,,,,,,,,,,,0.11074154824018478,,,,,,,,,,,,,
6,,,,,,,,11879,,,,,,,,,,,0.056153181940317154,,,,,,,,,,,,,
6,,,,,,,,11899,,,,,,,,,,,0.07243067771196365,,,,,,,,,,,,,
6,,,,,,,,11919,,,,,,,,,,,0.1970849335193634,,,,,,,,,,,,,
6,,,,,,,,11939,,,,,,,,,,,0.21883246302604675,,,,,,,,,,,,,
6,,,,,,,,11959,,,,,,,,,,,0.0501994714140892,,,,,,,,,,,,,
6,,,,,,,,11979,,,,,,,,,,,0.060979828238487244,,,,,,,,,,,,,
6,,,,,,,,11999,,,,,,,,,,,0.06078013777732849,,,,,,,,,,,,,
6,,,,,,,,12019,,,,,,,,,,,0.4132140278816223,,,,,,,,,,,,,
6,,,,,,,,12039,,,,,,,,,,,0.13365736603736877,,,,,,,,,,,,,
6,,,,,,,,12059,,,,,,,,,,,0.06314701586961746,,,,,,,,,,,,,
6,,,,,,,,12079,,,,,,,,,,,0.27073267102241516,,,,,,,,,,,,,
6,,,,,,,,12099,,,,,,,,,,,0.1395745575428009,,,,,,,,,,,,,
6,,,,,,,,12119,,,,,,,,,,,0.1487443745136261,,,,,,,,,,,,,
6,,,,,,,,12139,,,,,,,,,,,0.17325866222381592,,,,,,,,,,,,,
6,,,,,,,,12159,,,,,,,,,,,0.05504835397005081,,,,,,,,,,,,,
6,,,,,,,,12179,,,,,,,,,,,0.049273088574409485,,,,,,,,,,,,,
6,,,,,,,,12186,,,,,,,,,,,,0.6529849171638489,0.8766331672668457,0.650496780872345,0.6528323888778687,0.9736793637275696,0.6551680564880371,0.5458878874778748,0.6696062088012695,0.5817752480506897,0.6840046048164368,0.7924751043319702,0.5624171495437622,0.6529849171638489
6,,,,,,,,12186,,,,,,,,,0.9219692945480347,0.12634001672267914,,,,,,,,,,,,,,
,,,,,,0.0003,0.0003,12187,,,,,,,,,,,,,,,,,,,,,,,,
7,,,,,,,,12199,,,,,,,,,,,0.35984885692596436,,,,,,,,,,,,,
7,,,,,,,,12219,,,,,,,,,,,0.05635631084442139,,,,,,,,,,,,,
7,,,,,,,,12239,,,,,,,,,,,0.2639354467391968,,,,,,,,,,,,,
7,,,,,,,,12259,,,,,,,,,,,0.07233445346355438,,,,,,,,,,,,,
7,,,,,,,,12279,,,,,,,,,,,0.03232673928141594,,,,,,,,,,,,,
7,,,,,,,,12299,,,,,,,,,,,0.051983222365379333,,,,,,,,,,,,,
7,,,,,,,,12319,,,,,,,,,,,0.3812703788280487,,,,,,,,,,,,,
7,,,,,,,,12339,,,,,,,,,,,0.09910924732685089,,,,,,,,,,,,,
7,,,,,,,,12359,,,,,,,,,,,0.055930208414793015,,,,,,,,,,,,,
7,,,,,,,,12379,,,,,,,,,,,0.10961303114891052,,,,,,,,,,,,,
7,,,,,,,,12399,,,,,,,,,,,0.09761258959770203,,,,,,,,,,,,,
7,,,,,,,,12419,,,,,,,,,,,0.2609270513057709,,,,,,,,,,,,,
7,,,,,,,,12439,,,,,,,,,,,0.042975008487701416,,,,,,,,,,,,,
7,,,,,,,,12459,,,,,,,,,,,0.07782652229070663,,,,,,,,,,,,,
7,,,,,,,,12479,,,,,,,,,,,0.12437782436609268,,,,,,,,,,,,,
7,,,,,,,,12499,,,,,,,,,,,0.06167931482195854,,,,,,,,,,,,,
7,,,,,,,,12519,,,,,,,,,,,0.22486427426338196,,,,,,,,,,,,,
7,,,,,,,,12539,,,,,,,,,,,0.07543902099132538,,,,,,,,,,,,,
7,,,,,,,,12559,,,,,,,,,,,0.11127445101737976,,,,,,,,,,,,,
7,,,,,,,,12579,,,,,,,,,,,0.09660378098487854,,,,,,,,,,,,,
7,,,,,,,,12599,,,,,,,,,,,0.06976886838674545,,,,,,,,,,,,,
7,,,,,,,,12619,,,,,,,,,,,0.12140696495771408,,,,,,,,,,,,,
7,,,,,,,,12639,,,,,,,,,,,0.06961653381586075,,,,,,,,,,,,,
7,,,,,,,,12659,,,,,,,,,,,0.0865824967622757,,,,,,,,,,,,,
7,,,,,,,,12679,,,,,,,,,,,0.1547878086566925,,,,,,,,,,,,,
7,,,,,,,,12699,,,,,,,,,,,0.0911194384098053,,,,,,,,,,,,,
7,,,,,,,,12719,,,,,,,,,,,0.07117590308189392,,,,,,,,,,,,,
7,,,,,,,,12739,,,,,,,,,,,0.15008312463760376,,,,,,,,,,,,,
7,,,,,,,,12759,,,,,,,,,,,0.225811168551445,,,,,,,,,,,,,
7,,,,,,,,12779,,,,,,,,,,,0.11397035419940948,,,,,,,,,,,,,
7,,,,,,,,12799,,,,,,,,,,,0.06390455365180969,,,,,,,,,,,,,
7,,,,,,,,12819,,,,,,,,,,,0.13517236709594727,,,,,,,,,,,,,
7,,,,,,,,12839,,,,,,,,,,,0.2758524417877197,,,,,,,,,,,,,
7,,,,,,,,12859,,,,,,,,,,,0.18596619367599487,,,,,,,,,,,,,
7,,,,,,,,12879,,,,,,,,,,,0.08614638447761536,,,,,,,,,,,,,
7,,,,,,,,12899,,,,,,,,,,,0.06674997508525848,,,,,,,,,,,,,
7,,,,,,,,12919,,,,,,,,,,,0.12048916518688202,,,,,,,,,,,,,
7,,,,,,,,12939,,,,,,,,,,,0.15806570649147034,,,,,,,,,,,,,
7,,,,,,,,12959,,,,,,,,,,,0.09893845021724701,,,,,,,,,,,,,
7,,,,,,,,12979,,,,,,,,,,,0.130035400390625,,,,,,,,,,,,,
7,,,,,,,,12999,,,,,,,,,,,0.1652727723121643,,,,,,,,,,,,,
7,,,,,,,,13019,,,,,,,,,,,0.1048264428973198,,,,,,,,,,,,,
7,,,,,,,,13039,,,,,,,,,,,0.2508280277252197,,,,,,,,,,,,,
7,,,,,,,,13059,,,,,,,,,,,0.0727887749671936,,,,,,,,,,,,,
7,,,,,,,,13079,,,,,,,,,,,0.08352810144424438,,,,,,,,,,,,,
7,,,,,,,,13099,,,,,,,,,,,0.04017151519656181,,,,,,,,,,,,,
7,,,,,,,,13119,,,,,,,,,,,0.08528470993041992,,,,,,,,,,,,,
7,,,,,,,,13139,,,,,,,,,,,0.09439077973365784,,,,,,,,,,,,,
7,,,,,,,,13159,,,,,,,,,,,0.05721263587474823,,,,,,,,,,,,,
7,,,,,,,,13179,,,,,,,,,,,0.31102705001831055,,,,,,,,,,,,,
7,,,,,,,,13199,,,,,,,,,,,0.07751049101352692,,,,,,,,,,,,,
7,,,,,,,,13219,,,,,,,,,,,0.10140185058116913,,,,,,,,,,,,,
7,,,,,,,,13239,,,,,,,,,,,0.05312598496675491,,,,,,,,,,,,,
7,,,,,,,,13259,,,,,,,,,,,0.05083298310637474,,,,,,,,,,,,,
7,,,,,,,,13279,,,,,,,,,,,0.10989855229854584,,,,,,,,,,,,,
7,,,,,,,,13299,,,,,,,,,,,0.1944492757320404,,,,,,,,,,,,,
7,,,,,,,,13319,,,,,,,,,,,0.18671540915966034,,,,,,,,,,,,,
7,,,,,,,,13339,,,,,,,,,,,0.05255991593003273,,,,,,,,,,,,,
7,,,,,,,,13359,,,,,,,,,,,0.05491697043180466,,,,,,,,,,,,,
7,,,,,,,,13379,,,,,,,,,,,0.08754758536815643,,,,,,,,,,,,,
7,,,,,,,,13399,,,,,,,,,,,0.07436613738536835,,,,,,,,,,,,,
7,,,,,,,,13419,,,,,,,,,,,0.17036166787147522,,,,,,,,,,,,,
7,,,,,,,,13439,,,,,,,,,,,0.15298403799533844,,,,,,,,,,,,,
7,,,,,,,,13459,,,,,,,,,,,0.05082346871495247,,,,,,,,,,,,,
7,,,,,,,,13479,,,,,,,,,,,0.150903582572937,,,,,,,,,,,,,
7,,,,,,,,13499,,,,,,,,,,,0.43349191546440125,,,,,,,,,,,,,
7,,,,,,,,13519,,,,,,,,,,,0.0977274626493454,,,,,,,,,,,,,
7,,,,,,,,13539,,,,,,,,,,,0.06210068613290787,,,,,,,,,,,,,
7,,,,,,,,13559,,,,,,,,,,,0.16008825600147247,,,,,,,,,,,,,
7,,,,,,,,13579,,,,,,,,,,,0.04208017885684967,,,,,,,,,,,,,
7,,,,,,,,13599,,,,,,,,,,,0.2797898054122925,,,,,,,,,,,,,
7,,,,,,,,13619,,,,,,,,,,,0.023099755868315697,,,,,,,,,,,,,
7,,,,,,,,13639,,,,,,,,,,,0.054563023149967194,,,,,,,,,,,,,
7,,,,,,,,13659,,,,,,,,,,,0.04407450929284096,,,,,,,,,,,,,
7,,,,,,,,13679,,,,,,,,,,,0.06668242812156677,,,,,,,,,,,,,
7,,,,,,,,13699,,,,,,,,,,,0.04255405068397522,,,,,,,,,,,,,
7,,,,,,,,13719,,,,,,,,,,,0.2254459410905838,,,,,,,,,,,,,
7,,,,,,,,13739,,,,,,,,,,,0.19580069184303284,,,,,,,,,,,,,
7,,,,,,,,13759,,,,,,,,,,,0.07213584333658218,,,,,,,,,,,,,
7,,,,,,,,13779,,,,,,,,,,,0.06699377298355103,,,,,,,,,,,,,
7,,,,,,,,13799,,,,,,,,,,,0.031598564237356186,,,,,,,,,,,,,
7,,,,,,,,13819,,,,,,,,,,,0.1519850641489029,,,,,,,,,,,,,
7,,,,,,,,13839,,,,,,,,,,,0.19662541151046753,,,,,,,,,,,,,
7,,,,,,,,13859,,,,,,,,,,,0.08073284476995468,,,,,,,,,,,,,
7,,,,,,,,13879,,,,,,,,,,,0.028029251843690872,,,,,,,,,,,,,
7,,,,,,,,13899,,,,,,,,,,,0.0723186805844307,,,,,,,,,,,,,
7,,,,,,,,13919,,,,,,,,,,,0.0498209074139595,,,,,,,,,,,,,
7,0.3190118968486786,0.3079371750354767,117.91373443603516,0.8429999947547913,0.16129174828529358,,,13927,,,,,,,,,,,,0.6600500345230103,0.8781628608703613,0.653603196144104,0.6539530158042908,0.9547999501228333,0.6543028354644775,0.5414254665374756,0.6654040217399597,0.5653054714202881,0.7173033952713013,0.7683870196342468,0.5662155151367188,0.6600500345230103
7,,,,,,,,13927,,,,,,,,,0.9278203248977661,0.11794816702604294,,,,,,,,,,,,,,
,,,,,,0.0003,0.0003,13928,,,,,,,,,,,,,,,,,,,,,,,,
8,,,,,,,,13939,,,,,,,,,,,0.15323445200920105,,,,,,,,,,,,,
8,,,,,,,,13959,,,,,,,,,,,0.26824110746383667,,,,,,,,,,,,,
8,,,,,,,,13979,,,,,,,,,,,0.29941850900650024,,,,,,,,,,,,,
8,,,,,,,,13999,,,,,,,,,,,0.09314893186092377,,,,,,,,,,,,,
8,,,,,,,,14019,,,,,,,,,,,0.09757626056671143,,,,,,,,,,,,,
8,,,,,,,,14039,,,,,,,,,,,0.2134120762348175,,,,,,,,,,,,,
8,,,,,,,,14059,,,,,,,,,,,0.21749591827392578,,,,,,,,,,,,,
8,,,,,,,,14079,,,,,,,,,,,0.15847715735435486,,,,,,,,,,,,,
8,,,,,,,,14099,,,,,,,,,,,0.10763335973024368,,,,,,,,,,,,,
8,,,,,,,,14119,,,,,,,,,,,0.15582275390625,,,,,,,,,,,,,
8,,,,,,,,14139,,,,,,,,,,,0.11183188855648041,,,,,,,,,,,,,
8,,,,,,,,14159,,,,,,,,,,,0.2727168798446655,,,,,,,,,,,,,
8,,,,,,,,14179,,,,,,,,,,,0.051367275416851044,,,,,,,,,,,,,
8,,,,,,,,14199,,,,,,,,,,,0.024670742452144623,,,,,,,,,,,,,
8,,,,,,,,14219,,,,,,,,,,,0.05290934443473816,,,,,,,,,,,,,
8,,,,,,,,14239,,,,,,,,,,,0.1258230209350586,,,,,,,,,,,,,
8,,,,,,,,14259,,,,,,,,,,,0.022579900920391083,,,,,,,,,,,,,
8,,,,,,,,14279,,,,,,,,,,,0.18200872838497162,,,,,,,,,,,,,
8,,,,,,,,14299,,,,,,,,,,,0.2387031614780426,,,,,,,,,,,,,
8,,,,,,,,14319,,,,,,,,,,,0.08201305568218231,,,,,,,,,,,,,
8,,,,,,,,14339,,,,,,,,,,,0.05878265202045441,,,,,,,,,,,,,
8,,,,,,,,14359,,,,,,,,,,,0.032985150814056396,,,,,,,,,,,,,
8,,,,,,,,14379,,,,,,,,,,,0.23463962972164154,,,,,,,,,,,,,
8,,,,,,,,14399,,,,,,,,,,,0.03547602891921997,,,,,,,,,,,,,
8,,,,,,,,14419,,,,,,,,,,,0.16332459449768066,,,,,,,,,,,,,
8,,,,,,,,14439,,,,,,,,,,,0.06011334806680679,,,,,,,,,,,,,
8,,,,,,,,14459,,,,,,,,,,,0.09335571527481079,,,,,,,,,,,,,
8,,,,,,,,14479,,,,,,,,,,,0.05169495567679405,,,,,,,,,,,,,
8,,,,,,,,14499,,,,,,,,,,,0.13514691591262817,,,,,,,,,,,,,
8,,,,,,,,14519,,,,,,,,,,,0.15786944329738617,,,,,,,,,,,,,
8,,,,,,,,14539,,,,,,,,,,,0.3291693925857544,,,,,,,,,,,,,
8,,,,,,,,14559,,,,,,,,,,,0.09017664194107056,,,,,,,,,,,,,
8,,,,,,,,14579,,,,,,,,,,,0.4164864122867584,,,,,,,,,,,,,
8,,,,,,,,14599,,,,,,,,,,,0.13985252380371094,,,,,,,,,,,,,
8,,,,,,,,14619,,,,,,,,,,,0.0815199613571167,,,,,,,,,,,,,
8,,,,,,,,14639,,,,,,,,,,,0.2963316738605499,,,,,,,,,,,,,
8,,,,,,,,14659,,,,,,,,,,,0.06615518033504486,,,,,,,,,,,,,
8,,,,,,,,14679,,,,,,,,,,,0.04183099418878555,,,,,,,,,,,,,
8,,,,,,,,14699,,,,,,,,,,,0.1488305628299713,,,,,,,,,,,,,
8,,,,,,,,14719,,,,,,,,,,,0.017192687839269638,,,,,,,,,,,,,
8,,,,,,,,14739,,,,,,,,,,,0.15572607517242432,,,,,,,,,,,,,
8,,,,,,,,14759,,,,,,,,,,,0.041934870183467865,,,,,,,,,,,,,
8,,,,,,,,14779,,,,,,,,,,,0.0783444195985794,,,,,,,,,,,,,
8,,,,,,,,14799,,,,,,,,,,,0.04712577164173126,,,,,,,,,,,,,
8,,,,,,,,14819,,,,,,,,,,,0.046178705990314484,,,,,,,,,,,,,
8,,,,,,,,14839,,,,,,,,,,,0.17854243516921997,,,,,,,,,,,,,
8,,,,,,,,14859,,,,,,,,,,,0.04403165355324745,,,,,,,,,,,,,
8,,,,,,,,14879,,,,,,,,,,,0.040226466953754425,,,,,,,,,,,,,
8,,,,,,,,14899,,,,,,,,,,,0.04388837516307831,,,,,,,,,,,,,
8,,,,,,,,14919,,,,,,,,,,,0.16981911659240723,,,,,,,,,,,,,
8,,,,,,,,14939,,,,,,,,,,,0.05691011995077133,,,,,,,,,,,,,
8,,,,,,,,14959,,,,,,,,,,,0.1172715499997139,,,,,,,,,,,,,
8,,,,,,,,14979,,,,,,,,,,,0.016430430114269257,,,,,,,,,,,,,
8,,,,,,,,14999,,,,,,,,,,,0.23973330855369568,,,,,,,,,,,,,
8,,,,,,,,15019,,,,,,,,,,,0.19596093893051147,,,,,,,,,,,,,
8,,,,,,,,15039,,,,,,,,,,,0.06480036675930023,,,,,,,,,,,,,
8,,,,,,,,15059,,,,,,,,,,,0.05307338386774063,,,,,,,,,,,,,
8,,,,,,,,15079,,,,,,,,,,,0.1318056434392929,,,,,,,,,,,,,
8,,,,,,,,15099,,,,,,,,,,,0.06544482707977295,,,,,,,,,,,,,
8,,,,,,,,15119,,,,,,,,,,,0.05707883834838867,,,,,,,,,,,,,
8,,,,,,,,15139,,,,,,,,,,,0.14350904524326324,,,,,,,,,,,,,
8,,,,,,,,15159,,,,,,,,,,,0.05828475207090378,,,,,,,,,,,,,
8,,,,,,,,15179,,,,,,,,,,,0.02920372784137726,,,,,,,,,,,,,
8,,,,,,,,15199,,,,,,,,,,,0.04240290820598602,,,,,,,,,,,,,
8,,,,,,,,15219,,,,,,,,,,,0.024221956729888916,,,,,,,,,,,,,
8,,,,,,,,15239,,,,,,,,,,,0.055155374109745026,,,,,,,,,,,,,
8,,,,,,,,15259,,,,,,,,,,,0.035884324461221695,,,,,,,,,,,,,
8,,,,,,,,15279,,,,,,,,,,,0.15931269526481628,,,,,,,,,,,,,
8,,,,,,,,15299,,,,,,,,,,,0.03547374904155731,,,,,,,,,,,,,
8,,,,,,,,15319,,,,,,,,,,,0.1974143236875534,,,,,,,,,,,,,
8,,,,,,,,15339,,,,,,,,,,,0.10334671288728714,,,,,,,,,,,,,
8,,,,,,,,15359,,,,,,,,,,,0.08300814777612686,,,,,,,,,,,,,
8,,,,,,,,15379,,,,,,,,,,,0.06167295202612877,,,,,,,,,,,,,
8,,,,,,,,15399,,,,,,,,,,,0.28696808218955994,,,,,,,,,,,,,
8,,,,,,,,15419,,,,,,,,,,,0.05086361616849899,,,,,,,,,,,,,
8,,,,,,,,15439,,,,,,,,,,,0.2383754700422287,,,,,,,,,,,,,
8,,,,,,,,15459,,,,,,,,,,,0.09620795398950577,,,,,,,,,,,,,
8,,,,,,,,15479,,,,,,,,,,,0.19512397050857544,,,,,,,,,,,,,
8,,,,,,,,15499,,,,,,,,,,,0.3330068290233612,,,,,,,,,,,,,
8,,,,,,,,15519,,,,,,,,,,,0.03921657055616379,,,,,,,,,,,,,
8,,,,,,,,15539,,,,,,,,,,,0.05329258739948273,,,,,,,,,,,,,
8,,,,,,,,15559,,,,,,,,,,,0.054155267775058746,,,,,,,,,,,,,
8,,,,,,,,15579,,,,,,,,,,,0.1799016296863556,,,,,,,,,,,,,
8,,,,,,,,15599,,,,,,,,,,,0.08215361088514328,,,,,,,,,,,,,
8,,,,,,,,15619,,,,,,,,,,,0.09466537833213806,,,,,,,,,,,,,
8,,,,,,,,15639,,,,,,,,,,,0.05398404598236084,,,,,,,,,,,,,
8,,,,,,,,15659,,,,,,,,,,,0.3158147931098938,,,,,,,,,,,,,
8,,,,,,,,15668,,,,,,,,,,,,0.652836799621582,0.8758950233459473,0.6390459537506104,0.6384779214859009,0.9837011694908142,0.6379098892211914,0.5326523184776306,0.6564472913742065,0.577235758304596,0.7001200318336487,0.7925146818161011,0.481768935918808,0.652836799621582
8,,,,,,,,15668,,,,,,,,,0.9360232353210449,0.10591889172792435,,,,,,,,,,,,,,
,,,,,,0.00025606601717798207,0.00025606601717798207,15669,,,,,,,,,,,,,,,,,,,,,,,,
9,,,,,,,,15679,,,,,,,,,,,0.06916230171918869,,,,,,,,,,,,,
9,,,,,,,,15699,,,,,,,,,,,0.04004024341702461,,,,,,,,,,,,,
9,,,,,,,,15719,,,,,,,,,,,0.05158057063817978,,,,,,,,,,,,,
9,,,,,,,,15739,,,,,,,,,,,0.03592492640018463,,,,,,,,,,,,,
9,,,,,,,,15759,,,,,,,,,,,0.012005702592432499,,,,,,,,,,,,,
9,,,,,,,,15779,,,,,,,,,,,0.12408509850502014,,,,,,,,,,,,,
9,,,,,,,,15799,,,,,,,,,,,0.031233612447977066,,,,,,,,,,,,,
9,,,,,,,,15819,,,,,,,,,,,0.36666202545166016,,,,,,,,,,,,,
9,,,,,,,,15839,,,,,,,,,,,0.2632181644439697,,,,,,,,,,,,,
9,,,,,,,,15859,,,,,,,,,,,0.05448441207408905,,,,,,,,,,,,,
9,,,,,,,,15879,,,,,,,,,,,0.1715049147605896,,,,,,,,,,,,,
9,,,,,,,,15899,,,,,,,,,,,0.07772082090377808,,,,,,,,,,,,,
9,,,,,,,,15919,,,,,,,,,,,0.01587502285838127,,,,,,,,,,,,,
9,,,,,,,,15939,,,,,,,,,,,0.04041753709316254,,,,,,,,,,,,,
9,,,,,,,,15959,,,,,,,,,,,0.31640857458114624,,,,,,,,,,,,,
9,,,,,,,,15979,,,,,,,,,,,0.1446966677904129,,,,,,,,,,,,,
9,,,,,,,,15999,,,,,,,,,,,0.14674073457717896,,,,,,,,,,,,,
9,,,,,,,,16019,,,,,,,,,,,0.08575669676065445,,,,,,,,,,,,,
9,,,,,,,,16039,,,,,,,,,,,0.07312556356191635,,,,,,,,,,,,,
9,,,,,,,,16059,,,,,,,,,,,0.239903524518013,,,,,,,,,,,,,
9,,,,,,,,16079,,,,,,,,,,,0.028949735686182976,,,,,,,,,,,,,
9,,,,,,,,16099,,,,,,,,,,,0.09395946562290192,,,,,,,,,,,,,
9,,,,,,,,16119,,,,,,,,,,,0.11462898552417755,,,,,,,,,,,,,
9,,,,,,,,16139,,,,,,,,,,,0.05158817768096924,,,,,,,,,,,,,
9,,,,,,,,16159,,,,,,,,,,,0.06669208407402039,,,,,,,,,,,,,
9,,,,,,,,16179,,,,,,,,,,,0.0728166252374649,,,,,,,,,,,,,
9,,,,,,,,16199,,,,,,,,,,,0.07199227809906006,,,,,,,,,,,,,
9,,,,,,,,16219,,,,,,,,,,,0.062485892325639725,,,,,,,,,,,,,
9,,,,,,,,16239,,,,,,,,,,,0.0700317919254303,,,,,,,,,,,,,
9,,,,,,,,16259,,,,,,,,,,,0.03500962257385254,,,,,,,,,,,,,
9,,,,,,,,16279,,,,,,,,,,,0.07451760023832321,,,,,,,,,,,,,
9,,,,,,,,16299,,,,,,,,,,,0.04250568896532059,,,,,,,,,,,,,
9,,,,,,,,16319,,,,,,,,,,,0.16055859625339508,,,,,,,,,,,,,
9,,,,,,,,16339,,,,,,,,,,,0.04725146293640137,,,,,,,,,,,,,
9,,,,,,,,16359,,,,,,,,,,,0.04126248508691788,,,,,,,,,,,,,
9,,,,,,,,16379,,,,,,,,,,,0.07374972105026245,,,,,,,,,,,,,
9,,,,,,,,16399,,,,,,,,,,,0.050454944372177124,,,,,,,,,,,,,
9,,,,,,,,16419,,,,,,,,,,,0.06211588904261589,,,,,,,,,,,,,
9,,,,,,,,16439,,,,,,,,,,,0.05944192409515381,,,,,,,,,,,,,
9,,,,,,,,16459,,,,,,,,,,,0.03540211170911789,,,,,,,,,,,,,
9,,,,,,,,16479,,,,,,,,,,,0.1239977702498436,,,,,,,,,,,,,
9,,,,,,,,16499,,,,,,,,,,,0.07138745486736298,,,,,,,,,,,,,
9,,,,,,,,16519,,,,,,,,,,,0.013607662171125412,,,,,,,,,,,,,
9,,,,,,,,16539,,,,,,,,,,,0.07142588496208191,,,,,,,,,,,,,
9,,,,,,,,16559,,,,,,,,,,,0.084248848259449,,,,,,,,,,,,,
9,,,,,,,,16579,,,,,,,,,,,0.07024510204792023,,,,,,,,,,,,,
9,,,,,,,,16599,,,,,,,,,,,0.1279047131538391,,,,,,,,,,,,,
9,,,,,,,,16619,,,,,,,,,,,0.017489522695541382,,,,,,,,,,,,,
9,,,,,,,,16639,,,,,,,,,,,0.06888838857412338,,,,,,,,,,,,,
9,,,,,,,,16659,,,,,,,,,,,0.07928788661956787,,,,,,,,,,,,,
9,,,,,,,,16679,,,,,,,,,,,0.0210028737783432,,,,,,,,,,,,,
9,,,,,,,,16699,,,,,,,,,,,0.05582815781235695,,,,,,,,,,,,,
9,,,,,,,,16719,,,,,,,,,,,0.23109929263591766,,,,,,,,,,,,,
9,,,,,,,,16739,,,,,,,,,,,0.24011191725730896,,,,,,,,,,,,,
9,,,,,,,,16759,,,,,,,,,,,0.2716854214668274,,,,,,,,,,,,,
9,,,,,,,,16779,,,,,,,,,,,0.03077264130115509,,,,,,,,,,,,,
9,,,,,,,,16799,,,,,,,,,,,0.25184354186058044,,,,,,,,,,,,,
9,,,,,,,,16819,,,,,,,,,,,0.14665551483631134,,,,,,,,,,,,,
9,,,,,,,,16839,,,,,,,,,,,0.0936979427933693,,,,,,,,,,,,,
9,,,,,,,,16859,,,,,,,,,,,0.036534227430820465,,,,,,,,,,,,,
9,,,,,,,,16879,,,,,,,,,,,0.1035311371088028,,,,,,,,,,,,,
9,,,,,,,,16899,,,,,,,,,,,0.0500674694776535,,,,,,,,,,,,,
9,,,,,,,,16919,,,,,,,,,,,0.07398045063018799,,,,,,,,,,,,,
9,,,,,,,,16939,,,,,,,,,,,0.0151146175339818,,,,,,,,,,,,,
9,,,,,,,,16959,,,,,,,,,,,0.028724515810608864,,,,,,,,,,,,,
9,,,,,,,,16979,,,,,,,,,,,0.019929789006710052,,,,,,,,,,,,,
9,,,,,,,,16999,,,,,,,,,,,0.043557144701480865,,,,,,,,,,,,,
9,,,,,,,,17019,,,,,,,,,,,0.04085015878081322,,,,,,,,,,,,,
9,,,,,,,,17039,,,,,,,,,,,0.08296018093824387,,,,,,,,,,,,,
9,,,,,,,,17059,,,,,,,,,,,0.029774513095617294,,,,,,,,,,,,,
9,,,,,,,,17079,,,,,,,,,,,0.037958744913339615,,,,,,,,,,,,,
9,,,,,,,,17099,,,,,,,,,,,0.06099274381995201,,,,,,,,,,,,,
9,,,,,,,,17119,,,,,,,,,,,0.16374343633651733,,,,,,,,,,,,,
9,,,,,,,,17139,,,,,,,,,,,0.054369308054447174,,,,,,,,,,,,,
9,,,,,,,,17159,,,,,,,,,,,0.05105658993124962,,,,,,,,,,,,,
9,,,,,,,,17179,,,,,,,,,,,0.03173302859067917,,,,,,,,,,,,,
9,,,,,,,,17199,,,,,,,,,,,0.052916206419467926,,,,,,,,,,,,,
9,,,,,,,,17219,,,,,,,,,,,0.030609624460339546,,,,,,,,,,,,,
9,,,,,,,,17239,,,,,,,,,,,0.04783259332180023,,,,,,,,,,,,,
9,,,,,,,,17259,,,,,,,,,,,0.1667279303073883,,,,,,,,,,,,,
9,,,,,,,,17279,,,,,,,,,,,0.052056148648262024,,,,,,,,,,,,,
9,,,,,,,,17299,,,,,,,,,,,0.12417030334472656,,,,,,,,,,,,,
9,,,,,,,,17319,,,,,,,,,,,0.05153072252869606,,,,,,,,,,,,,
9,,,,,,,,17339,,,,,,,,,,,0.015547373332083225,,,,,,,,,,,,,
9,,,,,,,,17359,,,,,,,,,,,0.03650250285863876,,,,,,,,,,,,,
9,,,,,,,,17379,,,,,,,,,,,0.1093154102563858,,,,,,,,,,,,,
9,,,,,,,,17399,,,,,,,,,,,0.07263869047164917,,,,,,,,,,,,,
9,0.3989197313785553,0.2853742837905884,112.50459289550781,0.8410000205039978,0.14450938999652863,,,17409,,,,,,,,,,,,0.6270246505737305,0.8628313541412354,0.6297366619110107,0.6416759490966797,1.150560975074768,0.6536152958869934,0.5141226053237915,0.6441169381141663,0.5283580422401428,0.6549465656280518,0.8011844158172607,0.6299722194671631,0.6270246505737305
9,,,,,,,,17409,,,,,,,,,0.94620680809021,0.0874653309583664,,,,,,,,,,,,,,
,,,,,,0.00015,0.00015,17410,,,,,,,,,,,,,,,,,,,,,,,,
10,,,,,,,,17419,,,,,,,,,,,0.08166283369064331,,,,,,,,,,,,,
10,,,,,,,,17439,,,,,,,,,,,0.07334137707948685,,,,,,,,,,,,,
10,,,,,,,,17459,,,,,,,,,,,0.05150674283504486,,,,,,,,,,,,,
10,,,,,,,,17479,,,,,,,,,,,0.02569691836833954,,,,,,,,,,,,,
10,,,,,,,,17499,,,,,,,,,,,0.016395825892686844,,,,,,,,,,,,,
10,,,,,,,,17519,,,,,,,,,,,0.2725945711135864,,,,,,,,,,,,,
10,,,,,,,,17539,,,,,,,,,,,0.23151522874832153,,,,,,,,,,,,,
10,,,,,,,,17559,,,,,,,,,,,0.03012155555188656,,,,,,,,,,,,,
10,,,,,,,,17579,,,,,,,,,,,0.06256502866744995,,,,,,,,,,,,,
10,,,,,,,,17599,,,,,,,,,,,0.04380333051085472,,,,,,,,,,,,,
10,,,,,,,,17619,,,,,,,,,,,0.0958278626203537,,,,,,,,,,,,,
10,,,,,,,,17639,,,,,,,,,,,0.13881254196166992,,,,,,,,,,,,,
10,,,,,,,,17659,,,,,,,,,,,0.019281363114714622,,,,,,,,,,,,,
10,,,,,,,,17679,,,,,,,,,,,0.08354946225881577,,,,,,,,,,,,,
10,,,,,,,,17699,,,,,,,,,,,0.17153356969356537,,,,,,,,,,,,,
10,,,,,,,,17719,,,,,,,,,,,0.036574963480234146,,,,,,,,,,,,,
10,,,,,,,,17739,,,,,,,,,,,0.020684044808149338,,,,,,,,,,,,,
10,,,,,,,,17759,,,,,,,,,,,0.016924742609262466,,,,,,,,,,,,,
10,,,,,,,,17779,,,,,,,,,,,0.0198209285736084,,,,,,,,,,,,,
10,,,,,,,,17799,,,,,,,,,,,0.03012263774871826,,,,,,,,,,,,,
10,,,,,,,,17819,,,,,,,,,,,0.07486061006784439,,,,,,,,,,,,,
10,,,,,,,,17839,,,,,,,,,,,0.03815257549285889,,,,,,,,,,,,,
10,,,,,,,,17859,,,,,,,,,,,0.04948389530181885,,,,,,,,,,,,,
10,,,,,,,,17879,,,,,,,,,,,0.04258319362998009,,,,,,,,,,,,,
10,,,,,,,,17899,,,,,,,,,,,0.08135349303483963,,,,,,,,,,,,,
10,,,,,,,,17919,,,,,,,,,,,0.1793561577796936,,,,,,,,,,,,,
10,,,,,,,,17939,,,,,,,,,,,0.19165576994419098,,,,,,,,,,,,,
10,,,,,,,,17959,,,,,,,,,,,0.04699162393808365,,,,,,,,,,,,,
10,,,,,,,,17979,,,,,,,,,,,0.049774058163166046,,,,,,,,,,,,,
10,,,,,,,,17999,,,,,,,,,,,0.08638535439968109,,,,,,,,,,,,,
10,,,,,,,,18019,,,,,,,,,,,0.06199295073747635,,,,,,,,,,,,,
10,,,,,,,,18039,,,,,,,,,,,0.012648427858948708,,,,,,,,,,,,,
10,,,,,,,,18059,,,,,,,,,,,0.014636136591434479,,,,,,,,,,,,,
10,,,,,,,,18079,,,,,,,,,,,0.044718317687511444,,,,,,,,,,,,,
10,,,,,,,,18099,,,,,,,,,,,0.018031693994998932,,,,,,,,,,,,,
10,,,,,,,,18119,,,,,,,,,,,0.016264814883470535,,,,,,,,,,,,,
10,,,,,,,,18139,,,,,,,,,,,0.11305690556764603,,,,,,,,,,,,,
10,,,,,,,,18159,,,,,,,,,,,0.08680198341608047,,,,,,,,,,,,,
10,,,,,,,,18179,,,,,,,,,,,0.01919740065932274,,,,,,,,,,,,,
10,,,,,,,,18199,,,,,,,,,,,0.06832067668437958,,,,,,,,,,,,,
10,,,,,,,,18219,,,,,,,,,,,0.16773217916488647,,,,,,,,,,,,,
10,,,,,,,,18239,,,,,,,,,,,0.06140013784170151,,,,,,,,,,,,,
10,,,,,,,,18259,,,,,,,,,,,0.02123531699180603,,,,,,,,,,,,,
10,,,,,,,,18279,,,,,,,,,,,0.0106741264462471,,,,,,,,,,,,,
10,,,,,,,,18299,,,,,,,,,,,0.008875575847923756,,,,,,,,,,,,,
10,,,,,,,,18319,,,,,,,,,,,0.01797880418598652,,,,,,,,,,,,,
10,,,,,,,,18339,,,,,,,,,,,0.013507507741451263,,,,,,,,,,,,,
10,,,,,,,,18359,,,,,,,,,,,0.01696193404495716,,,,,,,,,,,,,
10,,,,,,,,18379,,,,,,,,,,,0.01944720186293125,,,,,,,,,,,,,
10,,,,,,,,18399,,,,,,,,,,,0.2254268229007721,,,,,,,,,,,,,
10,,,,,,,,18419,,,,,,,,,,,0.011323634535074234,,,,,,,,,,,,,
10,,,,,,,,18439,,,,,,,,,,,0.014550769701600075,,,,,,,,,,,,,
10,,,,,,,,18459,,,,,,,,,,,0.0207289457321167,,,,,,,,,,,,,
10,,,,,,,,18479,,,,,,,,,,,0.15109235048294067,,,,,,,,,,,,,
10,,,,,,,,18499,,,,,,,,,,,0.21672141551971436,,,,,,,,,,,,,
10,,,,,,,,18519,,,,,,,,,,,0.009418720379471779,,,,,,,,,,,,,
10,,,,,,,,18539,,,,,,,,,,,0.020831473171710968,,,,,,,,,,,,,
10,,,,,,,,18559,,,,,,,,,,,0.01525980792939663,,,,,,,,,,,,,
10,,,,,,,,18579,,,,,,,,,,,0.2586434483528137,,,,,,,,,,,,,
10,,,,,,,,18599,,,,,,,,,,,0.048653773963451385,,,,,,,,,,,,,
10,,,,,,,,18619,,,,,,,,,,,0.09941108524799347,,,,,,,,,,,,,
10,,,,,,,,18639,,,,,,,,,,,0.03749501705169678,,,,,,,,,,,,,
10,,,,,,,,18659,,,,,,,,,,,0.05054040253162384,,,,,,,,,,,,,
10,,,,,,,,18679,,,,,,,,,,,0.011983402073383331,,,,,,,,,,,,,
10,,,,,,,,18699,,,,,,,,,,,0.20132842659950256,,,,,,,,,,,,,
10,,,,,,,,18719,,,,,,,,,,,0.008383734151721,,,,,,,,,,,,,
10,,,,,,,,18739,,,,,,,,,,,0.03438502922654152,,,,,,,,,,,,,
10,,,,,,,,18759,,,,,,,,,,,0.13756971061229706,,,,,,,,,,,,,
10,,,,,,,,18779,,,,,,,,,,,0.011180825531482697,,,,,,,,,,,,,
10,,,,,,,,18799,,,,,,,,,,,0.03871540352702141,,,,,,,,,,,,,
10,,,,,,,,18819,,,,,,,,,,,0.21698027849197388,,,,,,,,,,,,,
10,,,,,,,,18839,,,,,,,,,,,0.03266068547964096,,,,,,,,,,,,,
10,,,,,,,,18859,,,,,,,,,,,0.19268348813056946,,,,,,,,,,,,,
10,,,,,,,,18879,,,,,,,,,,,0.03943357244133949,,,,,,,,,,,,,
10,,,,,,,,18899,,,,,,,,,,,0.03456415235996246,,,,,,,,,,,,,
10,,,,,,,,18919,,,,,,,,,,,0.28755682706832886,,,,,,,,,,,,,
10,,,,,,,,18939,,,,,,,,,,,0.1366935521364212,,,,,,,,,,,,,
10,,,,,,,,18959,,,,,,,,,,,0.2011687457561493,,,,,,,,,,,,,
10,,,,,,,,18979,,,,,,,,,,,0.08035095781087875,,,,,,,,,,,,,
10,,,,,,,,18999,,,,,,,,,,,0.041905127465724945,,,,,,,,,,,,,
10,,,,,,,,19019,,,,,,,,,,,0.06911520659923553,,,,,,,,,,,,,
10,,,,,,,,19039,,,,,,,,,,,0.013317650184035301,,,,,,,,,,,,,
10,,,,,,,,19059,,,,,,,,,,,0.1665860116481781,,,,,,,,,,,,,
10,,,,,,,,19079,,,,,,,,,,,0.09317746758460999,,,,,,,,,,,,,
10,,,,,,,,19099,,,,,,,,,,,0.0045439680106937885,,,,,,,,,,,,,
10,,,,,,,,19119,,,,,,,,,,,0.05747627839446068,,,,,,,,,,,,,
10,,,,,,,,19139,,,,,,,,,,,0.02794704958796501,,,,,,,,,,,,,
10,,,,,,,,19150,,,,,,,,,,,,0.6673402786254883,0.8835664987564087,0.6724705100059509,0.6776682138442993,1.0833802223205566,0.6828658580780029,0.5754522085189819,0.6940301656723022,0.6052424907684326,0.7272146940231323,0.7661321759223938,0.6328742504119873,0.6673402786254883
10,,,,,,,,19150,,,,,,,,,0.9577242732048035,0.06976287066936493,,,,,,,,,,,,,,
,,,,,,4.3933982822017876e-05,4.3933982822017876e-05,19151,,,,,,,,,,,,,,,,,,,,,,,,
11,,,,,,,,19159,,,,,,,,,,,0.03368628770112991,,,,,,,,,,,,,
11,,,,,,,,19179,,,,,,,,,,,0.03599920868873596,,,,,,,,,,,,,
11,,,,,,,,19199,,,,,,,,,,,0.022535596042871475,,,,,,,,,,,,,
11,,,,,,,,19219,,,,,,,,,,,0.0616409033536911,,,,,,,,,,,,,
11,,,,,,,,19239,,,,,,,,,,,0.006993770133703947,,,,,,,,,,,,,
11,,,,,,,,19259,,,,,,,,,,,0.010641638189554214,,,,,,,,,,,,,
11,,,,,,,,19279,,,,,,,,,,,0.016064941883087158,,,,,,,,,,,,,
11,,,,,,,,19299,,,,,,,,,,,0.03951176255941391,,,,,,,,,,,,,
11,,,,,,,,19319,,,,,,,,,,,0.011517789214849472,,,,,,,,,,,,,
11,,,,,,,,19339,,,,,,,,,,,0.006901264656335115,,,,,,,,,,,,,
11,,,,,,,,19359,,,,,,,,,,,0.025173980742692947,,,,,,,,,,,,,
11,,,,,,,,19379,,,,,,,,,,,0.24335287511348724,,,,,,,,,,,,,
11,,,,,,,,19399,,,,,,,,,,,0.015679653733968735,,,,,,,,,,,,,
11,,,,,,,,19419,,,,,,,,,,,0.03773016110062599,,,,,,,,,,,,,
11,,,,,,,,19439,,,,,,,,,,,0.05651932209730148,,,,,,,,,,,,,
11,,,,,,,,19459,,,,,,,,,,,0.044255491346120834,,,,,,,,,,,,,
11,,,,,,,,19479,,,,,,,,,,,0.01326470822095871,,,,,,,,,,,,,
11,,,,,,,,19499,,,,,,,,,,,0.03608977049589157,,,,,,,,,,,,,
11,,,,,,,,19519,,,,,,,,,,,0.008987046778202057,,,,,,,,,,,,,
11,,,,,,,,19539,,,,,,,,,,,0.07513464987277985,,,,,,,,,,,,,
11,,,,,,,,19559,,,,,,,,,,,0.06317663192749023,,,,,,,,,,,,,
11,,,,,,,,19579,,,,,,,,,,,0.2387917935848236,,,,,,,,,,,,,
11,,,,,,,,19599,,,,,,,,,,,0.030732780694961548,,,,,,,,,,,,,
11,,,,,,,,19619,,,,,,,,,,,0.01763630285859108,,,,,,,,,,,,,
11,,,,,,,,19639,,,,,,,,,,,0.01573510281741619,,,,,,,,,,,,,
11,,,,,,,,19659,,,,,,,,,,,0.11015333235263824,,,,,,,,,,,,,
11,,,,,,,,19679,,,,,,,,,,,0.006491858512163162,,,,,,,,,,,,,
11,,,,,,,,19699,,,,,,,,,,,0.028021184727549553,,,,,,,,,,,,,
11,,,,,,,,19719,,,,,,,,,,,0.15610787272453308,,,,,,,,,,,,,
11,,,,,,,,19739,,,,,,,,,,,0.019225630909204483,,,,,,,,,,,,,
11,,,,,,,,19759,,,,,,,,,,,0.07746526598930359,,,,,,,,,,,,,
11,,,,,,,,19779,,,,,,,,,,,0.06595063209533691,,,,,,,,,,,,,
11,,,,,,,,19799,,,,,,,,,,,0.011917846277356148,,,,,,,,,,,,,
11,,,,,,,,19819,,,,,,,,,,,0.30106982588768005,,,,,,,,,,,,,
11,,,,,,,,19839,,,,,,,,,,,0.007633707486093044,,,,,,,,,,,,,
11,,,,,,,,19859,,,,,,,,,,,0.1476091593503952,,,,,,,,,,,,,
11,,,,,,,,19879,,,,,,,,,,,0.23958298563957214,,,,,,,,,,,,,
11,,,,,,,,19899,,,,,,,,,,,0.008626509457826614,,,,,,,,,,,,,
11,,,,,,,,19919,,,,,,,,,,,0.04434358328580856,,,,,,,,,,,,,
11,,,,,,,,19939,,,,,,,,,,,0.009945276193320751,,,,,,,,,,,,,
11,,,,,,,,19959,,,,,,,,,,,0.010742382146418095,,,,,,,,,,,,,
11,,,,,,,,19979,,,,,,,,,,,0.02665560133755207,,,,,,,,,,,,,
11,,,,,,,,19999,,,,,,,,,,,0.0027750246226787567,,,,,,,,,,,,,
11,,,,,,,,20019,,,,,,,,,,,0.008750897832214832,,,,,,,,,,,,,
11,,,,,,,,20039,,,,,,,,,,,0.025851920247077942,,,,,,,,,,,,,
11,,,,,,,,20059,,,,,,,,,,,0.023922085762023926,,,,,,,,,,,,,
11,,,,,,,,20079,,,,,,,,,,,0.013401169329881668,,,,,,,,,,,,,
11,,,,,,,,20099,,,,,,,,,,,0.013704863376915455,,,,,,,,,,,,,
11,,,,,,,,20119,,,,,,,,,,,0.005517426412552595,,,,,,,,,,,,,
11,,,,,,,,20139,,,,,,,,,,,0.008150147274136543,,,,,,,,,,,,,
11,,,,,,,,20159,,,,,,,,,,,0.02232355624437332,,,,,,,,,,,,,
11,,,,,,,,20179,,,,,,,,,,,0.03452618420124054,,,,,,,,,,,,,
11,,,,,,,,20199,,,,,,,,,,,0.00931055098772049,,,,,,,,,,,,,
11,,,,,,,,20219,,,,,,,,,,,0.07485020160675049,,,,,,,,,,,,,
11,,,,,,,,20239,,,,,,,,,,,0.02373385615646839,,,,,,,,,,,,,
11,,,,,,,,20259,,,,,,,,,,,0.012516692280769348,,,,,,,,,,,,,
11,,,,,,,,20279,,,,,,,,,,,0.007308804430067539,,,,,,,,,,,,,
11,,,,,,,,20299,,,,,,,,,,,0.016660278663039207,,,,,,,,,,,,,
11,,,,,,,,20319,,,,,,,,,,,0.01943424716591835,,,,,,,,,,,,,
11,,,,,,,,20339,,,,,,,,,,,0.020071331411600113,,,,,,,,,,,,,
11,,,,,,,,20359,,,,,,,,,,,0.02425425685942173,,,,,,,,,,,,,
11,,,,,,,,20379,,,,,,,,,,,0.007648274302482605,,,,,,,,,,,,,
11,,,,,,,,20399,,,,,,,,,,,0.011899403296411037,,,,,,,,,,,,,
11,,,,,,,,20419,,,,,,,,,,,0.005502448882907629,,,,,,,,,,,,,
11,,,,,,,,20439,,,,,,,,,,,0.0033155428245663643,,,,,,,,,,,,,
11,,,,,,,,20459,,,,,,,,,,,0.04482632130384445,,,,,,,,,,,,,
11,,,,,,,,20479,,,,,,,,,,,0.020544767379760742,,,,,,,,,,,,,
11,,,,,,,,20499,,,,,,,,,,,0.11297086626291275,,,,,,,,,,,,,
11,,,,,,,,20519,,,,,,,,,,,0.0016200365498661995,,,,,,,,,,,,,
11,,,,,,,,20539,,,,,,,,,,,0.02416045032441616,,,,,,,,,,,,,
11,,,,,,,,20559,,,,,,,,,,,0.2078990489244461,,,,,,,,,,,,,
11,,,,,,,,20579,,,,,,,,,,,0.09183001518249512,,,,,,,,,,,,,
11,,,,,,,,20599,,,,,,,,,,,0.011836973018944263,,,,,,,,,,,,,
11,,,,,,,,20619,,,,,,,,,,,0.20599108934402466,,,,,,,,,,,,,
11,,,,,,,,20639,,,,,,,,,,,0.011164144612848759,,,,,,,,,,,,,
11,,,,,,,,20659,,,,,,,,,,,0.007210220210254192,,,,,,,,,,,,,
11,,,,,,,,20679,,,,,,,,,,,0.21598002314567566,,,,,,,,,,,,,
11,,,,,,,,20699,,,,,,,,,,,0.024017473682761192,,,,,,,,,,,,,
11,,,,,,,,20719,,,,,,,,,,,0.005289861932396889,,,,,,,,,,,,,
11,,,,,,,,20739,,,,,,,,,,,0.03141152858734131,,,,,,,,,,,,,
11,,,,,,,,20759,,,,,,,,,,,0.02171936258673668,,,,,,,,,,,,,
11,,,,,,,,20779,,,,,,,,,,,0.1688670516014099,,,,,,,,,,,,,
11,,,,,,,,20799,,,,,,,,,,,0.20212456583976746,,,,,,,,,,,,,
11,,,,,,,,20819,,,,,,,,,,,0.006976515054702759,,,,,,,,,,,,,
11,,,,,,,,20839,,,,,,,,,,,0.02422957494854927,,,,,,,,,,,,,
11,,,,,,,,20859,,,,,,,,,,,0.04193655773997307,,,,,,,,,,,,,
11,,,,,,,,20879,,,,,,,,,,,0.015336676500737667,,,,,,,,,,,,,
11,0.43234363198280334,0.29759764671325684,109.167724609375,0.8610000014305115,0.16448859870433807,,,20891,,,,,,,,,,,,0.6434859037399292,0.8764159679412842,0.6561166048049927,0.6744086146354675,1.294542670249939,0.6927006244659424,0.5613452196121216,0.6846196055412292,0.6022289395332336,0.6671811938285828,0.7784895300865173,0.7229028940200806,0.6434859037399292
11,,,,,,,,20891,,,,,,,,,0.9663577079772949,0.0562758706510067,,,,,,,,,,,,,,
12,,,,,,,,20892,0.5990697145462036,0.8275604248046875,0.5963274240493774,1.5101191997528076,0.5981709957122803,0.4710560441017151,0.6178913116455078,0.5990697145462036,,,,,,,,,,,,,,,,
