epoch,lr-AdamW/pg1,lr-AdamW/pg2,step,test/acc,test/auroc,test/f1,test/mcc,train/acc,train/loss_epoch,train/loss_step,val/acc,val/f1,val/loss,val/mcc,val/precision
,0.0,0.0,0,,,,,,,,,,,,
0,,,19,,,,,,,17.888132095336914,,,,,
0,,,39,,,,,,,17.126739501953125,,,,,
0,,,59,,,,,,,27.27618408203125,,,,,
0,,,79,,,,,,,25.595975875854492,,,,,
0,,,99,,,,,,,30.710773468017578,,,,,
0,,,119,,,,,,,22.045637130737305,,,,,
0,,,139,,,,,,,22.462156295776367,,,,,
0,,,159,,,,,,,28.042865753173828,,,,,
0,,,179,,,,,,,26.55324935913086,,,,,
0,,,199,,,,,,,20.66246795654297,,,,,
0,,,219,,,,,,,25.730356216430664,,,,,
0,,,239,,,,,,,19.596202850341797,,,,,
0,,,259,,,,,,,23.189613342285156,,,,,
0,,,279,,,,,,,15.329585075378418,,,,,
0,,,299,,,,,,,22.573617935180664,,,,,
0,,,319,,,,,,,22.2397403717041,,,,,
0,,,339,,,,,,,30.883176803588867,,,,,
0,,,359,,,,,,,23.635448455810547,,,,,
0,,,379,,,,,,,25.07508087158203,,,,,
0,,,399,,,,,,,27.499237060546875,,,,,
0,,,419,,,,,,,28.219158172607422,,,,,
0,,,439,,,,,,,14.343514442443848,,,,,
0,,,459,,,,,,,23.341482162475586,,,,,
0,,,479,,,,,,,20.65140151977539,,,,,
0,,,499,,,,,,,23.800783157348633,,,,,
0,,,519,,,,,,,25.381038665771484,,,,,
0,,,539,,,,,,,25.67839813232422,,,,,
0,,,559,,,,,,,29.10041618347168,,,,,
0,,,579,,,,,,,31.418853759765625,,,,,
0,,,599,,,,,,,18.554588317871094,,,,,
0,,,619,,,,,,,23.600963592529297,,,,,
0,,,639,,,,,,,27.911605834960938,,,,,
0,,,659,,,,,,,30.70610237121582,,,,,
0,,,679,,,,,,,28.09449005126953,,,,,
0,,,699,,,,,,,21.845417022705078,,,,,
0,,,716,,,,,,,,0.2709348797798157,0.2642478346824646,18.506093978881836,0.026859937235713005,0.2694534957408905
0,,,716,,,,,0.2597581148147583,24.736053466796875,,,,,,
,2.9999999999999997e-05,2.9999999999999997e-05,717,,,,,,,,,,,,
1,,,719,,,,,,,16.004295349121094,,,,,
1,,,739,,,,,,,8.576324462890625,,,,,
1,,,759,,,,,,,5.34770393371582,,,,,
1,,,779,,,,,,,4.4692301750183105,,,,,
1,,,799,,,,,,,4.679374694824219,,,,,
1,,,819,,,,,,,4.412149906158447,,,,,
1,,,839,,,,,,,4.1510114669799805,,,,,
1,,,859,,,,,,,5.25032901763916,,,,,
1,,,879,,,,,,,4.958290100097656,,,,,
1,,,899,,,,,,,4.404532432556152,,,,,
1,,,919,,,,,,,4.071115970611572,,,,,
1,,,939,,,,,,,4.399636268615723,,,,,
1,,,959,,,,,,,4.281870365142822,,,,,
1,,,979,,,,,,,3.8929715156555176,,,,,
1,,,999,,,,,,,5.6437883377075195,,,,,
1,,,1019,,,,,,,5.218703746795654,,,,,
1,,,1039,,,,,,,5.3243560791015625,,,,,
1,,,1059,,,,,,,4.513197898864746,,,,,
1,,,1079,,,,,,,3.8184075355529785,,,,,
1,,,1099,,,,,,,5.067867279052734,,,,,
1,,,1119,,,,,,,4.203244209289551,,,,,
1,,,1139,,,,,,,5.2506489753723145,,,,,
1,,,1159,,,,,,,4.464372634887695,,,,,
1,,,1179,,,,,,,4.4921464920043945,,,,,
1,,,1199,,,,,,,3.8492674827575684,,,,,
1,,,1219,,,,,,,5.045797824859619,,,,,
1,,,1239,,,,,,,3.7875993251800537,,,,,
1,,,1259,,,,,,,4.397710800170898,,,,,
1,,,1279,,,,,,,5.374820709228516,,,,,
1,,,1299,,,,,,,4.934832572937012,,,,,
1,,,1319,,,,,,,3.643124580383301,,,,,
1,,,1339,,,,,,,4.047884941101074,,,,,
1,,,1359,,,,,,,3.5136406421661377,,,,,
1,,,1379,,,,,,,4.602566242218018,,,,,
1,,,1399,,,,,,,3.5495502948760986,,,,,
1,,,1419,,,,,,,4.808006763458252,,,,,
1,,,1433,,,,,,,,0.3028154671192169,0.1790086030960083,5.287287712097168,0.14164476096630096,0.3213467299938202
1,,,1433,,,,,0.26196232438087463,4.6541643142700195,,,,,,
,5.9999999999999995e-05,5.9999999999999995e-05,1434,,,,,,,,,,,,
2,,,1439,,,,,,,4.419483184814453,,,,,
2,,,1459,,,,,,,4.65655517578125,,,,,
2,,,1479,,,,,,,4.938484191894531,,,,,
2,,,1499,,,,,,,3.4526937007904053,,,,,
2,,,1519,,,,,,,3.2972373962402344,,,,,
2,,,1539,,,,,,,3.3691301345825195,,,,,
2,,,1559,,,,,,,4.8055877685546875,,,,,
2,,,1579,,,,,,,4.76937198638916,,,,,
2,,,1599,,,,,,,4.319602012634277,,,,,
2,,,1619,,,,,,,6.17274284362793,,,,,
2,,,1639,,,,,,,4.374950408935547,,,,,
2,,,1659,,,,,,,3.5737199783325195,,,,,
2,,,1679,,,,,,,4.508169174194336,,,,,
2,,,1699,,,,,,,4.078734397888184,,,,,
2,,,1719,,,,,,,3.56427001953125,,,,,
2,,,1739,,,,,,,4.426435470581055,,,,,
2,,,1759,,,,,,,3.726731777191162,,,,,
2,,,1779,,,,,,,2.968947172164917,,,,,
2,,,1799,,,,,,,3.98146390914917,,,,,
2,,,1819,,,,,,,5.194612503051758,,,,,
2,,,1839,,,,,,,6.283927917480469,,,,,
2,,,1859,,,,,,,3.56564998626709,,,,,
2,,,1879,,,,,,,4.286142349243164,,,,,
2,,,1899,,,,,,,3.6611928939819336,,,,,
2,,,1919,,,,,,,2.869586706161499,,,,,
2,,,1939,,,,,,,3.810559034347534,,,,,
2,,,1959,,,,,,,3.7326064109802246,,,,,
2,,,1979,,,,,,,3.866480827331543,,,,,
2,,,1999,,,,,,,5.0249152183532715,,,,,
2,,,2019,,,,,,,3.9219906330108643,,,,,
2,,,2039,,,,,,,3.7078142166137695,,,,,
2,,,2059,,,,,,,2.829739570617676,,,,,
2,,,2079,,,,,,,3.1245100498199463,,,,,
2,,,2099,,,,,,,2.886770248413086,,,,,
2,,,2119,,,,,,,2.854243755340576,,,,,
2,,,2139,,,,,,,3.423501968383789,,,,,
2,,,2150,,,,,,,,0.2581239640712738,0.14548759162425995,6.270049571990967,0.04308149963617325,0.3532226085662842
2,,,2150,,,,,0.27429696917533875,4.034002780914307,,,,,,
,8.999999999999999e-05,8.999999999999999e-05,2151,,,,,,,,,,,,
3,,,2159,,,,,,,4.385195255279541,,,,,
3,,,2179,,,,,,,2.594978094100952,,,,,
3,,,2199,,,,,,,4.856795787811279,,,,,
3,,,2219,,,,,,,2.967568874359131,,,,,
3,,,2239,,,,,,,3.229173183441162,,,,,
3,,,2259,,,,,,,4.757599353790283,,,,,
3,,,2279,,,,,,,2.9453015327453613,,,,,
3,,,2299,,,,,,,5.827604293823242,,,,,
3,,,2319,,,,,,,3.188081741333008,,,,,
3,,,2339,,,,,,,2.798612117767334,,,,,
3,,,2359,,,,,,,3.2354867458343506,,,,,
3,,,2379,,,,,,,2.0288748741149902,,,,,
3,,,2399,,,,,,,3.6802759170532227,,,,,
3,,,2419,,,,,,,3.1530494689941406,,,,,
3,,,2439,,,,,,,3.5530807971954346,,,,,
3,,,2459,,,,,,,5.719088554382324,,,,,
3,,,2479,,,,,,,4.651042938232422,,,,,
3,,,2499,,,,,,,2.8838388919830322,,,,,
3,,,2519,,,,,,,5.440739631652832,,,,,
3,,,2539,,,,,,,4.503891944885254,,,,,
3,,,2559,,,,,,,4.93178653717041,,,,,
3,,,2579,,,,,,,4.963836669921875,,,,,
3,,,2599,,,,,,,4.125410556793213,,,,,
3,,,2619,,,,,,,3.9745302200317383,,,,,
3,,,2639,,,,,,,4.7563157081604,,,,,
3,,,2659,,,,,,,3.5840377807617188,,,,,
3,,,2679,,,,,,,2.581937551498413,,,,,
3,,,2699,,,,,,,2.5284264087677,,,,,
3,,,2719,,,,,,,4.6388139724731445,,,,,
3,,,2739,,,,,,,3.570371150970459,,,,,
3,,,2759,,,,,,,2.4051222801208496,,,,,
3,,,2779,,,,,,,5.983468532562256,,,,,
3,,,2799,,,,,,,1.8670655488967896,,,,,
3,,,2819,,,,,,,3.3634822368621826,,,,,
3,,,2839,,,,,,,5.191431999206543,,,,,
3,,,2859,,,,,,,3.9100699424743652,,,,,
3,,,2867,,,,,,,,0.34533894062042236,0.29609283804893494,9.298998832702637,0.1638754904270172,0.3473312258720398
3,,,2867,,,,,0.30172890424728394,3.4901795387268066,,,,,,
,0.00011999999999999999,0.00011999999999999999,2868,,,,,,,,,,,,
4,,,2879,,,,,,,3.567941427230835,,,,,
4,,,2899,,,,,,,2.311319589614868,,,,,
4,,,2919,,,,,,,4.356724739074707,,,,,
4,,,2939,,,,,,,4.196250915527344,,,,,
4,,,2959,,,,,,,2.7303555011749268,,,,,
4,,,2979,,,,,,,1.8812881708145142,,,,,
4,,,2999,,,,,,,4.591362953186035,,,,,
4,,,3019,,,,,,,2.686282157897949,,,,,
4,,,3039,,,,,,,5.011227607727051,,,,,
4,,,3059,,,,,,,5.540412902832031,,,,,
4,,,3079,,,,,,,4.67491340637207,,,,,
4,,,3099,,,,,,,2.135965585708618,,,,,
4,,,3119,,,,,,,4.294855117797852,,,,,
4,,,3139,,,,,,,4.7650861740112305,,,,,
4,,,3159,,,,,,,2.2871978282928467,,,,,
4,,,3179,,,,,,,2.911546230316162,,,,,
4,,,3199,,,,,,,2.0917952060699463,,,,,
4,,,3219,,,,,,,2.4081780910491943,,,,,
4,,,3239,,,,,,,1.539779782295227,,,,,
4,,,3259,,,,,,,2.1904685497283936,,,,,
4,,,3279,,,,,,,1.747724175453186,,,,,
4,,,3299,,,,,,,4.065542697906494,,,,,
4,,,3319,,,,,,,2.297811985015869,,,,,
4,,,3339,,,,,,,4.709840297698975,,,,,
4,,,3359,,,,,,,1.6926946640014648,,,,,
4,,,3379,,,,,,,5.760960578918457,,,,,
4,,,3399,,,,,,,2.3268890380859375,,,,,
4,,,3419,,,,,,,6.250703811645508,,,,,
4,,,3439,,,,,,,1.5754276514053345,,,,,
4,,,3459,,,,,,,3.182034492492676,,,,,
4,,,3479,,,,,,,3.476449489593506,,,,,
4,,,3499,,,,,,,1.778862714767456,,,,,
4,,,3519,,,,,,,1.8654980659484863,,,,,
4,,,3539,,,,,,,5.0977935791015625,,,,,
4,,,3559,,,,,,,2.7594103813171387,,,,,
4,,,3579,,,,,,,7.965038776397705,,,,,
4,,,3584,,,,,,,,0.2566775679588318,0.114932119846344,6.677879810333252,0.020084301009774208,0.6158162355422974
4,,,3584,,,,,0.3173521161079407,3.164726495742798,,,,,,
,0.00015,0.00015,3585,,,,,,,,,,,,
5,,,3599,,,,,,,2.906400442123413,,,,,
5,,,3619,,,,,,,3.0404160022735596,,,,,
5,,,3639,,,,,,,3.2456579208374023,,,,,
5,,,3659,,,,,,,3.3124775886535645,,,,,
5,,,3679,,,,,,,5.452928066253662,,,,,
5,,,3699,,,,,,,1.4015439748764038,,,,,
5,,,3719,,,,,,,4.040293216705322,,,,,
5,,,3739,,,,,,,5.7551469802856445,,,,,
5,,,3759,,,,,,,3.8043034076690674,,,,,
5,,,3779,,,,,,,2.27720308303833,,,,,
5,,,3799,,,,,,,2.1038272380828857,,,,,
5,,,3819,,,,,,,1.8773283958435059,,,,,
5,,,3839,,,,,,,1.6013537645339966,,,,,
5,,,3859,,,,,,,2.212451696395874,,,,,
5,,,3879,,,,,,,2.1497440338134766,,,,,
5,,,3899,,,,,,,1.7799019813537598,,,,,
5,,,3919,,,,,,,3.6703662872314453,,,,,
5,,,3939,,,,,,,3.819183826446533,,,,,
5,,,3959,,,,,,,4.2883381843566895,,,,,
5,,,3979,,,,,,,4.707766532897949,,,,,
5,,,3999,,,,,,,4.0161237716674805,,,,,
5,,,4019,,,,,,,3.1597280502319336,,,,,
5,,,4039,,,,,,,2.362415075302124,,,,,
5,,,4059,,,,,,,1.426798701286316,,,,,
5,,,4079,,,,,,,4.73595666885376,,,,,
5,,,4099,,,,,,,1.701511025428772,,,,,
5,,,4119,,,,,,,1.628770351409912,,,,,
5,,,4139,,,,,,,2.365755558013916,,,,,
5,,,4159,,,,,,,4.25367546081543,,,,,
5,,,4179,,,,,,,2.190256118774414,,,,,
5,,,4199,,,,,,,3.0453176498413086,,,,,
5,,,4219,,,,,,,5.287125587463379,,,,,
5,,,4239,,,,,,,1.4221911430358887,,,,,
5,,,4259,,,,,,,4.009460926055908,,,,,
5,,,4279,,,,,,,3.9697213172912598,,,,,
5,,,4299,,,,,,,1.3247292041778564,,,,,
5,,,4301,,,,,,,,0.27496105432510376,0.18772262334823608,7.380483150482178,0.0791330561041832,0.37696847319602966
5,,,4301,,,,,0.33370018005371094,2.8469982147216797,,,,,,
,0.00017999999999999998,0.00017999999999999998,4302,,,,,,,,,,,,
6,,,4319,,,,,,,4.765751361846924,,,,,
6,,,4339,,,,,,,3.5953400135040283,,,,,
6,,,4359,,,,,,,1.6143662929534912,,,,,
6,,,4379,,,,,,,1.5251243114471436,,,,,
6,,,4399,,,,,,,1.0939993858337402,,,,,
6,,,4419,,,,,,,2.7254698276519775,,,,,
6,,,4439,,,,,,,2.5379507541656494,,,,,
6,,,4459,,,,,,,3.706263542175293,,,,,
6,,,4479,,,,,,,2.0529913902282715,,,,,
6,,,4499,,,,,,,1.5818917751312256,,,,,
6,,,4519,,,,,,,1.7967898845672607,,,,,
6,,,4539,,,,,,,1.6369457244873047,,,,,
6,,,4559,,,,,,,1.2793817520141602,,,,,
6,,,4579,,,,,,,1.5111433267593384,,,,,
6,,,4599,,,,,,,1.84190034866333,,,,,
6,,,4619,,,,,,,2.7885265350341797,,,,,
6,,,4639,,,,,,,3.483649969100952,,,,,
6,,,4659,,,,,,,1.412177324295044,,,,,
6,,,4679,,,,,,,1.0317130088806152,,,,,
6,,,4699,,,,,,,3.993640899658203,,,,,
6,,,4719,,,,,,,2.7288365364074707,,,,,
6,,,4739,,,,,,,1.9880045652389526,,,,,
6,,,4759,,,,,,,1.2706879377365112,,,,,
6,,,4779,,,,,,,4.927850723266602,,,,,
6,,,4799,,,,,,,4.792928695678711,,,,,
6,,,4819,,,,,,,4.8674139976501465,,,,,
6,,,4839,,,,,,,1.1385122537612915,,,,,
6,,,4859,,,,,,,1.9300684928894043,,,,,
6,,,4879,,,,,,,2.0587291717529297,,,,,
6,,,4899,,,,,,,3.4992494583129883,,,,,
6,,,4919,,,,,,,4.047991752624512,,,,,
6,,,4939,,,,,,,1.2027368545532227,,,,,
6,,,4959,,,,,,,1.2900543212890625,,,,,
6,,,4979,,,,,,,2.8962817192077637,,,,,
6,,,4999,,,,,,,1.654067039489746,,,,,
6,,,5018,,,,,,,,0.3880523443222046,0.33775606751441956,9.793651580810547,0.2236950397491455,0.35433149337768555
6,,,5018,,,,,0.3354574739933014,2.705235004425049,,,,,,
,0.00020999999999999998,0.00020999999999999998,5019,,,,,,,,,,,,
7,,,5019,,,,,,,4.938910484313965,,,,,
7,,,5039,,,,,,,3.461019515991211,,,,,
7,,,5059,,,,,,,1.9762821197509766,,,,,
7,,,5079,,,,,,,2.1846630573272705,,,,,
7,,,5099,,,,,,,3.1808853149414062,,,,,
7,,,5119,,,,,,,1.3260260820388794,,,,,
7,,,5139,,,,,,,3.600668430328369,,,,,
7,,,5159,,,,,,,2.4564242362976074,,,,,
7,,,5179,,,,,,,3.078702926635742,,,,,
7,,,5199,,,,,,,1.2796661853790283,,,,,
7,,,5219,,,,,,,3.8352749347686768,,,,,
7,,,5239,,,,,,,1.6503682136535645,,,,,
7,,,5259,,,,,,,4.449044227600098,,,,,
7,,,5279,,,,,,,3.2566537857055664,,,,,
7,,,5299,,,,,,,4.054840087890625,,,,,
7,,,5319,,,,,,,3.1689133644104004,,,,,
7,,,5339,,,,,,,3.2149384021759033,,,,,
7,,,5359,,,,,,,2.1312546730041504,,,,,
7,,,5379,,,,,,,4.714987277984619,,,,,
7,,,5399,,,,,,,2.095288038253784,,,,,
7,,,5419,,,,,,,1.8023432493209839,,,,,
7,,,5439,,,,,,,4.111658096313477,,,,,
7,,,5459,,,,,,,5.0040483474731445,,,,,
7,,,5479,,,,,,,2.8629562854766846,,,,,
7,,,5499,,,,,,,4.33917760848999,,,,,
7,,,5519,,,,,,,1.2682578563690186,,,,,
7,,,5539,,,,,,,4.503477573394775,,,,,
7,,,5559,,,,,,,2.1537649631500244,,,,,
7,,,5579,,,,,,,2.0835862159729004,,,,,
7,,,5599,,,,,,,1.7129168510437012,,,,,
7,,,5619,,,,,,,1.6379421949386597,,,,,
7,,,5639,,,,,,,1.5082695484161377,,,,,
7,,,5659,,,,,,,1.181006908416748,,,,,
7,,,5679,,,,,,,1.4704681634902954,,,,,
7,,,5699,,,,,,,1.0575623512268066,,,,,
7,,,5719,,,,,,,2.1534507274627686,,,,,
7,,,5735,,,,,,,,0.31163716316223145,0.24432019889354706,8.929909706115723,0.1309613287448883,0.3413088023662567
7,,,5735,,,,,0.34182536602020264,2.5858864784240723,,,,,,
,0.00023999999999999998,0.00023999999999999998,5736,,,,,,,,,,,,
8,,,5739,,,,,,,1.1452983617782593,,,,,
8,,,5759,,,,,,,5.874975204467773,,,,,
8,,,5779,,,,,,,1.112389326095581,,,,,
8,,,5799,,,,,,,4.036736488342285,,,,,
8,,,5819,,,,,,,1.6318957805633545,,,,,
8,,,5839,,,,,,,1.325724482536316,,,,,
8,,,5859,,,,,,,4.181036949157715,,,,,
8,,,5879,,,,,,,1.441138744354248,,,,,
8,,,5899,,,,,,,0.9338787198066711,,,,,
8,,,5919,,,,,,,3.182055950164795,,,,,
8,,,5939,,,,,,,4.632924556732178,,,,,
8,,,5959,,,,,,,1.5572772026062012,,,,,
8,,,5979,,,,,,,3.7958664894104004,,,,,
8,,,5999,,,,,,,4.127818584442139,,,,,
8,,,6019,,,,,,,1.570775032043457,,,,,
8,,,6039,,,,,,,4.131468772888184,,,,,
8,,,6059,,,,,,,2.1730458736419678,,,,,
8,,,6079,,,,,,,5.229889869689941,,,,,
8,,,6099,,,,,,,1.1491436958312988,,,,,
8,,,6119,,,,,,,1.3936890363693237,,,,,
8,,,6139,,,,,,,6.775252342224121,,,,,
8,,,6159,,,,,,,1.774491786956787,,,,,
8,,,6179,,,,,,,6.287142753601074,,,,,
8,,,6199,,,,,,,3.4785196781158447,,,,,
8,,,6219,,,,,,,3.0422253608703613,,,,,
8,,,6239,,,,,,,4.679491996765137,,,,,
8,,,6259,,,,,,,3.709367275238037,,,,,
8,,,6279,,,,,,,4.926423072814941,,,,,
8,,,6299,,,,,,,1.0634961128234863,,,,,
8,,,6319,,,,,,,4.206979751586914,,,,,
8,,,6339,,,,,,,6.433640480041504,,,,,
8,,,6359,,,,,,,1.0184359550476074,,,,,
8,,,6379,,,,,,,2.524538993835449,,,,,
8,,,6399,,,,,,,2.060283899307251,,,,,
8,,,6419,,,,,,,1.5998809337615967,,,,,
8,,,6439,,,,,,,1.1269761323928833,,,,,
8,,,6452,,,,,,,,0.25391554832458496,0.09974529594182968,5.780910968780518,0.03197811171412468,0.210377037525177
8,,,6452,,,,,0.34958207607269287,2.525928020477295,,,,,,
,0.00027,0.00027,6453,,,,,,,,,,,,
9,,,6459,,,,,,,4.153343677520752,,,,,
9,,,6479,,,,,,,1.1365175247192383,,,,,
9,,,6499,,,,,,,3.371126174926758,,,,,
9,,,6519,,,,,,,3.0333077907562256,,,,,
9,,,6539,,,,,,,2.0165157318115234,,,,,
9,,,6559,,,,,,,1.557656168937683,,,,,
9,,,6579,,,,,,,1.8721147775650024,,,,,
9,,,6599,,,,,,,1.3905454874038696,,,,,
9,,,6619,,,,,,,2.5732812881469727,,,,,
9,,,6639,,,,,,,4.5345258712768555,,,,,
9,,,6659,,,,,,,5.730314254760742,,,,,
9,,,6679,,,,,,,2.88320255279541,,,,,
9,,,6699,,,,,,,1.1816339492797852,,,,,
9,,,6719,,,,,,,1.702946662902832,,,,,
9,,,6739,,,,,,,1.303194284439087,,,,,
9,,,6759,,,,,,,1.3075987100601196,,,,,
9,,,6779,,,,,,,1.3818576335906982,,,,,
9,,,6799,,,,,,,3.5454349517822266,,,,,
9,,,6819,,,,,,,3.324859142303467,,,,,
9,,,6839,,,,,,,2.4748058319091797,,,,,
9,,,6859,,,,,,,1.160668134689331,,,,,
9,,,6879,,,,,,,1.8856720924377441,,,,,
9,,,6899,,,,,,,3.890321969985962,,,,,
9,,,6919,,,,,,,2.732548236846924,,,,,
9,,,6939,,,,,,,4.924138069152832,,,,,
9,,,6959,,,,,,,1.2530626058578491,,,,,
9,,,6979,,,,,,,3.91646409034729,,,,,
9,,,6999,,,,,,,3.904080867767334,,,,,
9,,,7019,,,,,,,4.003755569458008,,,,,
9,,,7039,,,,,,,1.3735605478286743,,,,,
9,,,7059,,,,,,,4.017637252807617,,,,,
9,,,7079,,,,,,,5.745016098022461,,,,,
9,,,7099,,,,,,,2.0329413414001465,,,,,
9,,,7119,,,,,,,3.537993907928467,,,,,
9,,,7139,,,,,,,1.2399797439575195,,,,,
9,,,7159,,,,,,,2.4202966690063477,,,,,
9,,,7169,,,,,,,,0.25235146284103394,0.16069930791854858,8.048704147338867,0.0322539322078228,0.3142261803150177
9,,,7169,,,,,0.3427504599094391,2.4625301361083984,,,,,,
,0.0003,0.0003,7170,,,,,,,,,,,,
10,,,7179,,,,,,,2.3995697498321533,,,,,
10,,,7199,,,,,,,1.6442539691925049,,,,,
10,,,7219,,,,,,,1.1338286399841309,,,,,
10,,,7239,,,,,,,1.8938437700271606,,,,,
10,,,7259,,,,,,,1.2335827350616455,,,,,
10,,,7279,,,,,,,1.6171703338623047,,,,,
10,,,7299,,,,,,,3.0293617248535156,,,,,
10,,,7319,,,,,,,4.297378063201904,,,,,
10,,,7339,,,,,,,2.7463040351867676,,,,,
10,,,7359,,,,,,,1.8805177211761475,,,,,
10,,,7379,,,,,,,1.0431303977966309,,,,,
10,,,7399,,,,,,,1.0702323913574219,,,,,
10,,,7419,,,,,,,1.5552681684494019,,,,,
10,,,7439,,,,,,,1.977276086807251,,,,,
10,,,7459,,,,,,,1.6215050220489502,,,,,
10,,,7479,,,,,,,1.0178017616271973,,,,,
10,,,7499,,,,,,,2.6794025897979736,,,,,
10,,,7519,,,,,,,3.16845440864563,,,,,
10,,,7539,,,,,,,3.9442524909973145,,,,,
10,,,7559,,,,,,,1.4853342771530151,,,,,
10,,,7579,,,,,,,2.5528204441070557,,,,,
10,,,7599,,,,,,,1.773813247680664,,,,,
10,,,7619,,,,,,,1.0413404703140259,,,,,
10,,,7639,,,,,,,2.807455539703369,,,,,
10,,,7659,,,,,,,2.756660223007202,,,,,
10,,,7679,,,,,,,2.973161220550537,,,,,
10,,,7699,,,,,,,3.783413887023926,,,,,
10,,,7719,,,,,,,3.830446720123291,,,,,
10,,,7739,,,,,,,2.664824962615967,,,,,
10,,,7759,,,,,,,2.9631199836730957,,,,,
10,,,7779,,,,,,,1.1119763851165771,,,,,
10,,,7799,,,,,,,1.2384319305419922,,,,,
10,,,7819,,,,,,,1.1877012252807617,,,,,
10,,,7839,,,,,,,3.4872918128967285,,,,,
10,,,7859,,,,,,,0.9699437618255615,,,,,
10,,,7879,,,,,,,1.8926327228546143,,,,,
10,,,7886,,,,,,,,0.2796472907066345,0.19561783969402313,8.819725036621094,0.08761750906705856,0.1803475022315979
10,,,7886,,,,,0.3492872714996338,2.385345220565796,,,,,,
,0.0002998489599811972,0.0002998489599811972,7887,,,,,,,,,,,,
11,,,7899,,,,,,,1.734315037727356,,,,,
11,,,7919,,,,,,,3.1184089183807373,,,,,
11,,,7939,,,,,,,2.2993621826171875,,,,,
11,,,7959,,,,,,,4.714831829071045,,,,,
11,,,7979,,,,,,,1.5593303442001343,,,,,
11,,,7999,,,,,,,3.8358259201049805,,,,,
11,,,8019,,,,,,,1.9752254486083984,,,,,
11,,,8039,,,,,,,4.084565162658691,,,,,
11,,,8059,,,,,,,3.5528793334960938,,,,,
11,,,8079,,,,,,,3.8227295875549316,,,,,
11,,,8099,,,,,,,3.436413288116455,,,,,
11,,,8119,,,,,,,3.783362627029419,,,,,
11,,,8139,,,,,,,1.408904790878296,,,,,
11,,,8159,,,,,,,1.5014395713806152,,,,,
11,,,8179,,,,,,,1.6702349185943604,,,,,
11,,,8199,,,,,,,1.862032413482666,,,,,
11,,,8219,,,,,,,1.3800157308578491,,,,,
11,,,8239,,,,,,,1.1452149152755737,,,,,
11,,,8259,,,,,,,2.1588799953460693,,,,,
11,,,8279,,,,,,,2.640164852142334,,,,,
11,,,8299,,,,,,,2.658987045288086,,,,,
11,,,8319,,,,,,,3.3391146659851074,,,,,
11,,,8339,,,,,,,1.3350642919540405,,,,,
11,,,8359,,,,,,,1.3494080305099487,,,,,
11,,,8379,,,,,,,1.2716704607009888,,,,,
11,,,8399,,,,,,,1.0030269622802734,,,,,
11,,,8419,,,,,,,4.160286903381348,,,,,
11,,,8439,,,,,,,3.8275842666625977,,,,,
11,,,8459,,,,,,,1.0845988988876343,,,,,
11,,,8479,,,,,,,4.783139228820801,,,,,
11,,,8499,,,,,,,1.2728193998336792,,,,,
11,,,8519,,,,,,,1.034816861152649,,,,,
11,,,8539,,,,,,,2.513350486755371,,,,,
11,,,8559,,,,,,,0.882534384727478,,,,,
11,,,8579,,,,,,,1.0413681268692017,,,,,
11,,,8599,,,,,,,1.5140019655227661,,,,,
11,,,8603,,,,,,,,0.25232255458831787,0.10374991595745087,6.8235979080200195,0.016687612980604172,0.16004332900047302
11,,,8603,,,,,0.3624078631401062,2.2825047969818115,,,,,,
,0.00029939614409928584,0.00029939614409928584,8604,,,,,,,,,,,,
12,,,8619,,,,,,,2.99794340133667,,,,,
12,,,8639,,,,,,,1.0209804773330688,,,,,
12,,,8659,,,,,,,3.703918933868408,,,,,
12,,,8679,,,,,,,1.6391642093658447,,,,,
12,,,8699,,,,,,,1.395399808883667,,,,,
12,,,8719,,,,,,,0.9154266715049744,,,,,
12,,,8739,,,,,,,1.1835027933120728,,,,,
12,,,8759,,,,,,,3.2431139945983887,,,,,
12,,,8779,,,,,,,1.2824082374572754,,,,,
12,,,8799,,,,,,,3.598313808441162,,,,,
12,,,8819,,,,,,,1.059485673904419,,,,,
12,,,8839,,,,,,,1.8367104530334473,,,,,
12,,,8859,,,,,,,3.145749092102051,,,,,
12,,,8879,,,,,,,3.4108142852783203,,,,,
12,,,8899,,,,,,,4.053304672241211,,,,,
12,,,8919,,,,,,,3.010417938232422,,,,,
12,,,8939,,,,,,,1.4401166439056396,,,,,
12,,,8959,,,,,,,0.8894667625427246,,,,,
12,,,8979,,,,,,,1.00667142868042,,,,,
12,,,8999,,,,,,,1.7486695051193237,,,,,
12,,,9019,,,,,,,4.899145603179932,,,,,
12,,,9039,,,,,,,3.1713476181030273,,,,,
12,,,9059,,,,,,,2.61572265625,,,,,
12,,,9079,,,,,,,1.5626667737960815,,,,,
12,,,9099,,,,,,,1.1113300323486328,,,,,
12,,,9119,,,,,,,5.38593864440918,,,,,
12,,,9139,,,,,,,2.576503038406372,,,,,
12,,,9159,,,,,,,1.0940781831741333,,,,,
12,,,9179,,,,,,,1.1953773498535156,,,,,
12,,,9199,,,,,,,0.9647058844566345,,,,,
12,,,9219,,,,,,,0.9682266712188721,,,,,
12,,,9239,,,,,,,1.0870916843414307,,,,,
12,,,9259,,,,,,,2.9717068672180176,,,,,
12,,,9279,,,,,,,3.951389789581299,,,,,
12,,,9299,,,,,,,3.5695388317108154,,,,,
12,,,9319,,,,,,,3.04949951171875,,,,,
12,,,9320,,,,,,,,0.32190388441085815,0.2729733884334564,9.460347175598145,0.14251460134983063,0.34546995162963867
12,,,9320,,,,,0.3541279435157776,2.2726166248321533,,,,,,
,0.0002986424642651902,0.0002986424642651902,9321,,,,,,,,,,,,
13,,,9339,,,,,,,1.446036696434021,,,,,
13,,,9359,,,,,,,3.047542095184326,,,,,
13,,,9379,,,,,,,3.25982666015625,,,,,
13,,,9399,,,,,,,1.1724512577056885,,,,,
13,,,9419,,,,,,,4.237367630004883,,,,,
13,,,9439,,,,,,,2.157660961151123,,,,,
13,,,9459,,,,,,,2.031574249267578,,,,,
13,,,9479,,,,,,,1.0989793539047241,,,,,
13,,,9499,,,,,,,1.2813149690628052,,,,,
13,,,9519,,,,,,,3.8233683109283447,,,,,
13,,,9539,,,,,,,2.6611456871032715,,,,,
13,,,9559,,,,,,,3.6846277713775635,,,,,
13,,,9579,,,,,,,2.4063005447387695,,,,,
13,,,9599,,,,,,,3.8530197143554688,,,,,
13,,,9619,,,,,,,0.7891948819160461,,,,,
13,,,9639,,,,,,,3.6178548336029053,,,,,
13,,,9659,,,,,,,1.2666800022125244,,,,,
13,,,9679,,,,,,,0.9634969234466553,,,,,
13,,,9699,,,,,,,1.037733793258667,,,,,
13,,,9719,,,,,,,2.3440895080566406,,,,,
13,,,9739,,,,,,,3.5227770805358887,,,,,
13,,,9759,,,,,,,2.888354539871216,,,,,
13,,,9779,,,,,,,4.260509014129639,,,,,
13,,,9799,,,,,,,3.78145170211792,,,,,
13,,,9819,,,,,,,0.9545889496803284,,,,,
13,,,9839,,,,,,,2.9897994995117188,,,,,
13,,,9859,,,,,,,2.9630181789398193,,,,,
13,,,9879,,,,,,,4.022838592529297,,,,,
13,,,9899,,,,,,,3.071207046508789,,,,,
13,,,9919,,,,,,,1.7172272205352783,,,,,
13,,,9939,,,,,,,0.9598243236541748,,,,,
13,,,9959,,,,,,,1.5501887798309326,,,,,
13,,,9979,,,,,,,3.933638095855713,,,,,
13,,,9999,,,,,,,1.069305658340454,,,,,
13,,,10019,,,,,,,1.701852560043335,,,,,
13,,,10037,,,,,,,,0.2438853532075882,0.1095670610666275,6.805032253265381,-0.004828976932913065,0.167792409658432
13,,,10037,,,,,0.3585140109062195,2.2663326263427734,,,,,,
,0.00029758943828979444,0.00029758943828979444,10038,,,,,,,,,,,,
14,,,10039,,,,,,,0.9667574763298035,,,,,
14,,,10059,,,,,,,3.156541585922241,,,,,
14,,,10079,,,,,,,1.1463449001312256,,,,,
14,,,10099,,,,,,,2.115443229675293,,,,,
14,,,10119,,,,,,,1.31538724899292,,,,,
14,,,10139,,,,,,,0.8828500509262085,,,,,
14,,,10159,,,,,,,1.5810757875442505,,,,,
14,,,10179,,,,,,,3.3366036415100098,,,,,
14,,,10199,,,,,,,1.8998854160308838,,,,,
14,,,10219,,,,,,,2.00998854637146,,,,,
14,,,10239,,,,,,,0.8869516849517822,,,,,
14,,,10259,,,,,,,1.0990177392959595,,,,,
14,,,10279,,,,,,,1.026594638824463,,,,,
14,,,10299,,,,,,,2.5883357524871826,,,,,
14,,,10319,,,,,,,2.7593626976013184,,,,,
14,,,10339,,,,,,,3.2037014961242676,,,,,
14,,,10359,,,,,,,4.382397651672363,,,,,
14,,,10379,,,,,,,2.4305615425109863,,,,,
14,,,10399,,,,,,,1.1305677890777588,,,,,
14,,,10419,,,,,,,1.188245177268982,,,,,
14,,,10439,,,,,,,3.419992685317993,,,,,
14,,,10459,,,,,,,1.6169055700302124,,,,,
14,,,10479,,,,,,,1.060484766960144,,,,,
14,,,10499,,,,,,,3.7523245811462402,,,,,
14,,,10519,,,,,,,1.09750497341156,,,,,
14,,,10539,,,,,,,1.1514403820037842,,,,,
14,,,10559,,,,,,,1.7928481101989746,,,,,
14,,,10579,,,,,,,0.979075014591217,,,,,
14,,,10599,,,,,,,3.648695945739746,,,,,
14,,,10619,,,,,,,2.5048885345458984,,,,,
14,,,10639,,,,,,,4.207590103149414,,,,,
14,,,10659,,,,,,,2.383904218673706,,,,,
14,,,10679,,,,,,,4.054355621337891,,,,,
14,,,10699,,,,,,,1.2423114776611328,,,,,
14,,,10719,,,,,,,3.3534865379333496,,,,,
14,,,10739,,,,,,,2.7714295387268066,,,,,
14,,,10754,,,,,,,,0.34104880690574646,0.29671311378479004,8.383417129516602,0.1624913364648819,0.34709808230400085
14,,,10754,,,,,0.36600106954574585,2.2687604427337646,,,,,,
,0.0002962391868272735,0.0002962391868272735,10755,,,,,,,,,,,,
15,,,10759,,,,,,,3.429525375366211,,,,,
15,,,10779,,,,,,,1.9466259479522705,,,,,
15,,,10799,,,,,,,0.9957341551780701,,,,,
15,,,10819,,,,,,,3.396448850631714,,,,,
15,,,10839,,,,,,,3.0859947204589844,,,,,
15,,,10859,,,,,,,1.0515779256820679,,,,,
15,,,10879,,,,,,,3.2389602661132812,,,,,
15,,,10899,,,,,,,3.6241111755371094,,,,,
15,,,10919,,,,,,,3.0735878944396973,,,,,
15,,,10939,,,,,,,0.9238395690917969,,,,,
15,,,10959,,,,,,,4.410384178161621,,,,,
15,,,10979,,,,,,,4.153314590454102,,,,,
15,,,10999,,,,,,,0.9804621338844299,,,,,
15,,,11019,,,,,,,4.209944725036621,,,,,
15,,,11039,,,,,,,3.135509967803955,,,,,
15,,,11059,,,,,,,0.937766969203949,,,,,
15,,,11079,,,,,,,0.9492852687835693,,,,,
15,,,11099,,,,,,,0.9987915754318237,,,,,
15,,,11119,,,,,,,0.9472516179084778,,,,,
15,,,11139,,,,,,,0.8873602151870728,,,,,
15,,,11159,,,,,,,1.2415072917938232,,,,,
15,,,11179,,,,,,,2.1476166248321533,,,,,
15,,,11199,,,,,,,3.797071933746338,,,,,
15,,,11219,,,,,,,3.655535936355591,,,,,
15,,,11239,,,,,,,4.834604263305664,,,,,
15,,,11259,,,,,,,2.5152487754821777,,,,,
15,,,11279,,,,,,,3.0421903133392334,,,,,
15,,,11299,,,,,,,1.3120676279067993,,,,,
15,,,11319,,,,,,,1.0092802047729492,,,,,
15,,,11339,,,,,,,0.9095230102539062,,,,,
15,,,11359,,,,,,,2.9914183616638184,,,,,
15,,,11379,,,,,,,0.9941285848617554,,,,,
15,,,11399,,,,,,,1.0417592525482178,,,,,
15,,,11419,,,,,,,1.811370849609375,,,,,
15,,,11439,,,,,,,0.8198082447052002,,,,,
15,,,11459,,,,,,,3.8750176429748535,,,,,
15,,,11471,,,,,,,,0.4107153117656708,0.363675981760025,8.908717155456543,0.2540377378463745,0.3743371069431305
15,,,11471,,,,,0.36401796340942383,2.199476718902588,,,,,,
,0.00029459442910437797,0.00029459442910437797,11472,,,,,,,,,,,,
16,,,11479,,,,,,,1.213570475578308,,,,,
16,,,11499,,,,,,,1.0556221008300781,,,,,
16,,,11519,,,,,,,1.3916319608688354,,,,,
16,,,11539,,,,,,,0.8749681711196899,,,,,
16,,,11559,,,,,,,0.9694809913635254,,,,,
16,,,11579,,,,,,,3.8473572731018066,,,,,
16,,,11599,,,,,,,1.4279953241348267,,,,,
16,,,11619,,,,,,,1.7663451433181763,,,,,
16,,,11639,,,,,,,3.7385878562927246,,,,,
16,,,11659,,,,,,,2.7481889724731445,,,,,
16,,,11679,,,,,,,1.6877210140228271,,,,,
16,,,11699,,,,,,,4.068418502807617,,,,,
16,,,11719,,,,,,,2.0763282775878906,,,,,
16,,,11739,,,,,,,1.0630180835723877,,,,,
16,,,11759,,,,,,,1.8981494903564453,,,,,
16,,,11779,,,,,,,1.06200110912323,,,,,
16,,,11799,,,,,,,3.076988458633423,,,,,
16,,,11819,,,,,,,3.045262575149536,,,,,
16,,,11839,,,,,,,1.3010493516921997,,,,,
16,,,11859,,,,,,,1.0211035013198853,,,,,
16,,,11879,,,,,,,3.243333339691162,,,,,
16,,,11899,,,,,,,1.144270420074463,,,,,
16,,,11919,,,,,,,3.709907054901123,,,,,
16,,,11939,,,,,,,0.9750468134880066,,,,,
16,,,11959,,,,,,,2.6194710731506348,,,,,
16,,,11979,,,,,,,2.530137062072754,,,,,
16,,,11999,,,,,,,1.9517576694488525,,,,,
16,,,12019,,,,,,,1.1407314538955688,,,,,
16,,,12039,,,,,,,1.4191616773605347,,,,,
16,,,12059,,,,,,,3.770306348800659,,,,,
16,,,12079,,,,,,,0.8815591931343079,,,,,
16,,,12099,,,,,,,4.153996467590332,,,,,
16,,,12119,,,,,,,0.9244897365570068,,,,,
16,,,12139,,,,,,,1.2801661491394043,,,,,
16,,,12159,,,,,,,2.7565202713012695,,,,,
16,,,12179,,,,,,,1.3104076385498047,,,,,
16,,,12188,,,,,,,,0.275634229183197,0.18587452173233032,6.957889556884766,0.0852690190076828,0.1976308524608612
16,,,12188,,,,,0.3713855743408203,2.100069999694824,,,,,,
17,,,12189,0.4107153117656708,0.7371485829353333,0.363675981760025,0.2540377378463745,,,,,,,,
