epoch,lr-AdamW/pg1,lr-AdamW/pg2,step,test/acc,test/auroc,test/f1,test/loss,test/macro_precision,test/mcc,test/recall,train/acc,train/loss_epoch,train/loss_step,val/acc,val/auroc,val/f1,val/loss,val/macro_precision,val/mcc,val/precision_c0,val/precision_c1,val/precision_c2,val/recall
,2.9999999999999997e-05,2.9999999999999997e-05,0,,,,,,,,,,,,,,,,,,,,
0,,,19,,,,,,,,,,0.9666053056716919,,,,,,,,,,
0,,,39,,,,,,,,,,1.0795245170593262,,,,,,,,,,
0,,,59,,,,,,,,,,1.1349917650222778,,,,,,,,,,
0,,,79,,,,,,,,,,1.137907862663269,,,,,,,,,,
0,,,99,,,,,,,,,,1.1034053564071655,,,,,,,,,,
0,,,119,,,,,,,,,,1.0706967115402222,,,,,,,,,,
0,,,139,,,,,,,,,,1.0726462602615356,,,,,,,,,,
0,,,159,,,,,,,,,,0.8487999439239502,,,,,,,,,,
0,,,179,,,,,,,,,,1.1576756238937378,,,,,,,,,,
0,,,199,,,,,,,,,,0.8899683356285095,,,,,,,,,,
0,,,219,,,,,,,,,,1.1572527885437012,,,,,,,,,,
0,,,239,,,,,,,,,,1.0315040349960327,,,,,,,,,,
0,,,259,,,,,,,,,,1.146060585975647,,,,,,,,,,
0,,,279,,,,,,,,,,0.9848111867904663,,,,,,,,,,
0,,,299,,,,,,,,,,0.7798669934272766,,,,,,,,,,
0,,,319,,,,,,,,,,1.0497225522994995,,,,,,,,,,
0,,,339,,,,,,,,,,1.2092550992965698,,,,,,,,,,
0,,,359,,,,,,,,,,1.0928561687469482,,,,,,,,,,
0,,,379,,,,,,,,,,0.8926572203636169,,,,,,,,,,
0,,,399,,,,,,,,,,0.8390519618988037,,,,,,,,,,
0,,,419,,,,,,,,,,0.8669039607048035,,,,,,,,,,
0,,,439,,,,,,,,,,1.0709357261657715,,,,,,,,,,
0,,,459,,,,,,,,,,0.8578803539276123,,,,,,,,,,
0,,,479,,,,,,,,,,1.2612977027893066,,,,,,,,,,
0,,,499,,,,,,,,,,0.8277965188026428,,,,,,,,,,
0,,,519,,,,,,,,,,0.7883570194244385,,,,,,,,,,
0,,,537,,,,,,,,,,,0.4989301562309265,0.6783640384674072,0.39581960439682007,1.1108440160751343,0.32931169867515564,0.2889019548892975,0.0,0.4753722846508026,0.5125628113746643,0.4989301562309265
0,,,537,,,,,,,,0.5127646327018738,1.0139297246932983,,,,,,,,,,,
,5.9999999999999995e-05,5.9999999999999995e-05,538,,,,,,,,,,,,,,,,,,,,
1,,,539,,,,,,,,,,0.9178212881088257,,,,,,,,,,
1,,,559,,,,,,,,,,0.7899300456047058,,,,,,,,,,
1,,,579,,,,,,,,,,0.8367165923118591,,,,,,,,,,
1,,,599,,,,,,,,,,1.0505890846252441,,,,,,,,,,
1,,,619,,,,,,,,,,1.0986109972000122,,,,,,,,,,
1,,,639,,,,,,,,,,0.9067596197128296,,,,,,,,,,
1,,,659,,,,,,,,,,0.8921278715133667,,,,,,,,,,
1,,,679,,,,,,,,,,0.8951540589332581,,,,,,,,,,
1,,,699,,,,,,,,,,0.8309912085533142,,,,,,,,,,
1,,,719,,,,,,,,,,0.8296777009963989,,,,,,,,,,
1,,,739,,,,,,,,,,0.8832284212112427,,,,,,,,,,
1,,,759,,,,,,,,,,0.8574174642562866,,,,,,,,,,
1,,,779,,,,,,,,,,0.9132632613182068,,,,,,,,,,
1,,,799,,,,,,,,,,1.0867036581039429,,,,,,,,,,
1,,,819,,,,,,,,,,1.0128175020217896,,,,,,,,,,
1,,,839,,,,,,,,,,0.7361800074577332,,,,,,,,,,
1,,,859,,,,,,,,,,1.0400904417037964,,,,,,,,,,
1,,,879,,,,,,,,,,0.6097998023033142,,,,,,,,,,
1,,,899,,,,,,,,,,0.7943395376205444,,,,,,,,,,
1,,,919,,,,,,,,,,0.6505066156387329,,,,,,,,,,
1,,,939,,,,,,,,,,0.8584081530570984,,,,,,,,,,
1,,,959,,,,,,,,,,0.8116849660873413,,,,,,,,,,
1,,,979,,,,,,,,,,0.9188299775123596,,,,,,,,,,
1,,,999,,,,,,,,,,0.8377360105514526,,,,,,,,,,
1,,,1019,,,,,,,,,,0.8188791275024414,,,,,,,,,,
1,,,1039,,,,,,,,,,0.7191771268844604,,,,,,,,,,
1,,,1059,,,,,,,,,,0.588468074798584,,,,,,,,,,
1,,,1075,,,,,,,,,,,0.5100259184837341,0.6725765466690063,0.40447908639907837,1.1364392042160034,0.33518099784851074,0.305452436208725,0.0,0.46634113788604736,0.5392017960548401,0.5100259184837341
1,,,1075,,,,,,,,0.5629971027374268,0.8597923517227173,,,,,,,,,,,
,8.999999999999999e-05,8.999999999999999e-05,1076,,,,,,,,,,,,,,,,,,,,
2,,,1079,,,,,,,,,,0.8079915642738342,,,,,,,,,,
2,,,1099,,,,,,,,,,0.7847766280174255,,,,,,,,,,
2,,,1119,,,,,,,,,,0.710253894329071,,,,,,,,,,
2,,,1139,,,,,,,,,,0.7479687929153442,,,,,,,,,,
2,,,1159,,,,,,,,,,0.5685836672782898,,,,,,,,,,
2,,,1179,,,,,,,,,,0.642640233039856,,,,,,,,,,
2,,,1199,,,,,,,,,,0.7022915482521057,,,,,,,,,,
2,,,1219,,,,,,,,,,0.7617781162261963,,,,,,,,,,
2,,,1239,,,,,,,,,,0.5856013894081116,,,,,,,,,,
2,,,1259,,,,,,,,,,1.1340900659561157,,,,,,,,,,
2,,,1279,,,,,,,,,,0.9267941117286682,,,,,,,,,,
2,,,1299,,,,,,,,,,0.9054058194160461,,,,,,,,,,
2,,,1319,,,,,,,,,,0.8670841455459595,,,,,,,,,,
2,,,1339,,,,,,,,,,0.8958137035369873,,,,,,,,,,
2,,,1359,,,,,,,,,,0.7554696202278137,,,,,,,,,,
2,,,1379,,,,,,,,,,0.7229584455490112,,,,,,,,,,
2,,,1399,,,,,,,,,,0.6555792093276978,,,,,,,,,,
2,,,1419,,,,,,,,,,0.7945922613143921,,,,,,,,,,
2,,,1439,,,,,,,,,,0.5917713642120361,,,,,,,,,,
2,,,1459,,,,,,,,,,0.8325973153114319,,,,,,,,,,
2,,,1479,,,,,,,,,,0.7002336382865906,,,,,,,,,,
2,,,1499,,,,,,,,,,1.192520022392273,,,,,,,,,,
2,,,1519,,,,,,,,,,0.6111396551132202,,,,,,,,,,
2,,,1539,,,,,,,,,,0.7513246536254883,,,,,,,,,,
2,,,1559,,,,,,,,,,0.7885000109672546,,,,,,,,,,
2,,,1579,,,,,,,,,,0.48079681396484375,,,,,,,,,,
2,,,1599,,,,,,,,,,0.6542271971702576,,,,,,,,,,
2,,,1613,,,,,,,,,,,0.5316592454910278,0.7042535543441772,0.42153000831604004,1.193575382232666,0.3511688709259033,0.34156352281570435,0.0,0.4594023525714874,0.5941042900085449,0.5316592454910278
2,,,1613,,,,,,,,0.5903943777084351,0.7686043381690979,,,,,,,,,,,
,0.00011999999999999999,0.00011999999999999999,1614,,,,,,,,,,,,,,,,,,,,
3,,,1619,,,,,,,,,,0.7780296802520752,,,,,,,,,,
3,,,1639,,,,,,,,,,0.45311909914016724,,,,,,,,,,
3,,,1659,,,,,,,,,,0.7373047471046448,,,,,,,,,,
3,,,1679,,,,,,,,,,0.7851725816726685,,,,,,,,,,
3,,,1699,,,,,,,,,,0.5945269465446472,,,,,,,,,,
3,,,1719,,,,,,,,,,1.1364140510559082,,,,,,,,,,
3,,,1739,,,,,,,,,,1.0014032125473022,,,,,,,,,,
3,,,1759,,,,,,,,,,0.8900219798088074,,,,,,,,,,
3,,,1779,,,,,,,,,,0.808240532875061,,,,,,,,,,
3,,,1799,,,,,,,,,,0.7492775917053223,,,,,,,,,,
3,,,1819,,,,,,,,,,0.601500391960144,,,,,,,,,,
3,,,1839,,,,,,,,,,0.7097810506820679,,,,,,,,,,
3,,,1859,,,,,,,,,,0.9246959090232849,,,,,,,,,,
3,,,1879,,,,,,,,,,0.610256016254425,,,,,,,,,,
3,,,1899,,,,,,,,,,0.5545960068702698,,,,,,,,,,
3,,,1919,,,,,,,,,,0.5872595906257629,,,,,,,,,,
3,,,1939,,,,,,,,,,0.6988800764083862,,,,,,,,,,
3,,,1959,,,,,,,,,,0.8133110404014587,,,,,,,,,,
3,,,1979,,,,,,,,,,0.7309149503707886,,,,,,,,,,
3,,,1999,,,,,,,,,,0.5537578463554382,,,,,,,,,,
3,,,2019,,,,,,,,,,0.529049813747406,,,,,,,,,,
3,,,2039,,,,,,,,,,0.6204496622085571,,,,,,,,,,
3,,,2059,,,,,,,,,,0.7487011551856995,,,,,,,,,,
3,,,2079,,,,,,,,,,0.7012402415275574,,,,,,,,,,
3,,,2099,,,,,,,,,,0.6688110828399658,,,,,,,,,,
3,,,2119,,,,,,,,,,0.7725942134857178,,,,,,,,,,
3,,,2139,,,,,,,,,,0.6411481499671936,,,,,,,,,,
3,,,2151,,,,,,,,,,,0.4251794219017029,0.6995577812194824,0.3120063245296478,2.224736213684082,0.3892931044101715,0.24104757606983185,0.0,0.33827733993530273,0.8296020030975342,0.4251794219017029
3,,,2151,,,,,,,,0.6162070631980896,0.6841201782226562,,,,,,,,,,,
,0.00015,0.00015,2152,,,,,,,,,,,,,,,,,,,,
4,,,2159,,,,,,,,,,0.47307756543159485,,,,,,,,,,
4,,,2179,,,,,,,,,,0.6263067126274109,,,,,,,,,,
4,,,2199,,,,,,,,,,0.5863430500030518,,,,,,,,,,
4,,,2219,,,,,,,,,,0.509201169013977,,,,,,,,,,
4,,,2239,,,,,,,,,,0.7953008413314819,,,,,,,,,,
4,,,2259,,,,,,,,,,0.5458993911743164,,,,,,,,,,
4,,,2279,,,,,,,,,,0.7935847640037537,,,,,,,,,,
4,,,2299,,,,,,,,,,0.49928128719329834,,,,,,,,,,
4,,,2319,,,,,,,,,,0.7032824754714966,,,,,,,,,,
4,,,2339,,,,,,,,,,0.48263293504714966,,,,,,,,,,
4,,,2359,,,,,,,,,,0.621789276599884,,,,,,,,,,
4,,,2379,,,,,,,,,,0.5409528017044067,,,,,,,,,,
4,,,2399,,,,,,,,,,0.5620819926261902,,,,,,,,,,
4,,,2419,,,,,,,,,,0.5550498366355896,,,,,,,,,,
4,,,2439,,,,,,,,,,0.46259039640426636,,,,,,,,,,
4,,,2459,,,,,,,,,,0.4287561774253845,,,,,,,,,,
4,,,2479,,,,,,,,,,0.44843757152557373,,,,,,,,,,
4,,,2499,,,,,,,,,,0.5414227247238159,,,,,,,,,,
4,,,2519,,,,,,,,,,0.5280125141143799,,,,,,,,,,
4,,,2539,,,,,,,,,,0.47556307911872864,,,,,,,,,,
4,,,2559,,,,,,,,,,0.48153364658355713,,,,,,,,,,
4,,,2579,,,,,,,,,,0.6332210302352905,,,,,,,,,,
4,,,2599,,,,,,,,,,0.6378249526023865,,,,,,,,,,
4,,,2619,,,,,,,,,,0.7167736887931824,,,,,,,,,,
4,,,2639,,,,,,,,,,0.4056641161441803,,,,,,,,,,
4,,,2659,,,,,,,,,,0.4771777093410492,,,,,,,,,,
4,,,2679,,,,,,,,,,0.47356170415878296,,,,,,,,,,
4,,,2689,,,,,,,,,,,0.4986167550086975,0.7720059156417847,0.40024980902671814,0.988421618938446,0.5548279285430908,0.3116843104362488,0.6000000238418579,0.600561797618866,0.46392199397087097,0.4986167550086975
4,,,2689,,,,,,,,0.630824863910675,0.6370744109153748,,,,,,,,,,,
,0.00017999999999999998,0.00017999999999999998,2690,,,,,,,,,,,,,,,,,,,,
5,,,2699,,,,,,,,,,0.5524017810821533,,,,,,,,,,
5,,,2719,,,,,,,,,,0.6406372785568237,,,,,,,,,,
5,,,2739,,,,,,,,,,0.5230975151062012,,,,,,,,,,
5,,,2759,,,,,,,,,,0.5887105464935303,,,,,,,,,,
5,,,2779,,,,,,,,,,0.4405669569969177,,,,,,,,,,
5,,,2799,,,,,,,,,,0.4029170572757721,,,,,,,,,,
5,,,2819,,,,,,,,,,0.6289073824882507,,,,,,,,,,
5,,,2839,,,,,,,,,,0.41547900438308716,,,,,,,,,,
5,,,2859,,,,,,,,,,0.7729499340057373,,,,,,,,,,
5,,,2879,,,,,,,,,,0.8843706846237183,,,,,,,,,,
5,,,2899,,,,,,,,,,0.47507113218307495,,,,,,,,,,
5,,,2919,,,,,,,,,,0.7341224551200867,,,,,,,,,,
5,,,2939,,,,,,,,,,0.9485498666763306,,,,,,,,,,
5,,,2959,,,,,,,,,,0.5453020930290222,,,,,,,,,,
5,,,2979,,,,,,,,,,0.4239131212234497,,,,,,,,,,
5,,,2999,,,,,,,,,,0.8419013023376465,,,,,,,,,,
5,,,3019,,,,,,,,,,0.30116602778434753,,,,,,,,,,
5,,,3039,,,,,,,,,,0.38766181468963623,,,,,,,,,,
5,,,3059,,,,,,,,,,0.8605998158454895,,,,,,,,,,
5,,,3079,,,,,,,,,,0.7305658459663391,,,,,,,,,,
5,,,3099,,,,,,,,,,0.4388042092323303,,,,,,,,,,
5,,,3119,,,,,,,,,,0.7574951648712158,,,,,,,,,,
5,,,3139,,,,,,,,,,0.8418819308280945,,,,,,,,,,
5,,,3159,,,,,,,,,,0.5432338714599609,,,,,,,,,,
5,,,3179,,,,,,,,,,0.49699315428733826,,,,,,,,,,
5,,,3199,,,,,,,,,,0.4175668954849243,,,,,,,,,,
5,,,3219,,,,,,,,,,0.591202437877655,,,,,,,,,,
5,,,3227,,,,,,,,,,,0.551024317741394,0.7368578910827637,0.43672308325767517,1.2114536762237549,0.3617717921733856,0.37212300300598145,0.0,0.5144758820533752,0.5708394646644592,0.551024317741394
5,,,3227,,,,,,,,0.6457121968269348,0.5978230237960815,,,,,,,,,,,
,0.00020999999999999998,0.00020999999999999998,3228,,,,,,,,,,,,,,,,,,,,
6,,,3239,,,,,,,,,,0.554512619972229,,,,,,,,,,
6,,,3259,,,,,,,,,,0.3370588719844818,,,,,,,,,,
6,,,3279,,,,,,,,,,0.378775954246521,,,,,,,,,,
6,,,3299,,,,,,,,,,0.5672228336334229,,,,,,,,,,
6,,,3319,,,,,,,,,,0.4462641477584839,,,,,,,,,,
6,,,3339,,,,,,,,,,0.4149044454097748,,,,,,,,,,
6,,,3359,,,,,,,,,,0.6229899525642395,,,,,,,,,,
6,,,3379,,,,,,,,,,0.5272790193557739,,,,,,,,,,
6,,,3399,,,,,,,,,,0.546549916267395,,,,,,,,,,
6,,,3419,,,,,,,,,,0.6335771679878235,,,,,,,,,,
6,,,3439,,,,,,,,,,0.7001948356628418,,,,,,,,,,
6,,,3459,,,,,,,,,,0.434444397687912,,,,,,,,,,
6,,,3479,,,,,,,,,,0.6392468214035034,,,,,,,,,,
6,,,3499,,,,,,,,,,0.6453028917312622,,,,,,,,,,
6,,,3519,,,,,,,,,,0.5983259081840515,,,,,,,,,,
6,,,3539,,,,,,,,,,0.7205215096473694,,,,,,,,,,
6,,,3559,,,,,,,,,,0.5361026525497437,,,,,,,,,,
6,,,3579,,,,,,,,,,0.5533987879753113,,,,,,,,,,
6,,,3599,,,,,,,,,,0.7436065673828125,,,,,,,,,,
6,,,3619,,,,,,,,,,0.3820980191230774,,,,,,,,,,
6,,,3639,,,,,,,,,,0.44586193561553955,,,,,,,,,,
6,,,3659,,,,,,,,,,0.5510886311531067,,,,,,,,,,
6,,,3679,,,,,,,,,,0.3025621771812439,,,,,,,,,,
6,,,3699,,,,,,,,,,0.3936970829963684,,,,,,,,,,
6,,,3719,,,,,,,,,,0.5809229612350464,,,,,,,,,,
6,,,3739,,,,,,,,,,0.29749995470046997,,,,,,,,,,
6,,,3759,,,,,,,,,,0.7531984448432922,,,,,,,,,,
6,,,3765,,,,,,,,,,,0.5863673090934753,0.7785038948059082,0.46387016773223877,1.0624126195907593,0.38600313663482666,0.43253326416015625,0.0,0.5221185684204102,0.635890781879425,0.5863673090934753
6,,,3765,,,,,,,,0.6527908444404602,0.5800051689147949,,,,,,,,,,,
,0.00023999999999999998,0.00023999999999999998,3766,,,,,,,,,,,,,,,,,,,,
7,,,3779,,,,,,,,,,0.4197172522544861,,,,,,,,,,
7,,,3799,,,,,,,,,,0.41491997241973877,,,,,,,,,,
7,,,3819,,,,,,,,,,1.0122120380401611,,,,,,,,,,
7,,,3839,,,,,,,,,,0.41237661242485046,,,,,,,,,,
7,,,3859,,,,,,,,,,0.5545839071273804,,,,,,,,,,
7,,,3879,,,,,,,,,,0.9033361673355103,,,,,,,,,,
7,,,3899,,,,,,,,,,0.7426881790161133,,,,,,,,,,
7,,,3919,,,,,,,,,,0.6872203350067139,,,,,,,,,,
7,,,3939,,,,,,,,,,0.8336294293403625,,,,,,,,,,
7,,,3959,,,,,,,,,,0.44650277495384216,,,,,,,,,,
7,,,3979,,,,,,,,,,0.7017325162887573,,,,,,,,,,
7,,,3999,,,,,,,,,,0.7873041033744812,,,,,,,,,,
7,,,4019,,,,,,,,,,0.3455080986022949,,,,,,,,,,
7,,,4039,,,,,,,,,,0.4364593029022217,,,,,,,,,,
7,,,4059,,,,,,,,,,0.5993194580078125,,,,,,,,,,
7,,,4079,,,,,,,,,,0.30179643630981445,,,,,,,,,,
7,,,4099,,,,,,,,,,0.33055877685546875,,,,,,,,,,
7,,,4119,,,,,,,,,,0.565183699131012,,,,,,,,,,
7,,,4139,,,,,,,,,,0.5746142864227295,,,,,,,,,,
7,,,4159,,,,,,,,,,0.9582981467247009,,,,,,,,,,
7,,,4179,,,,,,,,,,0.4344536066055298,,,,,,,,,,
7,,,4199,,,,,,,,,,0.8930811882019043,,,,,,,,,,
7,,,4219,,,,,,,,,,0.45602184534072876,,,,,,,,,,
7,,,4239,,,,,,,,,,0.5776051878929138,,,,,,,,,,
7,,,4259,,,,,,,,,,0.7645400166511536,,,,,,,,,,
7,,,4279,,,,,,,,,,0.5163013935089111,,,,,,,,,,
7,,,4299,,,,,,,,,,0.690561056137085,,,,,,,,,,
7,,,4303,,,,,,,,,,,0.561151385307312,0.7645911574363708,0.4716615676879883,1.1784530878067017,0.5224590301513672,0.3761395812034607,0.4522821605205536,0.5385427474975586,0.576552152633667,0.561151385307312
7,,,4303,,,,,,,,0.6579792499542236,0.5681166052818298,,,,,,,,,,,
,0.00027,0.00027,4304,,,,,,,,,,,,,,,,,,,,
8,,,4319,,,,,,,,,,0.5239152312278748,,,,,,,,,,
8,,,4339,,,,,,,,,,0.4556010365486145,,,,,,,,,,
8,,,4359,,,,,,,,,,0.4140934348106384,,,,,,,,,,
8,,,4379,,,,,,,,,,0.3687775433063507,,,,,,,,,,
8,,,4399,,,,,,,,,,0.7340258359909058,,,,,,,,,,
8,,,4419,,,,,,,,,,0.3873351216316223,,,,,,,,,,
8,,,4439,,,,,,,,,,0.47167545557022095,,,,,,,,,,
8,,,4459,,,,,,,,,,0.3939068913459778,,,,,,,,,,
8,,,4479,,,,,,,,,,0.43563079833984375,,,,,,,,,,
8,,,4499,,,,,,,,,,0.575684666633606,,,,,,,,,,
8,,,4519,,,,,,,,,,0.6525729298591614,,,,,,,,,,
8,,,4539,,,,,,,,,,0.26898065209388733,,,,,,,,,,
8,,,4559,,,,,,,,,,0.5108489990234375,,,,,,,,,,
8,,,4579,,,,,,,,,,0.9826146960258484,,,,,,,,,,
8,,,4599,,,,,,,,,,0.3455580472946167,,,,,,,,,,
8,,,4619,,,,,,,,,,0.7929970026016235,,,,,,,,,,
8,,,4639,,,,,,,,,,0.34136173129081726,,,,,,,,,,
8,,,4659,,,,,,,,,,0.5948381423950195,,,,,,,,,,
8,,,4679,,,,,,,,,,0.4950028359889984,,,,,,,,,,
8,,,4699,,,,,,,,,,0.6140122413635254,,,,,,,,,,
8,,,4719,,,,,,,,,,0.7265284061431885,,,,,,,,,,
8,,,4739,,,,,,,,,,0.8035783171653748,,,,,,,,,,
8,,,4759,,,,,,,,,,0.7666992545127869,,,,,,,,,,
8,,,4779,,,,,,,,,,0.8671568632125854,,,,,,,,,,
8,,,4799,,,,,,,,,,1.0121684074401855,,,,,,,,,,
8,,,4819,,,,,,,,,,0.7257103323936462,,,,,,,,,,
8,,,4839,,,,,,,,,,0.667377769947052,,,,,,,,,,
8,,,4841,,,,,,,,,,,0.5280590057373047,0.7761375308036804,0.4421342611312866,1.0645878314971924,0.5072565078735352,0.3354758024215698,0.44086021184921265,0.5748283863067627,0.5060809254646301,0.5280590057373047
8,,,4841,,,,,,,,0.6734578609466553,0.5294983386993408,,,,,,,,,,,
,0.0003,0.0003,4842,,,,,,,,,,,,,,,,,,,,
9,,,4859,,,,,,,,,,0.8805050849914551,,,,,,,,,,
9,,,4879,,,,,,,,,,0.23921461403369904,,,,,,,,,,
9,,,4899,,,,,,,,,,0.4198499023914337,,,,,,,,,,
9,,,4919,,,,,,,,,,0.5683292150497437,,,,,,,,,,
9,,,4939,,,,,,,,,,0.4955798089504242,,,,,,,,,,
9,,,4959,,,,,,,,,,0.4236171543598175,,,,,,,,,,
9,,,4979,,,,,,,,,,0.36128631234169006,,,,,,,,,,
9,,,4999,,,,,,,,,,0.42504453659057617,,,,,,,,,,
9,,,5019,,,,,,,,,,0.5144445300102234,,,,,,,,,,
9,,,5039,,,,,,,,,,0.3444250226020813,,,,,,,,,,
9,,,5059,,,,,,,,,,0.42137610912323,,,,,,,,,,
9,,,5079,,,,,,,,,,0.5168969631195068,,,,,,,,,,
9,,,5099,,,,,,,,,,0.5839596390724182,,,,,,,,,,
9,,,5119,,,,,,,,,,0.46525514125823975,,,,,,,,,,
9,,,5139,,,,,,,,,,0.5610180497169495,,,,,,,,,,
9,,,5159,,,,,,,,,,0.904855489730835,,,,,,,,,,
9,,,5179,,,,,,,,,,0.48375552892684937,,,,,,,,,,
9,,,5199,,,,,,,,,,0.37906405329704285,,,,,,,,,,
9,,,5219,,,,,,,,,,0.5744888186454773,,,,,,,,,,
9,,,5239,,,,,,,,,,0.3517712652683258,,,,,,,,,,
9,,,5259,,,,,,,,,,0.5604540109634399,,,,,,,,,,
9,,,5279,,,,,,,,,,0.404920369386673,,,,,,,,,,
9,,,5299,,,,,,,,,,0.49612268805503845,,,,,,,,,,
9,,,5319,,,,,,,,,,0.7054427266120911,,,,,,,,,,
9,,,5339,,,,,,,,,,0.53622967004776,,,,,,,,,,
9,,,5359,,,,,,,,,,0.6746373772621155,,,,,,,,,,
9,,,5379,,,,,,,,,,0.3635493516921997,,,,,,,,,,
9,,,5379,,,,,,,,,,,0.5727327466011047,0.7698583602905273,0.49514222145080566,1.582952857017517,0.5371955633163452,0.3965991735458374,0.40434783697128296,0.48143234848976135,0.725806474685669,0.5727327466011047
9,,,5379,,,,,,,,0.6737698316574097,0.5329371094703674,,,,,,,,,,,
,0.0003,0.0003,5380,,,,,,,,,,,,,,,,,,,,
10,,,5399,,,,,,,,,,0.9761307239532471,,,,,,,,,,
10,,,5419,,,,,,,,,,0.34084784984588623,,,,,,,,,,
10,,,5439,,,,,,,,,,0.33135271072387695,,,,,,,,,,
10,,,5459,,,,,,,,,,0.382394403219223,,,,,,,,,,
10,,,5479,,,,,,,,,,0.3674545884132385,,,,,,,,,,
10,,,5499,,,,,,,,,,0.3411230146884918,,,,,,,,,,
10,,,5519,,,,,,,,,,0.4522528052330017,,,,,,,,,,
10,,,5539,,,,,,,,,,0.9583626389503479,,,,,,,,,,
10,,,5559,,,,,,,,,,0.32397741079330444,,,,,,,,,,
10,,,5579,,,,,,,,,,0.8307527303695679,,,,,,,,,,
10,,,5599,,,,,,,,,,0.6571581959724426,,,,,,,,,,
10,,,5619,,,,,,,,,,0.5241491198539734,,,,,,,,,,
10,,,5639,,,,,,,,,,0.6147144436836243,,,,,,,,,,
10,,,5659,,,,,,,,,,0.634896457195282,,,,,,,,,,
10,,,5679,,,,,,,,,,0.31134888529777527,,,,,,,,,,
10,,,5699,,,,,,,,,,0.3746612071990967,,,,,,,,,,
10,,,5719,,,,,,,,,,0.5570045709609985,,,,,,,,,,
10,,,5739,,,,,,,,,,0.6836794018745422,,,,,,,,,,
10,,,5759,,,,,,,,,,0.3759916424751282,,,,,,,,,,
10,,,5779,,,,,,,,,,0.4161657691001892,,,,,,,,,,
10,,,5799,,,,,,,,,,0.46709734201431274,,,,,,,,,,
10,,,5819,,,,,,,,,,0.5593111515045166,,,,,,,,,,
10,,,5839,,,,,,,,,,0.3923429250717163,,,,,,,,,,
10,,,5859,,,,,,,,,,0.27059507369995117,,,,,,,,,,
10,,,5879,,,,,,,,,,0.41450220346450806,,,,,,,,,,
10,,,5899,,,,,,,,,,0.5487143993377686,,,,,,,,,,
10,,,5917,,,,,,,,,,,0.5344241857528687,0.7404143214225769,0.4280692934989929,1.6683061122894287,0.4720556139945984,0.3749154210090637,0.239130437374115,0.41655421257019043,0.7604821920394897,0.5344241857528687
10,,,5917,,,,,,,,0.6847940683364868,0.5073612332344055,,,,,,,,,,,
,0.00029990862405286433,0.00029990862405286433,5918,,,,,,,,,,,,,,,,,,,,
11,,,5919,,,,,,,,,,0.4414025843143463,,,,,,,,,,
11,,,5939,,,,,,,,,,0.3742162883281708,,,,,,,,,,
11,,,5959,,,,,,,,,,0.7535974383354187,,,,,,,,,,
11,,,5979,,,,,,,,,,0.35927703976631165,,,,,,,,,,
11,,,5999,,,,,,,,,,0.5343557596206665,,,,,,,,,,
11,,,6019,,,,,,,,,,0.7361840605735779,,,,,,,,,,
11,,,6039,,,,,,,,,,0.578972578048706,,,,,,,,,,
11,,,6059,,,,,,,,,,0.3514266908168793,,,,,,,,,,
11,,,6079,,,,,,,,,,0.31562644243240356,,,,,,,,,,
11,,,6099,,,,,,,,,,0.7494308352470398,,,,,,,,,,
11,,,6119,,,,,,,,,,0.6571066379547119,,,,,,,,,,
11,,,6139,,,,,,,,,,0.3578982651233673,,,,,,,,,,
11,,,6159,,,,,,,,,,0.34862852096557617,,,,,,,,,,
11,,,6179,,,,,,,,,,0.3685213029384613,,,,,,,,,,
11,,,6199,,,,,,,,,,0.46935343742370605,,,,,,,,,,
11,,,6219,,,,,,,,,,0.6212241649627686,,,,,,,,,,
11,,,6239,,,,,,,,,,0.6404194235801697,,,,,,,,,,
11,,,6259,,,,,,,,,,0.27283549308776855,,,,,,,,,,
11,,,6279,,,,,,,,,,0.47076845169067383,,,,,,,,,,
11,,,6299,,,,,,,,,,0.36996814608573914,,,,,,,,,,
11,,,6319,,,,,,,,,,0.47796133160591125,,,,,,,,,,
11,,,6339,,,,,,,,,,0.40803754329681396,,,,,,,,,,
11,,,6359,,,,,,,,,,0.28888970613479614,,,,,,,,,,
11,,,6379,,,,,,,,,,0.47751060128211975,,,,,,,,,,
11,,,6399,,,,,,,,,,0.2593232989311218,,,,,,,,,,
11,,,6419,,,,,,,,,,0.5023884773254395,,,,,,,,,,
11,,,6439,,,,,,,,,,0.6272560954093933,,,,,,,,,,
11,,,6455,,,,,,,,,,,0.5146481990814209,0.7541859149932861,0.41842564940452576,1.0612910985946655,0.43574124574661255,0.32405468821525574,0.22857142984867096,0.5973253846168518,0.4813268482685089,0.5146481990814209
11,,,6455,,,,,,,,0.6932923197746277,0.4933033883571625,,,,,,,,,,,
,0.0002996346075389736,0.0002996346075389736,6456,,,,,,,,,,,,,,,,,,,,
12,,,6459,,,,,,,,,,0.23929555714130402,,,,,,,,,,
12,,,6479,,,,,,,,,,0.6557050347328186,,,,,,,,,,
12,,,6499,,,,,,,,,,0.4925309717655182,,,,,,,,,,
12,,,6519,,,,,,,,,,0.5163919925689697,,,,,,,,,,
12,,,6539,,,,,,,,,,0.4107343256473541,,,,,,,,,,
12,,,6559,,,,,,,,,,0.2581905126571655,,,,,,,,,,
12,,,6579,,,,,,,,,,0.42315107583999634,,,,,,,,,,
12,,,6599,,,,,,,,,,0.7097998857498169,,,,,,,,,,
12,,,6619,,,,,,,,,,0.9639472365379333,,,,,,,,,,
12,,,6639,,,,,,,,,,0.6844547390937805,,,,,,,,,,
12,,,6659,,,,,,,,,,0.7466017007827759,,,,,,,,,,
12,,,6679,,,,,,,,,,0.3372596502304077,,,,,,,,,,
12,,,6699,,,,,,,,,,0.8206285238265991,,,,,,,,,,
12,,,6719,,,,,,,,,,0.4117666482925415,,,,,,,,,,
12,,,6739,,,,,,,,,,0.49661779403686523,,,,,,,,,,
12,,,6759,,,,,,,,,,0.2920762002468109,,,,,,,,,,
12,,,6779,,,,,,,,,,0.9358044266700745,,,,,,,,,,
12,,,6799,,,,,,,,,,0.334709107875824,,,,,,,,,,
12,,,6819,,,,,,,,,,0.30774354934692383,,,,,,,,,,
12,,,6839,,,,,,,,,,0.30855149030685425,,,,,,,,,,
12,,,6859,,,,,,,,,,0.24831236898899078,,,,,,,,,,
12,,,6879,,,,,,,,,,0.2084803283214569,,,,,,,,,,
12,,,6899,,,,,,,,,,0.7942471504211426,,,,,,,,,,
12,,,6919,,,,,,,,,,0.29907843470573425,,,,,,,,,,
12,,,6939,,,,,,,,,,0.31837713718414307,,,,,,,,,,
12,,,6959,,,,,,,,,,0.8002896308898926,,,,,,,,,,
12,,,6979,,,,,,,,,,0.5267833471298218,,,,,,,,,,
12,,,6993,,,,,,,,,,,0.5761646628379822,0.7785560488700867,0.537286639213562,1.3912310600280762,0.5545856356620789,0.3761560320854187,0.4994511604309082,0.5568932294845581,0.6074125170707703,0.5761646628379822
12,,,6993,,,,,,,,0.7108899354934692,0.46185195446014404,,,,,,,,,,,
,0.00029917828430524096,0.00029917828430524096,6994,,,,,,,,,,,,,,,,,,,,
13,,,6999,,,,,,,,,,0.5721268653869629,,,,,,,,,,
13,,,7019,,,,,,,,,,0.3282850682735443,,,,,,,,,,
13,,,7039,,,,,,,,,,0.7811207175254822,,,,,,,,,,
13,,,7059,,,,,,,,,,0.4317120611667633,,,,,,,,,,
13,,,7079,,,,,,,,,,0.22686533629894257,,,,,,,,,,
13,,,7099,,,,,,,,,,0.7276580333709717,,,,,,,,,,
13,,,7119,,,,,,,,,,0.3739430010318756,,,,,,,,,,
13,,,7139,,,,,,,,,,0.34703272581100464,,,,,,,,,,
13,,,7159,,,,,,,,,,0.2799586355686188,,,,,,,,,,
13,,,7179,,,,,,,,,,0.33238157629966736,,,,,,,,,,
13,,,7199,,,,,,,,,,0.5204841494560242,,,,,,,,,,
13,,,7219,,,,,,,,,,0.22996658086776733,,,,,,,,,,
13,,,7239,,,,,,,,,,0.7130914926528931,,,,,,,,,,
13,,,7259,,,,,,,,,,0.3585321605205536,,,,,,,,,,
13,,,7279,,,,,,,,,,0.315916508436203,,,,,,,,,,
13,,,7299,,,,,,,,,,0.2590735852718353,,,,,,,,,,
13,,,7319,,,,,,,,,,0.4232333302497864,,,,,,,,,,
13,,,7339,,,,,,,,,,0.27424192428588867,,,,,,,,,,
13,,,7359,,,,,,,,,,0.7080119252204895,,,,,,,,,,
13,,,7379,,,,,,,,,,0.4973078966140747,,,,,,,,,,
13,,,7399,,,,,,,,,,0.4539104998111725,,,,,,,,,,
13,,,7419,,,,,,,,,,0.5413948893547058,,,,,,,,,,
13,,,7439,,,,,,,,,,0.28567227721214294,,,,,,,,,,
13,,,7459,,,,,,,,,,0.4923618733882904,,,,,,,,,,
13,,,7479,,,,,,,,,,0.3683803081512451,,,,,,,,,,
13,,,7499,,,,,,,,,,0.7694577574729919,,,,,,,,,,
13,,,7519,,,,,,,,,,0.371539443731308,,,,,,,,,,
13,,,7531,,,,,,,,,,,0.5690624117851257,0.7721656560897827,0.512944221496582,1.292019248008728,0.5578511953353882,0.3764210045337677,0.5406779646873474,0.5070850253105164,0.6257905960083008,0.5690624117851257
13,,,7531,,,,,,,,0.7175948619842529,0.4503522217273712,,,,,,,,,,,
,0.0002985402103112355,0.0002985402103112355,7532,,,,,,,,,,,,,,,,,,,,
14,,,7539,,,,,,,,,,0.2458164393901825,,,,,,,,,,
14,,,7559,,,,,,,,,,0.3459520637989044,,,,,,,,,,
14,,,7579,,,,,,,,,,0.32959991693496704,,,,,,,,,,
14,,,7599,,,,,,,,,,0.4520469009876251,,,,,,,,,,
14,,,7619,,,,,,,,,,0.7142025232315063,,,,,,,,,,
14,,,7639,,,,,,,,,,0.2635514438152313,,,,,,,,,,
14,,,7659,,,,,,,,,,0.42143359780311584,,,,,,,,,,
14,,,7679,,,,,,,,,,0.5432337522506714,,,,,,,,,,
14,,,7699,,,,,,,,,,0.28710365295410156,,,,,,,,,,
14,,,7719,,,,,,,,,,0.30889663100242615,,,,,,,,,,
14,,,7739,,,,,,,,,,0.7109007835388184,,,,,,,,,,
14,,,7759,,,,,,,,,,0.26249730587005615,,,,,,,,,,
14,,,7779,,,,,,,,,,0.40651533007621765,,,,,,,,,,
14,,,7799,,,,,,,,,,0.3325116038322449,,,,,,,,,,
14,,,7819,,,,,,,,,,0.3262462317943573,,,,,,,,,,
14,,,7839,,,,,,,,,,0.2644898295402527,,,,,,,,,,
14,,,7859,,,,,,,,,,0.6419762372970581,,,,,,,,,,
14,,,7879,,,,,,,,,,0.4992963969707489,,,,,,,,,,
14,,,7899,,,,,,,,,,0.599737823009491,,,,,,,,,,
14,,,7919,,,,,,,,,,0.6909627914428711,,,,,,,,,,
14,,,7939,,,,,,,,,,0.6414039134979248,,,,,,,,,,
14,,,7959,,,,,,,,,,0.4929146468639374,,,,,,,,,,
14,,,7979,,,,,,,,,,0.48356059193611145,,,,,,,,,,
14,,,7999,,,,,,,,,,0.3158841133117676,,,,,,,,,,
14,,,8019,,,,,,,,,,0.28498056530952454,,,,,,,,,,
14,,,8039,,,,,,,,,,0.2316528856754303,,,,,,,,,,
14,,,8059,,,,,,,,,,0.5551974177360535,,,,,,,,,,
14,,,8069,,,,,,,,,,,0.550796389579773,0.7618565559387207,0.47731587290763855,1.6048938035964966,0.5246269702911377,0.36725980043411255,0.3711340129375458,0.4515805244445801,0.7511664032936096,0.550796389579773
14,,,8069,,,,,,,,0.7226535081863403,0.4431222379207611,,,,,,,,,,,
,0.0002977211629518312,0.0002977211629518312,8070,,,,,,,,,,,,,,,,,,,,
15,,,8079,,,,,,,,,,0.5641167759895325,,,,,,,,,,
15,,,8099,,,,,,,,,,0.4161853492259979,,,,,,,,,,
15,,,8119,,,,,,,,,,0.43501484394073486,,,,,,,,,,
15,,,8139,,,,,,,,,,0.6214292645454407,,,,,,,,,,
15,,,8159,,,,,,,,,,0.2369687408208847,,,,,,,,,,
15,,,8179,,,,,,,,,,0.269389271736145,,,,,,,,,,
15,,,8199,,,,,,,,,,0.6556708216667175,,,,,,,,,,
15,,,8219,,,,,,,,,,0.24064067006111145,,,,,,,,,,
15,,,8239,,,,,,,,,,0.5410391092300415,,,,,,,,,,
15,,,8259,,,,,,,,,,0.3877449929714203,,,,,,,,,,
15,,,8279,,,,,,,,,,0.19683167338371277,,,,,,,,,,
15,,,8299,,,,,,,,,,0.4264048933982849,,,,,,,,,,
15,,,8319,,,,,,,,,,0.27573585510253906,,,,,,,,,,
15,,,8339,,,,,,,,,,0.3721904158592224,,,,,,,,,,
15,,,8359,,,,,,,,,,0.4965479373931885,,,,,,,,,,
15,,,8379,,,,,,,,,,0.5136444568634033,,,,,,,,,,
15,,,8399,,,,,,,,,,0.3979528248310089,,,,,,,,,,
15,,,8419,,,,,,,,,,0.6750823855400085,,,,,,,,,,
15,,,8439,,,,,,,,,,0.382867693901062,,,,,,,,,,
15,,,8459,,,,,,,,,,0.668528139591217,,,,,,,,,,
15,,,8479,,,,,,,,,,0.4263291358947754,,,,,,,,,,
15,,,8499,,,,,,,,,,0.6414068341255188,,,,,,,,,,
15,,,8519,,,,,,,,,,0.21596179902553558,,,,,,,,,,
15,,,8539,,,,,,,,,,0.2953293025493622,,,,,,,,,,
15,,,8559,,,,,,,,,,0.2982997000217438,,,,,,,,,,
15,,,8579,,,,,,,,,,0.8039873838424683,,,,,,,,,,
15,,,8599,,,,,,,,,,0.2647126317024231,,,,,,,,,,
15,,,8607,,,,,,,,,,,0.5653998255729675,0.7820862531661987,0.49191170930862427,1.5733381509780884,0.574012041091919,0.40125495195388794,0.4815724790096283,0.4455782175064087,0.7948854565620422,0.5653998255729675
15,,,8607,,,,,,,,0.7389500141143799,0.4178025722503662,,,,,,,,,,,
,0.0002967221401100708,0.0002967221401100708,8608,,,,,,,,,,,,,,,,,,,,
16,,,8619,,,,,,,,,,0.7318342924118042,,,,,,,,,,
16,,,8639,,,,,,,,,,0.5944601893424988,,,,,,,,,,
16,,,8659,,,,,,,,,,0.48158130049705505,,,,,,,,,,
16,,,8679,,,,,,,,,,0.20720261335372925,,,,,,,,,,
16,,,8699,,,,,,,,,,0.20199906826019287,,,,,,,,,,
16,,,8719,,,,,,,,,,0.6712791919708252,,,,,,,,,,
16,,,8739,,,,,,,,,,0.382521390914917,,,,,,,,,,
16,,,8759,,,,,,,,,,0.21147802472114563,,,,,,,,,,
16,,,8779,,,,,,,,,,0.24134677648544312,,,,,,,,,,
16,,,8799,,,,,,,,,,0.43890711665153503,,,,,,,,,,
16,,,8819,,,,,,,,,,0.6283816695213318,,,,,,,,,,
16,,,8839,,,,,,,,,,0.24689532816410065,,,,,,,,,,
16,,,8859,,,,,,,,,,0.3037688136100769,,,,,,,,,,
16,,,8879,,,,,,,,,,0.44641241431236267,,,,,,,,,,
16,,,8899,,,,,,,,,,0.3470676839351654,,,,,,,,,,
16,,,8919,,,,,,,,,,0.5476067662239075,,,,,,,,,,
16,,,8939,,,,,,,,,,0.20126566290855408,,,,,,,,,,
16,,,8959,,,,,,,,,,0.2821964621543884,,,,,,,,,,
16,,,8979,,,,,,,,,,0.1804472655057907,,,,,,,,,,
16,,,8999,,,,,,,,,,0.7137061953544617,,,,,,,,,,
16,,,9019,,,,,,,,,,0.21633654832839966,,,,,,,,,,
16,,,9039,,,,,,,,,,0.19264736771583557,,,,,,,,,,
16,,,9059,,,,,,,,,,0.2840093970298767,,,,,,,,,,
16,,,9079,,,,,,,,,,0.6565930843353271,,,,,,,,,,
16,,,9099,,,,,,,,,,0.19931991398334503,,,,,,,,,,
16,,,9119,,,,,,,,,,0.5828683972358704,,,,,,,,,,
16,,,9139,,,,,,,,,,0.6199703216552734,,,,,,,,,,
16,,,9145,,,,,,,,,,,0.5756416320800781,0.7606326341629028,0.4842866063117981,1.3054382801055908,0.5080854892730713,0.39904576539993286,0.3510971665382385,0.5053483843803406,0.66781085729599,0.5756416320800781
16,,,9145,,,,,,,,0.7509869337081909,0.3973446488380432,,,,,,,,,,,
,0.0002955443589413994,0.0002955443589413994,9146,,,,,,,,,,,,,,,,,,,,
17,,,9159,,,,,,,,,,0.5467009544372559,,,,,,,,,,
17,,,9179,,,,,,,,,,0.2132837325334549,,,,,,,,,,
17,,,9199,,,,,,,,,,0.1437193602323532,,,,,,,,,,
17,,,9219,,,,,,,,,,0.20206540822982788,,,,,,,,,,
17,,,9239,,,,,,,,,,0.44958603382110596,,,,,,,,,,
17,,,9259,,,,,,,,,,0.45999354124069214,,,,,,,,,,
17,,,9279,,,,,,,,,,0.226044699549675,,,,,,,,,,
17,,,9299,,,,,,,,,,0.30448630452156067,,,,,,,,,,
17,,,9319,,,,,,,,,,0.5430426597595215,,,,,,,,,,
17,,,9339,,,,,,,,,,0.23712265491485596,,,,,,,,,,
17,,,9359,,,,,,,,,,0.8099775314331055,,,,,,,,,,
17,,,9379,,,,,,,,,,0.448225736618042,,,,,,,,,,
17,,,9399,,,,,,,,,,0.37285104393959045,,,,,,,,,,
17,,,9419,,,,,,,,,,0.2234962284564972,,,,,,,,,,
17,,,9439,,,,,,,,,,0.4669734537601471,,,,,,,,,,
17,,,9459,,,,,,,,,,0.28623244166374207,,,,,,,,,,
17,,,9479,,,,,,,,,,0.5956258177757263,,,,,,,,,,
17,,,9499,,,,,,,,,,0.3855389654636383,,,,,,,,,,
17,,,9519,,,,,,,,,,0.42551571130752563,,,,,,,,,,
17,,,9539,,,,,,,,,,0.31335270404815674,,,,,,,,,,
17,,,9559,,,,,,,,,,0.458919495344162,,,,,,,,,,
17,,,9579,,,,,,,,,,0.1856054663658142,,,,,,,,,,
17,,,9599,,,,,,,,,,0.21678657829761505,,,,,,,,,,
17,,,9619,,,,,,,,,,0.5900982618331909,,,,,,,,,,
17,,,9639,,,,,,,,,,0.42842379212379456,,,,,,,,,,
17,,,9659,,,,,,,,,,0.20268355309963226,,,,,,,,,,
17,,,9679,,,,,,,,,,0.4566757082939148,,,,,,,,,,
17,,,9683,,,,,,,,,,,0.4211217164993286,0.654308557510376,0.3648010194301605,2.89658260345459,0.5018686652183533,0.17372502386569977,0.37555885314941406,0.3351162374019623,0.7949308753013611,0.4211217164993286
17,,,9683,,,,,,,,0.7542226314544678,0.40559130907058716,,,,,,,,,,,
,0.0002941892543907478,0.0002941892543907478,9684,,,,,,,,,,,,,,,,,,,,
18,,,9699,,,,,,,,,,0.22833740711212158,,,,,,,,,,
18,,,9719,,,,,,,,,,0.2619716227054596,,,,,,,,,,
18,,,9739,,,,,,,,,,0.6351677775382996,,,,,,,,,,
18,,,9759,,,,,,,,,,0.46851328015327454,,,,,,,,,,
18,,,9779,,,,,,,,,,0.8261557221412659,,,,,,,,,,
18,,,9799,,,,,,,,,,0.178835928440094,,,,,,,,,,
18,,,9819,,,,,,,,,,0.3939076066017151,,,,,,,,,,
18,,,9839,,,,,,,,,,0.5774852633476257,,,,,,,,,,
18,,,9859,,,,,,,,,,0.22980283200740814,,,,,,,,,,
18,,,9879,,,,,,,,,,0.22542819380760193,,,,,,,,,,
18,,,9899,,,,,,,,,,0.712762713432312,,,,,,,,,,
18,,,9919,,,,,,,,,,0.5008298754692078,,,,,,,,,,
18,,,9939,,,,,,,,,,0.6083961725234985,,,,,,,,,,
18,,,9959,,,,,,,,,,0.7961925864219666,,,,,,,,,,
18,,,9979,,,,,,,,,,0.49051743745803833,,,,,,,,,,
18,,,9999,,,,,,,,,,0.5040010213851929,,,,,,,,,,
18,,,10019,,,,,,,,,,0.37476229667663574,,,,,,,,,,
18,,,10039,,,,,,,,,,0.3667944371700287,,,,,,,,,,
18,,,10059,,,,,,,,,,0.6741933226585388,,,,,,,,,,
18,,,10079,,,,,,,,,,0.6483874320983887,,,,,,,,,,
18,,,10099,,,,,,,,,,0.22571709752082825,,,,,,,,,,
18,,,10119,,,,,,,,,,0.2603100836277008,,,,,,,,,,
18,,,10139,,,,,,,,,,0.5967902541160583,,,,,,,,,,
18,,,10159,,,,,,,,,,0.43521052598953247,,,,,,,,,,
18,,,10179,,,,,,,,,,0.4413217604160309,,,,,,,,,,
18,,,10199,,,,,,,,,,0.22059115767478943,,,,,,,,,,
18,,,10219,,,,,,,,,,0.27232053875923157,,,,,,,,,,
18,,,10221,,,,,,,,,,,0.5638750791549683,0.7447973489761353,0.4916282892227173,1.5691989660263062,0.5224594473838806,0.374955415725708,0.39056605100631714,0.48694443702697754,0.6898678541183472,0.5638750791549683
18,,,10221,,,,,,,,0.7594384551048279,0.3999471068382263,,,,,,,,,,,
,0.00029265847744427303,0.00029265847744427303,10222,,,,,,,,,,,,,,,,,,,,
19,,,10239,,,,,,,,,,0.17964816093444824,,,,,,,,,,
19,,,10259,,,,,,,,,,0.18995511531829834,,,,,,,,,,
19,,,10279,,,,,,,,,,0.7214345932006836,,,,,,,,,,
19,,,10299,,,,,,,,,,0.2058435082435608,,,,,,,,,,
19,,,10319,,,,,,,,,,0.44209083914756775,,,,,,,,,,
19,,,10339,,,,,,,,,,0.24711483716964722,,,,,,,,,,
19,,,10359,,,,,,,,,,0.17014406621456146,,,,,,,,,,
19,,,10379,,,,,,,,,,0.18076331913471222,,,,,,,,,,
19,,,10399,,,,,,,,,,0.32442212104797363,,,,,,,,,,
19,,,10419,,,,,,,,,,0.44104599952697754,,,,,,,,,,
19,,,10439,,,,,,,,,,0.2635418772697449,,,,,,,,,,
19,,,10459,,,,,,,,,,0.25874319672584534,,,,,,,,,,
19,,,10479,,,,,,,,,,0.2657404839992523,,,,,,,,,,
19,,,10499,,,,,,,,,,0.3699690103530884,,,,,,,,,,
19,,,10519,,,,,,,,,,0.4927821755409241,,,,,,,,,,
19,,,10539,,,,,,,,,,0.20896172523498535,,,,,,,,,,
19,,,10559,,,,,,,,,,0.6843627691268921,,,,,,,,,,
19,,,10579,,,,,,,,,,0.1541615128517151,,,,,,,,,,
19,,,10599,,,,,,,,,,0.410685271024704,,,,,,,,,,
19,,,10619,,,,,,,,,,0.178181454539299,,,,,,,,,,
19,,,10639,,,,,,,,,,0.22797921299934387,,,,,,,,,,
19,,,10659,,,,,,,,,,0.15704333782196045,,,,,,,,,,
19,,,10679,,,,,,,,,,0.49566027522087097,,,,,,,,,,
19,,,10699,,,,,,,,,,0.2243170291185379,,,,,,,,,,
19,,,10719,,,,,,,,,,0.3132432997226715,,,,,,,,,,
19,,,10739,,,,,,,,,,0.5130156874656677,,,,,,,,,,
19,,,10759,,,,,,,,,,0.9329441785812378,,,,,,,,,,
19,,,10759,,,,,,,,,,,0.5336294770240784,0.7329894304275513,0.4763869643211365,1.9537004232406616,0.5215321779251099,0.3285429775714874,0.4155653417110443,0.4475542902946472,0.7014768123626709,0.5336294770240784
19,,,10759,,,,,,,,0.7736527919769287,0.3736349046230316,,,,,,,,,,,
,0.0002909538931178862,0.0002909538931178862,10760,,,,,,,,,,,,,,,,,,,,
20,,,10779,,,,,,,,,,0.4133168160915375,,,,,,,,,,
20,,,10799,,,,,,,,,,0.2078692615032196,,,,,,,,,,
20,,,10819,,,,,,,,,,0.4886125922203064,,,,,,,,,,
20,,,10839,,,,,,,,,,0.2504558265209198,,,,,,,,,,
20,,,10859,,,,,,,,,,0.3635671138763428,,,,,,,,,,
20,,,10879,,,,,,,,,,0.38238325715065,,,,,,,,,,
20,,,10899,,,,,,,,,,0.5175135135650635,,,,,,,,,,
20,,,10919,,,,,,,,,,0.29687702655792236,,,,,,,,,,
20,,,10939,,,,,,,,,,0.2045118808746338,,,,,,,,,,
20,,,10959,,,,,,,,,,0.7001135945320129,,,,,,,,,,
20,,,10979,,,,,,,,,,0.1989075392484665,,,,,,,,,,
20,,,10999,,,,,,,,,,0.21511444449424744,,,,,,,,,,
20,,,11019,,,,,,,,,,0.5622485876083374,,,,,,,,,,
20,,,11039,,,,,,,,,,0.15390321612358093,,,,,,,,,,
20,,,11059,,,,,,,,,,0.12642548978328705,,,,,,,,,,
20,,,11079,,,,,,,,,,0.16859853267669678,,,,,,,,,,
20,,,11099,,,,,,,,,,0.6068999171257019,,,,,,,,,,
20,,,11119,,,,,,,,,,0.4539722502231598,,,,,,,,,,
20,,,11139,,,,,,,,,,0.18216851353645325,,,,,,,,,,
20,,,11159,,,,,,,,,,0.11925739794969559,,,,,,,,,,
20,,,11179,,,,,,,,,,0.2132611721754074,,,,,,,,,,
20,,,11199,,,,,,,,,,0.21617978811264038,,,,,,,,,,
20,,,11219,,,,,,,,,,0.5440136194229126,,,,,,,,,,
20,,,11239,,,,,,,,,,0.8526400923728943,,,,,,,,,,
20,,,11259,,,,,,,,,,0.29757723212242126,,,,,,,,,,
20,,,11279,,,,,,,,,,0.6971822381019592,,,,,,,,,,
20,,,11297,,,,,,,,,,,0.5432072877883911,0.7345970869064331,0.49604761600494385,1.6023870706558228,0.5050846338272095,0.3244656026363373,0.35070139169692993,0.5009074211120605,0.6636450290679932,0.5432072877883911
20,,,11297,,,,,,,,0.7748546600341797,0.3740147352218628,,,,,,,,,,,
,0.0002890775781850181,0.0002890775781850181,11298,,,,,,,,,,,,,,,,,,,,
21,,,11299,,,,,,,,,,0.5225540399551392,,,,,,,,,,
21,,,11319,,,,,,,,,,0.2718431055545807,,,,,,,,,,
21,,,11339,,,,,,,,,,0.15359489619731903,,,,,,,,,,
21,,,11359,,,,,,,,,,0.16561850905418396,,,,,,,,,,
21,,,11379,,,,,,,,,,0.3610801696777344,,,,,,,,,,
21,,,11399,,,,,,,,,,0.4543483853340149,,,,,,,,,,
21,,,11419,,,,,,,,,,0.29894620180130005,,,,,,,,,,
21,,,11439,,,,,,,,,,0.3799399733543396,,,,,,,,,,
21,,,11459,,,,,,,,,,0.5102340579032898,,,,,,,,,,
21,,,11479,,,,,,,,,,0.5979815721511841,,,,,,,,,,
21,,,11499,,,,,,,,,,0.5772921442985535,,,,,,,,,,
21,,,11519,,,,,,,,,,0.2020985186100006,,,,,,,,,,
21,,,11539,,,,,,,,,,0.25047236680984497,,,,,,,,,,
21,,,11559,,,,,,,,,,0.574088454246521,,,,,,,,,,
21,,,11579,,,,,,,,,,0.4604061543941498,,,,,,,,,,
21,,,11599,,,,,,,,,,0.4254888594150543,,,,,,,,,,
21,,,11619,,,,,,,,,,0.2174956500530243,,,,,,,,,,
21,,,11639,,,,,,,,,,0.6146562099456787,,,,,,,,,,
21,,,11659,,,,,,,,,,0.3748164176940918,,,,,,,,,,
21,,,11679,,,,,,,,,,0.3792511224746704,,,,,,,,,,
21,,,11699,,,,,,,,,,0.6248360276222229,,,,,,,,,,
21,,,11719,,,,,,,,,,0.25987517833709717,,,,,,,,,,
21,,,11739,,,,,,,,,,0.6104586720466614,,,,,,,,,,
21,,,11759,,,,,,,,,,0.4710773825645447,,,,,,,,,,
21,,,11779,,,,,,,,,,0.6646832227706909,,,,,,,,,,
21,,,11799,,,,,,,,,,0.2329937368631363,,,,,,,,,,
21,,,11819,,,,,,,,,,0.33658716082572937,,,,,,,,,,
21,,,11835,,,,,,,,,,,0.5714161992073059,0.7417588233947754,0.5478618741035461,1.8964401483535767,0.550717830657959,0.3579559922218323,0.44200849533081055,0.5431745052337646,0.6669703722000122,0.5714161992073059
21,,,11835,,,,,,,,0.7946219444274902,0.3368854522705078,,,,,,,,,,,
,0.0002870318186463901,0.0002870318186463901,11836,,,,,,,,,,,,,,,,,,,,
22,,,11839,,,,,,,,,,0.21007251739501953,,,,,,,,,,
22,,,11859,,,,,,,,,,0.5339919924736023,,,,,,,,,,
22,,,11879,,,,,,,,,,0.3597569465637207,,,,,,,,,,
22,,,11899,,,,,,,,,,0.12575343251228333,,,,,,,,,,
22,,,11919,,,,,,,,,,0.4315933287143707,,,,,,,,,,
22,,,11939,,,,,,,,,,0.20228514075279236,,,,,,,,,,
22,,,11959,,,,,,,,,,0.37446698546409607,,,,,,,,,,
22,,,11979,,,,,,,,,,0.14322030544281006,,,,,,,,,,
22,,,11999,,,,,,,,,,0.5436236262321472,,,,,,,,,,
22,,,12019,,,,,,,,,,0.4716379642486572,,,,,,,,,,
22,,,12039,,,,,,,,,,0.553311288356781,,,,,,,,,,
22,,,12059,,,,,,,,,,0.5005569458007812,,,,,,,,,,
22,,,12079,,,,,,,,,,0.17044560611248016,,,,,,,,,,
22,,,12099,,,,,,,,,,0.27141255140304565,,,,,,,,,,
22,,,12119,,,,,,,,,,0.41048306226730347,,,,,,,,,,
22,,,12139,,,,,,,,,,0.2782161831855774,,,,,,,,,,
22,,,12159,,,,,,,,,,0.1469954550266266,,,,,,,,,,
22,,,12179,,,,,,,,,,0.45087963342666626,,,,,,,,,,
22,,,12199,,,,,,,,,,0.225850448012352,,,,,,,,,,
22,,,12219,,,,,,,,,,0.20978666841983795,,,,,,,,,,
22,,,12239,,,,,,,,,,0.14774926006793976,,,,,,,,,,
22,,,12259,,,,,,,,,,0.26857948303222656,,,,,,,,,,
22,,,12279,,,,,,,,,,0.4584350287914276,,,,,,,,,,
22,,,12299,,,,,,,,,,0.4451059401035309,,,,,,,,,,
22,,,12319,,,,,,,,,,0.17366179823875427,,,,,,,,,,
22,,,12339,,,,,,,,,,0.451756089925766,,,,,,,,,,
22,,,12359,,,,,,,,,,0.12422250956296921,,,,,,,,,,
22,,,12373,,,,,,,,,,,0.4707399010658264,0.6946077346801758,0.39444613456726074,2.4813966751098633,0.5151007175445557,0.26742303371429443,0.3983739912509918,0.37386080622673035,0.7730673551559448,0.4707399010658264
22,,,12373,,,,,,,,0.7992534637451172,0.33892175555229187,,,,,,,,,,,
,0.000284819106944875,0.000284819106944875,12374,,,,,,,,,,,,,,,,,,,,
23,,,12379,,,,,,,,,,0.4281192421913147,,,,,,,,,,
23,,,12399,,,,,,,,,,0.49426916241645813,,,,,,,,,,
23,,,12419,,,,,,,,,,0.2933751344680786,,,,,,,,,,
23,,,12439,,,,,,,,,,0.3013438880443573,,,,,,,,,,
23,,,12459,,,,,,,,,,0.7021144032478333,,,,,,,,,,
23,,,12479,,,,,,,,,,0.2315031737089157,,,,,,,,,,
23,,,12499,,,,,,,,,,0.5572284460067749,,,,,,,,,,
23,,,12519,,,,,,,,,,0.4985356330871582,,,,,,,,,,
23,,,12539,,,,,,,,,,0.5948883295059204,,,,,,,,,,
23,,,12559,,,,,,,,,,0.5348378419876099,,,,,,,,,,
23,,,12579,,,,,,,,,,0.39230644702911377,,,,,,,,,,
23,,,12599,,,,,,,,,,0.37586456537246704,,,,,,,,,,
23,,,12619,,,,,,,,,,0.14888757467269897,,,,,,,,,,
23,,,12639,,,,,,,,,,0.27284932136535645,,,,,,,,,,
23,,,12659,,,,,,,,,,0.15422587096691132,,,,,,,,,,
23,,,12679,,,,,,,,,,0.19460968673229218,,,,,,,,,,
23,,,12699,,,,,,,,,,0.7448338866233826,,,,,,,,,,
23,,,12719,,,,,,,,,,0.1714579313993454,,,,,,,,,,
23,,,12739,,,,,,,,,,0.2689090967178345,,,,,,,,,,
23,,,12759,,,,,,,,,,0.33647578954696655,,,,,,,,,,
23,,,12779,,,,,,,,,,0.7791240215301514,,,,,,,,,,
23,,,12799,,,,,,,,,,0.4641474187374115,,,,,,,,,,
23,,,12819,,,,,,,,,,0.4633961617946625,,,,,,,,,,
23,,,12839,,,,,,,,,,0.1952320784330368,,,,,,,,,,
23,,,12859,,,,,,,,,,0.12227575480937958,,,,,,,,,,
23,,,12879,,,,,,,,,,0.45815330743789673,,,,,,,,,,
23,,,12899,,,,,,,,,,0.3171303868293762,,,,,,,,,,
23,,,12911,,,,,,,,,,,0.5642894506454468,0.7324854731559753,0.5511247515678406,2.3079662322998047,0.5727325677871704,0.34977516531944275,0.43103447556495667,0.5067204236984253,0.7804428339004517,0.5642894506454468
23,,,12911,,,,,,,,0.7966229319572449,0.34215080738067627,,,,,,,,,,,
,0.000282442138928839,0.000282442138928839,12912,,,,,,,,,,,,,,,,,,,,
24,,,12919,,,,,,,,,,0.420690655708313,,,,,,,,,,
24,,,12939,,,,,,,,,,0.4152853786945343,,,,,,,,,,
24,,,12959,,,,,,,,,,0.1259261518716812,,,,,,,,,,
24,,,12979,,,,,,,,,,0.22193582355976105,,,,,,,,,,
24,,,12999,,,,,,,,,,0.49229899048805237,,,,,,,,,,
24,,,13019,,,,,,,,,,0.20512330532073975,,,,,,,,,,
24,,,13039,,,,,,,,,,0.5730867981910706,,,,,,,,,,
24,,,13059,,,,,,,,,,0.3047247529029846,,,,,,,,,,
24,,,13079,,,,,,,,,,0.16424313187599182,,,,,,,,,,
24,,,13099,,,,,,,,,,0.28777876496315,,,,,,,,,,
24,,,13119,,,,,,,,,,0.22563207149505615,,,,,,,,,,
24,,,13139,,,,,,,,,,0.5310397744178772,,,,,,,,,,
24,,,13159,,,,,,,,,,0.4548327922821045,,,,,,,,,,
24,,,13179,,,,,,,,,,0.673237144947052,,,,,,,,,,
24,,,13199,,,,,,,,,,0.41372451186180115,,,,,,,,,,
24,,,13219,,,,,,,,,,0.47918274998664856,,,,,,,,,,
24,,,13239,,,,,,,,,,0.5030996799468994,,,,,,,,,,
24,,,13259,,,,,,,,,,0.47498318552970886,,,,,,,,,,
24,,,13279,,,,,,,,,,0.6215602159500122,,,,,,,,,,
24,,,13299,,,,,,,,,,0.3980756402015686,,,,,,,,,,
24,,,13319,,,,,,,,,,0.17729723453521729,,,,,,,,,,
24,,,13339,,,,,,,,,,0.2209484875202179,,,,,,,,,,
24,,,13359,,,,,,,,,,0.12146888673305511,,,,,,,,,,
24,,,13379,,,,,,,,,,0.3499177396297455,,,,,,,,,,
24,,,13399,,,,,,,,,,0.13165125250816345,,,,,,,,,,
24,,,13419,,,,,,,,,,0.32244178652763367,,,,,,,,,,
24,,,13439,,,,,,,,,,0.5483338832855225,,,,,,,,,,
24,,,13449,,,,,,,,,,,0.5434238910675049,0.7256934642791748,0.5304883122444153,1.9446585178375244,0.5264496207237244,0.3121910095214844,0.41088515520095825,0.5532094836235046,0.6152542233467102,0.5434238910675049
24,,,13449,,,,,,,,0.7995401620864868,0.3406405746936798,,,,,,,,,,,
,0.0002799038105676658,0.0002799038105676658,13450,,,,,,,,,,,,,,,,,,,,
25,,,13459,,,,,,,,,,0.09410658478736877,,,,,,,,,,
25,,,13479,,,,,,,,,,0.19744378328323364,,,,,,,,,,
25,,,13499,,,,,,,,,,0.1528186798095703,,,,,,,,,,
25,,,13519,,,,,,,,,,0.44569623470306396,,,,,,,,,,
25,,,13539,,,,,,,,,,0.5512308478355408,,,,,,,,,,
25,,,13559,,,,,,,,,,0.3600700795650482,,,,,,,,,,
25,,,13579,,,,,,,,,,0.3311780095100403,,,,,,,,,,
25,,,13599,,,,,,,,,,0.5313776731491089,,,,,,,,,,
25,,,13619,,,,,,,,,,0.5149410367012024,,,,,,,,,,
25,,,13639,,,,,,,,,,0.12929768860340118,,,,,,,,,,
25,,,13659,,,,,,,,,,0.248450368642807,,,,,,,,,,
25,,,13679,,,,,,,,,,0.48544424772262573,,,,,,,,,,
25,,,13699,,,,,,,,,,0.43534937500953674,,,,,,,,,,
25,,,13719,,,,,,,,,,0.15941071510314941,,,,,,,,,,
25,,,13739,,,,,,,,,,0.47401270270347595,,,,,,,,,,
25,,,13759,,,,,,,,,,0.1761019229888916,,,,,,,,,,
25,,,13779,,,,,,,,,,0.3464128077030182,,,,,,,,,,
25,,,13799,,,,,,,,,,0.09233751893043518,,,,,,,,,,
25,,,13819,,,,,,,,,,0.5869060158729553,,,,,,,,,,
25,,,13839,,,,,,,,,,0.6474904417991638,,,,,,,,,,
25,,,13859,,,,,,,,,,0.11586479842662811,,,,,,,,,,
25,,,13879,,,,,,,,,,0.3435518741607666,,,,,,,,,,
25,,,13899,,,,,,,,,,0.469287246465683,,,,,,,,,,
25,,,13919,,,,,,,,,,0.25204193592071533,,,,,,,,,,
25,,,13939,,,,,,,,,,0.7289610505104065,,,,,,,,,,
25,,,13959,,,,,,,,,,0.20415061712265015,,,,,,,,,,
25,,,13979,,,,,,,,,,0.7125425934791565,,,,,,,,,,
25,,,13987,,,,,,,,,,,0.5635815858840942,0.7466370463371277,0.5574920177459717,1.8239272832870483,0.5568332672119141,0.34297123551368713,0.44824016094207764,0.5508981943130493,0.67136150598526,0.5635815858840942
25,,,13987,,,,,,,,0.8130995035171509,0.3200589418411255,,,,,,,,,,,
,0.00027720721442346387,0.00027720721442346387,13988,,,,,,,,,,,,,,,,,,,,
26,,,13999,,,,,,,,,,0.12021374702453613,,,,,,,,,,
26,,,14019,,,,,,,,,,0.13366705179214478,,,,,,,,,,
26,,,14039,,,,,,,,,,0.1567610204219818,,,,,,,,,,
26,,,14059,,,,,,,,,,0.05509724095463753,,,,,,,,,,
26,,,14079,,,,,,,,,,0.08175282925367355,,,,,,,,,,
26,,,14099,,,,,,,,,,0.5353885889053345,,,,,,,,,,
26,,,14119,,,,,,,,,,0.7832016944885254,,,,,,,,,,
26,,,14139,,,,,,,,,,0.08878430724143982,,,,,,,,,,
26,,,14159,,,,,,,,,,0.2579231858253479,,,,,,,,,,
26,,,14179,,,,,,,,,,0.23726658523082733,,,,,,,,,,
26,,,14199,,,,,,,,,,0.36312738060951233,,,,,,,,,,
26,,,14219,,,,,,,,,,0.10013933479785919,,,,,,,,,,
26,,,14239,,,,,,,,,,0.7324658632278442,,,,,,,,,,
26,,,14259,,,,,,,,,,0.18784038722515106,,,,,,,,,,
26,,,14279,,,,,,,,,,0.34775224328041077,,,,,,,,,,
26,,,14299,,,,,,,,,,0.12576253712177277,,,,,,,,,,
26,,,14319,,,,,,,,,,0.12886810302734375,,,,,,,,,,
26,,,14339,,,,,,,,,,0.5191672444343567,,,,,,,,,,
26,,,14359,,,,,,,,,,0.5673385858535767,,,,,,,,,,
26,,,14379,,,,,,,,,,0.3534717857837677,,,,,,,,,,
26,,,14399,,,,,,,,,,0.13910236954689026,,,,,,,,,,
26,,,14419,,,,,,,,,,0.17220766842365265,,,,,,,,,,
26,,,14439,,,,,,,,,,0.07579830288887024,,,,,,,,,,
26,,,14459,,,,,,,,,,0.12905097007751465,,,,,,,,,,
26,,,14479,,,,,,,,,,0.33614543080329895,,,,,,,,,,
26,,,14499,,,,,,,,,,0.22933217883110046,,,,,,,,,,
26,,,14519,,,,,,,,,,0.09699657559394836,,,,,,,,,,
26,,,14525,,,,,,,,,,,0.5525162816047668,0.7259262800216675,0.5514450669288635,2.273925542831421,0.562569797039032,0.32663625478744507,0.44092220067977905,0.5532101988792419,0.6935768723487854,0.5525162816047668
26,,,14525,,,,,,,,0.8230000138282776,0.30351874232292175,,,,,,,,,,,
,0.0002743556358832562,0.0002743556358832562,14526,,,,,,,,,,,,,,,,,,,,
27,,,14539,,,,,,,,,,0.17884765565395355,,,,,,,,,,
27,,,14559,,,,,,,,,,0.2371392846107483,,,,,,,,,,
27,,,14579,,,,,,,,,,0.668696939945221,,,,,,,,,,
27,,,14599,,,,,,,,,,0.10693622380495071,,,,,,,,,,
27,,,14619,,,,,,,,,,0.5698205828666687,,,,,,,,,,
27,,,14639,,,,,,,,,,0.11365820467472076,,,,,,,,,,
27,,,14659,,,,,,,,,,0.4601534307003021,,,,,,,,,,
27,,,14679,,,,,,,,,,0.4542692303657532,,,,,,,,,,
27,,,14699,,,,,,,,,,0.25932061672210693,,,,,,,,,,
27,,,14719,,,,,,,,,,0.424882709980011,,,,,,,,,,
27,,,14739,,,,,,,,,,0.38710418343544006,,,,,,,,,,
27,,,14759,,,,,,,,,,0.07827111333608627,,,,,,,,,,
27,,,14779,,,,,,,,,,0.5028590559959412,,,,,,,,,,
27,,,14799,,,,,,,,,,0.1542041003704071,,,,,,,,,,
27,,,14819,,,,,,,,,,0.5062488317489624,,,,,,,,,,
27,,,14839,,,,,,,,,,0.4220724105834961,,,,,,,,,,
27,,,14859,,,,,,,,,,0.5965611338615417,,,,,,,,,,
27,,,14879,,,,,,,,,,0.8890085816383362,,,,,,,,,,
27,,,14899,,,,,,,,,,0.11889942735433578,,,,,,,,,,
27,,,14919,,,,,,,,,,0.09162987023591995,,,,,,,,,,
27,,,14939,,,,,,,,,,0.1449613869190216,,,,,,,,,,
27,,,14959,,,,,,,,,,0.1317742019891739,,,,,,,,,,
27,,,14979,,,,,,,,,,0.16330114006996155,,,,,,,,,,
27,,,14999,,,,,,,,,,0.22544333338737488,,,,,,,,,,
27,,,15019,,,,,,,,,,0.45786815881729126,,,,,,,,,,
27,,,15039,,,,,,,,,,0.09759387373924255,,,,,,,,,,
27,,,15059,,,,,,,,,,0.3311648964881897,,,,,,,,,,
27,,,15063,,,,,,,,,,,0.5676137804985046,0.732603907585144,0.5671485066413879,2.754817008972168,0.5877882838249207,0.3507964611053467,0.4482501745223999,0.5869466066360474,0.7281680703163147,0.5676137804985046
27,,,15063,,,,,,,,0.8321648836135864,0.28470340371131897,,,,,,,,,,,
,0.0002713525491562421,0.0002713525491562421,15064,,,,,,,,,,,,,,,,,,,,
28,,,15079,,,,,,,,,,0.14035248756408691,,,,,,,,,,
28,,,15099,,,,,,,,,,0.0729377493262291,,,,,,,,,,
28,,,15119,,,,,,,,,,0.1124926209449768,,,,,,,,,,
28,,,15139,,,,,,,,,,0.1287834495306015,,,,,,,,,,
28,,,15159,,,,,,,,,,0.1433822065591812,,,,,,,,,,
28,,,15179,,,,,,,,,,0.2674274742603302,,,,,,,,,,
28,,,15199,,,,,,,,,,0.15071164071559906,,,,,,,,,,
28,,,15219,,,,,,,,,,0.28611329197883606,,,,,,,,,,
28,,,15239,,,,,,,,,,0.32918038964271545,,,,,,,,,,
28,,,15259,,,,,,,,,,0.25394773483276367,,,,,,,,,,
28,,,15279,,,,,,,,,,0.1451295018196106,,,,,,,,,,
28,,,15299,,,,,,,,,,0.133954256772995,,,,,,,,,,
28,,,15319,,,,,,,,,,0.3982088267803192,,,,,,,,,,
28,,,15339,,,,,,,,,,0.41228556632995605,,,,,,,,,,
28,,,15359,,,,,,,,,,0.12115328013896942,,,,,,,,,,
28,,,15379,,,,,,,,,,0.3845425248146057,,,,,,,,,,
28,,,15399,,,,,,,,,,0.37030211091041565,,,,,,,,,,
28,,,15419,,,,,,,,,,0.26138365268707275,,,,,,,,,,
28,,,15439,,,,,,,,,,0.26319560408592224,,,,,,,,,,
28,,,15459,,,,,,,,,,0.12971338629722595,,,,,,,,,,
28,,,15479,,,,,,,,,,0.6907477974891663,,,,,,,,,,
28,,,15499,,,,,,,,,,0.10713274776935577,,,,,,,,,,
28,,,15519,,,,,,,,,,0.4423564374446869,,,,,,,,,,
28,,,15539,,,,,,,,,,0.30700862407684326,,,,,,,,,,
28,,,15559,,,,,,,,,,0.5335095524787903,,,,,,,,,,
28,,,15579,,,,,,,,,,0.1603253036737442,,,,,,,,,,
28,,,15599,,,,,,,,,,0.281113862991333,,,,,,,,,,
28,,,15601,,,,,,,,,,,0.5061256885528564,0.6964578628540039,0.45405811071395874,2.0869593620300293,0.47541385889053345,0.27412110567092896,0.36653387546539307,0.4490031898021698,0.6107044816017151,0.5061256885528564
28,,,15601,,,,,,,,0.8250956535339355,0.30725231766700745,,,,,,,,,,,
,0.00026820161304100823,0.00026820161304100823,15602,,,,,,,,,,,,,,,,,,,,
29,,,15619,,,,,,,,,,0.5122346878051758,,,,,,,,,,
29,,,15639,,,,,,,,,,0.1743934005498886,,,,,,,,,,
29,,,15659,,,,,,,,,,0.5004896521568298,,,,,,,,,,
29,,,15679,,,,,,,,,,0.0694524422287941,,,,,,,,,,
29,,,15699,,,,,,,,,,0.4299522340297699,,,,,,,,,,
29,,,15719,,,,,,,,,,0.16816847026348114,,,,,,,,,,
29,,,15739,,,,,,,,,,0.472381591796875,,,,,,,,,,
29,,,15759,,,,,,,,,,0.11266084760427475,,,,,,,,,,
29,,,15779,,,,,,,,,,0.12263314425945282,,,,,,,,,,
29,,,15799,,,,,,,,,,0.20760060846805573,,,,,,,,,,
29,,,15819,,,,,,,,,,0.27752065658569336,,,,,,,,,,
29,,,15839,,,,,,,,,,0.5626861453056335,,,,,,,,,,
29,,,15859,,,,,,,,,,0.32112744450569153,,,,,,,,,,
29,,,15879,,,,,,,,,,0.08029798418283463,,,,,,,,,,
29,,,15899,,,,,,,,,,0.0778471827507019,,,,,,,,,,
29,,,15919,,,,,,,,,,0.37846165895462036,,,,,,,,,,
29,,,15939,,,,,,,,,,0.32494691014289856,,,,,,,,,,
29,,,15959,,,,,,,,,,0.11336293816566467,,,,,,,,,,
29,,,15979,,,,,,,,,,0.06063772737979889,,,,,,,,,,
29,,,15999,,,,,,,,,,0.28895679116249084,,,,,,,,,,
29,,,16019,,,,,,,,,,0.5399333238601685,,,,,,,,,,
29,,,16039,,,,,,,,,,0.517605185508728,,,,,,,,,,
29,,,16059,,,,,,,,,,0.16146434843540192,,,,,,,,,,
29,,,16079,,,,,,,,,,0.08895554393529892,,,,,,,,,,
29,,,16099,,,,,,,,,,0.16693833470344543,,,,,,,,,,
29,,,16119,,,,,,,,,,0.1585780829191208,,,,,,,,,,
29,,,16139,,,,,,,,,,0.11244465410709381,,,,,,,,,,
29,,,16139,,,,,,,,,,,0.5392293930053711,0.7195532321929932,0.5285300612449646,2.0722455978393555,0.5485649704933167,0.31158483028411865,0.4193200170993805,0.4839041233062744,0.7424708008766174,0.5392293930053711
29,,,16139,,,,,,,,0.8342843055725098,0.2884790897369385,,,,,,,,,,,
,0.00026490666646784665,0.00026490666646784665,16140,,,,,,,,,,,,,,,,,,,,
30,,,16159,,,,,,,,,,0.16397541761398315,,,,,,,,,,
30,,,16179,,,,,,,,,,0.0991707444190979,,,,,,,,,,
30,,,16199,,,,,,,,,,0.4568878412246704,,,,,,,,,,
30,,,16219,,,,,,,,,,0.10331276804208755,,,,,,,,,,
30,,,16239,,,,,,,,,,0.07214833050966263,,,,,,,,,,
30,,,16259,,,,,,,,,,0.09745265543460846,,,,,,,,,,
30,,,16279,,,,,,,,,,0.6260254979133606,,,,,,,,,,
30,,,16299,,,,,,,,,,0.3260187804698944,,,,,,,,,,
30,,,16319,,,,,,,,,,0.08050790429115295,,,,,,,,,,
30,,,16339,,,,,,,,,,0.46092459559440613,,,,,,,,,,
30,,,16359,,,,,,,,,,0.0786491334438324,,,,,,,,,,
30,,,16379,,,,,,,,,,0.12889651954174042,,,,,,,,,,
30,,,16399,,,,,,,,,,0.3269246220588684,,,,,,,,,,
30,,,16419,,,,,,,,,,0.42406949400901794,,,,,,,,,,
30,,,16439,,,,,,,,,,0.08366706222295761,,,,,,,,,,
30,,,16459,,,,,,,,,,0.6877114772796631,,,,,,,,,,
30,,,16479,,,,,,,,,,0.41200971603393555,,,,,,,,,,
30,,,16499,,,,,,,,,,0.10723031312227249,,,,,,,,,,
30,,,16519,,,,,,,,,,0.25773394107818604,,,,,,,,,,
30,,,16539,,,,,,,,,,0.6819811463356018,,,,,,,,,,
30,,,16559,,,,,,,,,,0.4030611217021942,,,,,,,,,,
30,,,16579,,,,,,,,,,0.47899743914604187,,,,,,,,,,
30,,,16599,,,,,,,,,,0.37525826692581177,,,,,,,,,,
30,,,16619,,,,,,,,,,0.3477731943130493,,,,,,,,,,
30,,,16639,,,,,,,,,,0.15318860113620758,,,,,,,,,,
30,,,16659,,,,,,,,,,0.36459457874298096,,,,,,,,,,
30,,,16677,,,,,,,,,,,0.5729582905769348,0.7511641383171082,0.5793756246566772,2.1624488830566406,0.5975863337516785,0.3631666898727417,0.44859156012535095,0.6214327216148376,0.7227346897125244,0.5729582905769348
30,,,16677,,,,,,,,0.8419843316078186,0.276665598154068,,,,,,,,,,,
,0.00026147172382160914,0.00026147172382160914,16678,,,,,,,,,,,,,,,,,,,,
31,,,16679,,,,,,,,,,0.511961817741394,,,,,,,,,,
31,,,16699,,,,,,,,,,0.705491840839386,,,,,,,,,,
31,,,16719,,,,,,,,,,0.5018560290336609,,,,,,,,,,
31,,,16739,,,,,,,,,,0.14562667906284332,,,,,,,,,,
31,,,16759,,,,,,,,,,0.08826934546232224,,,,,,,,,,
31,,,16779,,,,,,,,,,0.42143678665161133,,,,,,,,,,
31,,,16799,,,,,,,,,,0.542299747467041,,,,,,,,,,
31,,,16819,,,,,,,,,,0.4897143244743347,,,,,,,,,,
31,,,16839,,,,,,,,,,0.5783498883247375,,,,,,,,,,
31,,,16859,,,,,,,,,,0.5435017347335815,,,,,,,,,,
31,,,16879,,,,,,,,,,0.33809763193130493,,,,,,,,,,
31,,,16899,,,,,,,,,,0.08425292372703552,,,,,,,,,,
31,,,16919,,,,,,,,,,0.1684180051088333,,,,,,,,,,
31,,,16939,,,,,,,,,,0.44565072655677795,,,,,,,,,,
31,,,16959,,,,,,,,,,0.08484251797199249,,,,,,,,,,
31,,,16979,,,,,,,,,,0.5459350943565369,,,,,,,,,,
31,,,16999,,,,,,,,,,0.2861272990703583,,,,,,,,,,
31,,,17019,,,,,,,,,,0.5034052133560181,,,,,,,,,,
31,,,17039,,,,,,,,,,0.6479353904724121,,,,,,,,,,
31,,,17059,,,,,,,,,,0.16345489025115967,,,,,,,,,,
31,,,17079,,,,,,,,,,0.08729744702577591,,,,,,,,,,
31,,,17099,,,,,,,,,,0.06468339264392853,,,,,,,,,,
31,,,17119,,,,,,,,,,0.13016334176063538,,,,,,,,,,
31,,,17139,,,,,,,,,,0.36932921409606934,,,,,,,,,,
31,,,17159,,,,,,,,,,0.44878628849983215,,,,,,,,,,
31,,,17179,,,,,,,,,,0.2944614589214325,,,,,,,,,,
31,,,17199,,,,,,,,,,0.11460867524147034,,,,,,,,,,
31,,,17215,,,,,,,,,,,0.5276128649711609,0.7068701982498169,0.51994788646698,3.1186606884002686,0.6063584089279175,0.30130285024642944,0.3991520404815674,0.5680287480354309,0.8518943786621094,0.5276128649711609
31,,,17215,,,,,,,,0.842719316482544,0.2776115834712982,,,,,,,,,,,
,0.00025790097005079764,0.00025790097005079764,17216,,,,,,,,,,,,,,,,,,,,
32,,,17219,,,,,,,,,,0.48044413328170776,,,,,,,,,,
32,,,17239,,,,,,,,,,0.8101233839988708,,,,,,,,,,
32,,,17259,,,,,,,,,,0.42694979906082153,,,,,,,,,,
32,,,17279,,,,,,,,,,0.07551977038383484,,,,,,,,,,
32,,,17299,,,,,,,,,,0.13187357783317566,,,,,,,,,,
32,,,17319,,,,,,,,,,0.03563671186566353,,,,,,,,,,
32,,,17339,,,,,,,,,,0.09043720364570618,,,,,,,,,,
32,,,17359,,,,,,,,,,0.6209321022033691,,,,,,,,,,
32,,,17379,,,,,,,,,,0.4350074529647827,,,,,,,,,,
32,,,17399,,,,,,,,,,0.07106958329677582,,,,,,,,,,
32,,,17419,,,,,,,,,,0.08263042569160461,,,,,,,,,,
32,,,17439,,,,,,,,,,0.5580459237098694,,,,,,,,,,
32,,,17459,,,,,,,,,,0.09166022390127182,,,,,,,,,,
32,,,17479,,,,,,,,,,0.5374294519424438,,,,,,,,,,
32,,,17499,,,,,,,,,,0.39299261569976807,,,,,,,,,,
32,,,17519,,,,,,,,,,0.11893118917942047,,,,,,,,,,
32,,,17539,,,,,,,,,,0.2145719677209854,,,,,,,,,,
32,,,17559,,,,,,,,,,0.1750706285238266,,,,,,,,,,
32,,,17579,,,,,,,,,,0.42538219690322876,,,,,,,,,,
32,,,17599,,,,,,,,,,0.10028248280286789,,,,,,,,,,
32,,,17619,,,,,,,,,,0.34335872530937195,,,,,,,,,,
32,,,17639,,,,,,,,,,0.03939331695437431,,,,,,,,,,
32,,,17659,,,,,,,,,,0.3763727843761444,,,,,,,,,,
32,,,17679,,,,,,,,,,0.49641960859298706,,,,,,,,,,
32,,,17699,,,,,,,,,,0.32440415024757385,,,,,,,,,,
32,,,17719,,,,,,,,,,0.28876417875289917,,,,,,,,,,
32,,,17739,,,,,,,,,,0.7557370662689209,,,,,,,,,,
32,,,17753,,,,,,,,,,,0.53361976146698,0.699641227722168,0.5333055257797241,2.3589720726013184,0.5366562604904175,0.29816532135009766,0.41802915930747986,0.5354511737823486,0.6564885377883911,0.53361976146698
32,,,17753,,,,,,,,0.8509207963943481,0.26834917068481445,,,,,,,,,,,
,0.0002541987555688496,0.0002541987555688496,17754,,,,,,,,,,,,,,,,,,,,
33,,,17759,,,,,,,,,,0.4139966666698456,,,,,,,,,,
33,,,17779,,,,,,,,,,0.22398482263088226,,,,,,,,,,
33,,,17799,,,,,,,,,,0.10044515877962112,,,,,,,,,,
33,,,17819,,,,,,,,,,0.14853045344352722,,,,,,,,,,
33,,,17839,,,,,,,,,,0.1560702621936798,,,,,,,,,,
33,,,17859,,,,,,,,,,0.3856927752494812,,,,,,,,,,
33,,,17879,,,,,,,,,,0.6243298649787903,,,,,,,,,,
33,,,17899,,,,,,,,,,0.6083793044090271,,,,,,,,,,
33,,,17919,,,,,,,,,,0.5530362725257874,,,,,,,,,,
33,,,17939,,,,,,,,,,0.11245249956846237,,,,,,,,,,
33,,,17959,,,,,,,,,,0.07514426857233047,,,,,,,,,,
33,,,17979,,,,,,,,,,0.044088948518037796,,,,,,,,,,
33,,,17999,,,,,,,,,,0.3085082769393921,,,,,,,,,,
33,,,18019,,,,,,,,,,0.3253202438354492,,,,,,,,,,
33,,,18039,,,,,,,,,,0.059589024633169174,,,,,,,,,,
33,,,18059,,,,,,,,,,0.06612657010555267,,,,,,,,,,
33,,,18079,,,,,,,,,,0.07847809046506882,,,,,,,,,,
33,,,18099,,,,,,,,,,0.1652211993932724,,,,,,,,,,
33,,,18119,,,,,,,,,,0.4014199674129486,,,,,,,,,,
33,,,18139,,,,,,,,,,0.043535247445106506,,,,,,,,,,
33,,,18159,,,,,,,,,,0.04511129483580589,,,,,,,,,,
33,,,18179,,,,,,,,,,0.05956817790865898,,,,,,,,,,
33,,,18199,,,,,,,,,,0.33529528975486755,,,,,,,,,,
33,,,18219,,,,,,,,,,0.07967421412467957,,,,,,,,,,
33,,,18239,,,,,,,,,,0.23069724440574646,,,,,,,,,,
33,,,18259,,,,,,,,,,0.10879436135292053,,,,,,,,,,
33,,,18279,,,,,,,,,,0.1771688610315323,,,,,,,,,,
33,,,18291,,,,,,,,,,,0.5562677383422852,0.7151486277580261,0.5587639808654785,2.7741482257843018,0.5811396837234497,0.3365213871002197,0.4377478063106537,0.523562490940094,0.7821086049079895,0.5562677383422852
33,,,18291,,,,,,,,0.8487718105316162,0.27227699756622314,,,,,,,,,,,
,0.0002503695909538287,0.0002503695909538287,18292,,,,,,,,,,,,,,,,,,,,
34,,,18299,,,,,,,,,,0.6386508345603943,,,,,,,,,,
34,,,18319,,,,,,,,,,0.42110565304756165,,,,,,,,,,
34,,,18339,,,,,,,,,,0.27309656143188477,,,,,,,,,,
34,,,18359,,,,,,,,,,0.044363927096128464,,,,,,,,,,
34,,,18379,,,,,,,,,,0.6356089115142822,,,,,,,,,,
34,,,18399,,,,,,,,,,0.06415364891290665,,,,,,,,,,
34,,,18419,,,,,,,,,,0.03902829810976982,,,,,,,,,,
34,,,18439,,,,,,,,,,0.36055031418800354,,,,,,,,,,
34,,,18459,,,,,,,,,,0.3874454200267792,,,,,,,,,,
34,,,18479,,,,,,,,,,0.5186944007873535,,,,,,,,,,
34,,,18499,,,,,,,,,,0.3294890522956848,,,,,,,,,,
34,,,18519,,,,,,,,,,0.37603843212127686,,,,,,,,,,
34,,,18539,,,,,,,,,,0.6474968194961548,,,,,,,,,,
34,,,18559,,,,,,,,,,0.29128777980804443,,,,,,,,,,
34,,,18579,,,,,,,,,,0.052865833044052124,,,,,,,,,,
34,,,18599,,,,,,,,,,0.11769075691699982,,,,,,,,,,
34,,,18619,,,,,,,,,,0.24298951029777527,,,,,,,,,,
34,,,18639,,,,,,,,,,0.3504667580127716,,,,,,,,,,
34,,,18659,,,,,,,,,,0.6223462820053101,,,,,,,,,,
34,,,18679,,,,,,,,,,0.5968700051307678,,,,,,,,,,
34,,,18699,,,,,,,,,,0.0699244886636734,,,,,,,,,,
34,,,18719,,,,,,,,,,0.0818609669804573,,,,,,,,,,
34,,,18739,,,,,,,,,,0.4050236940383911,,,,,,,,,,
34,,,18759,,,,,,,,,,0.31242799758911133,,,,,,,,,,
34,,,18779,,,,,,,,,,0.31034553050994873,,,,,,,,,,
34,,,18799,,,,,,,,,,0.06602191925048828,,,,,,,,,,
34,,,18819,,,,,,,,,,0.6159253716468811,,,,,,,,,,
34,,,18829,,,,,,,,,,,0.5386165380477905,0.7000390887260437,0.5352604389190674,3.7496771812438965,0.5777899026870728,0.30960792303085327,0.40196821093559265,0.5343117713928223,0.7970897555351257,0.5386165380477905
34,,,18829,,,,,,,,0.8506689071655273,0.2625371515750885,,,,,,,,,,,
,0.0002464181414529809,0.0002464181414529809,18830,,,,,,,,,,,,,,,,,,,,
35,,,18839,,,,,,,,,,0.06623948365449905,,,,,,,,,,
35,,,18859,,,,,,,,,,0.19308307766914368,,,,,,,,,,
35,,,18879,,,,,,,,,,0.053128913044929504,,,,,,,,,,
35,,,18899,,,,,,,,,,0.4435131251811981,,,,,,,,,,
35,,,18919,,,,,,,,,,0.40410682559013367,,,,,,,,,,
35,,,18939,,,,,,,,,,0.1284312754869461,,,,,,,,,,
35,,,18959,,,,,,,,,,0.7650587558746338,,,,,,,,,,
35,,,18979,,,,,,,,,,0.7000842690467834,,,,,,,,,,
35,,,18999,,,,,,,,,,0.06440127640962601,,,,,,,,,,
35,,,19019,,,,,,,,,,0.455131471157074,,,,,,,,,,
35,,,19039,,,,,,,,,,0.040550027042627335,,,,,,,,,,
35,,,19059,,,,,,,,,,0.1330845206975937,,,,,,,,,,
35,,,19079,,,,,,,,,,0.09873698651790619,,,,,,,,,,
35,,,19099,,,,,,,,,,0.07747549563646317,,,,,,,,,,
35,,,19119,,,,,,,,,,0.08503524959087372,,,,,,,,,,
35,,,19139,,,,,,,,,,0.07929327338933945,,,,,,,,,,
35,,,19159,,,,,,,,,,0.10142914205789566,,,,,,,,,,
35,,,19179,,,,,,,,,,0.5059723854064941,,,,,,,,,,
35,,,19199,,,,,,,,,,0.13521833717823029,,,,,,,,,,
35,,,19219,,,,,,,,,,0.073304682970047,,,,,,,,,,
35,,,19239,,,,,,,,,,0.417934387922287,,,,,,,,,,
35,,,19259,,,,,,,,,,0.060282859951257706,,,,,,,,,,
35,,,19279,,,,,,,,,,0.5966460108757019,,,,,,,,,,
35,,,19299,,,,,,,,,,0.18542565405368805,,,,,,,,,,
35,,,19319,,,,,,,,,,0.35407325625419617,,,,,,,,,,
35,,,19339,,,,,,,,,,0.03897222504019737,,,,,,,,,,
35,,,19359,,,,,,,,,,0.06878841668367386,,,,,,,,,,
35,,,19367,,,,,,,,,,,0.5816336870193481,0.7416993379592896,0.5328492522239685,1.5576139688491821,0.5585688352584839,0.39166316390037537,0.4827144742012024,0.5049951672554016,0.6879968047142029,0.5816336870193481
35,,,19367,,,,,,,,0.8540165424346924,0.2586420476436615,,,,,,,,,,,
,0.0002423492212988487,0.0002423492212988487,19368,,,,,,,,,,,,,,,,,,,,
36,,,19379,,,,,,,,,,0.07844114303588867,,,,,,,,,,
36,,,19399,,,,,,,,,,0.06249832734465599,,,,,,,,,,
36,,,19419,,,,,,,,,,0.06061762198805809,,,,,,,,,,
36,,,19439,,,,,,,,,,0.3251332640647888,,,,,,,,,,
36,,,19459,,,,,,,,,,0.4966595470905304,,,,,,,,,,
36,,,19479,,,,,,,,,,0.5894827246665955,,,,,,,,,,
36,,,19499,,,,,,,,,,0.12498557567596436,,,,,,,,,,
36,,,19519,,,,,,,,,,0.22966262698173523,,,,,,,,,,
36,,,19539,,,,,,,,,,0.15156082808971405,,,,,,,,,,
36,,,19559,,,,,,,,,,0.028274452313780785,,,,,,,,,,
36,,,19579,,,,,,,,,,0.10752876102924347,,,,,,,,,,
36,,,19599,,,,,,,,,,0.09200333058834076,,,,,,,,,,
36,,,19619,,,,,,,,,,0.653361976146698,,,,,,,,,,
36,,,19639,,,,,,,,,,0.016523931175470352,,,,,,,,,,
36,,,19659,,,,,,,,,,0.3508583605289459,,,,,,,,,,
36,,,19679,,,,,,,,,,0.06651417165994644,,,,,,,,,,
36,,,19699,,,,,,,,,,0.04286200925707817,,,,,,,,,,
36,,,19719,,,,,,,,,,0.383722722530365,,,,,,,,,,
36,,,19739,,,,,,,,,,0.16418085992336273,,,,,,,,,,
36,,,19759,,,,,,,,,,0.4948280155658722,,,,,,,,,,
36,,,19779,,,,,,,,,,0.13599152863025665,,,,,,,,,,
36,,,19799,,,,,,,,,,0.19140180945396423,,,,,,,,,,
36,,,19819,,,,,,,,,,0.0764499083161354,,,,,,,,,,
36,,,19839,,,,,,,,,,0.056356318295001984,,,,,,,,,,
36,,,19859,,,,,,,,,,0.6502442359924316,,,,,,,,,,
36,,,19879,,,,,,,,,,0.1433437317609787,,,,,,,,,,
36,,,19899,,,,,,,,,,0.0705137774348259,,,,,,,,,,
36,,,19905,,,,,,,,,,,0.5179738402366638,0.6880270838737488,0.5216366648674011,2.878105878829956,0.5528078079223633,0.2920585572719574,0.4058472216129303,0.5437601208686829,0.7088161110877991,0.5179738402366638
36,,,19905,,,,,,,,0.8618582487106323,0.2516467571258545,,,,,,,,,,,
,0.00023816778784387094,0.00023816778784387094,19906,,,,,,,,,,,,,,,,,,,,
37,,,19919,,,,,,,,,,0.27877503633499146,,,,,,,,,,
37,,,19939,,,,,,,,,,0.19210100173950195,,,,,,,,,,
37,,,19959,,,,,,,,,,0.4568784832954407,,,,,,,,,,
37,,,19979,,,,,,,,,,0.0065702530555427074,,,,,,,,,,
37,,,19999,,,,,,,,,,0.17624463140964508,,,,,,,,,,
37,,,20019,,,,,,,,,,0.3271532654762268,,,,,,,,,,
37,,,20039,,,,,,,,,,0.0448162741959095,,,,,,,,,,
37,,,20059,,,,,,,,,,0.027301110327243805,,,,,,,,,,
37,,,20079,,,,,,,,,,0.4575801491737366,,,,,,,,,,
37,,,20099,,,,,,,,,,0.11055506765842438,,,,,,,,,,
37,,,20119,,,,,,,,,,0.060883425176143646,,,,,,,,,,
37,,,20139,,,,,,,,,,0.052766650915145874,,,,,,,,,,
37,,,20159,,,,,,,,,,0.07928737252950668,,,,,,,,,,
37,,,20179,,,,,,,,,,0.41176655888557434,,,,,,,,,,
37,,,20199,,,,,,,,,,0.6856828927993774,,,,,,,,,,
37,,,20219,,,,,,,,,,0.3399883508682251,,,,,,,,,,
37,,,20239,,,,,,,,,,0.02538413554430008,,,,,,,,,,
37,,,20259,,,,,,,,,,0.06610822677612305,,,,,,,,,,
37,,,20279,,,,,,,,,,0.7252442240715027,,,,,,,,,,
37,,,20299,,,,,,,,,,0.2931787669658661,,,,,,,,,,
37,,,20319,,,,,,,,,,0.580737292766571,,,,,,,,,,
37,,,20339,,,,,,,,,,0.21036188304424286,,,,,,,,,,
37,,,20359,,,,,,,,,,0.15701191127300262,,,,,,,,,,
37,,,20379,,,,,,,,,,0.02708137407898903,,,,,,,,,,
37,,,20399,,,,,,,,,,0.5132988691329956,,,,,,,,,,
37,,,20419,,,,,,,,,,0.10113558918237686,,,,,,,,,,
37,,,20439,,,,,,,,,,0.18822017312049866,,,,,,,,,,
37,,,20443,,,,,,,,,,,0.5780211091041565,0.7439250946044922,0.5694147944450378,1.8830233812332153,0.5798836946487427,0.36631280183792114,0.4519280195236206,0.5392670035362244,0.7484559416770935,0.5780211091041565
37,,,20443,,,,,,,,0.8654555678367615,0.24259138107299805,,,,,,,,,,,
,0.00023387893552061199,0.00023387893552061199,20444,,,,,,,,,,,,,,,,,,,,
38,,,20459,,,,,,,,,,0.07654380798339844,,,,,,,,,,
38,,,20479,,,,,,,,,,0.13134713470935822,,,,,,,,,,
38,,,20499,,,,,,,,,,0.272273451089859,,,,,,,,,,
38,,,20519,,,,,,,,,,0.10567741096019745,,,,,,,,,,
38,,,20539,,,,,,,,,,0.08692903816699982,,,,,,,,,,
38,,,20559,,,,,,,,,,0.0249234177172184,,,,,,,,,,
38,,,20579,,,,,,,,,,0.34366315603256226,,,,,,,,,,
38,,,20599,,,,,,,,,,0.5523139238357544,,,,,,,,,,
38,,,20619,,,,,,,,,,0.2820900082588196,,,,,,,,,,
38,,,20639,,,,,,,,,,0.6381034851074219,,,,,,,,,,
38,,,20659,,,,,,,,,,0.05485779419541359,,,,,,,,,,
38,,,20679,,,,,,,,,,0.07011402398347855,,,,,,,,,,
38,,,20699,,,,,,,,,,0.031752608716487885,,,,,,,,,,
38,,,20719,,,,,,,,,,0.4324232339859009,,,,,,,,,,
38,,,20739,,,,,,,,,,0.28188908100128174,,,,,,,,,,
38,,,20759,,,,,,,,,,0.37865355610847473,,,,,,,,,,
38,,,20779,,,,,,,,,,0.040211744606494904,,,,,,,,,,
38,,,20799,,,,,,,,,,0.06934632360935211,,,,,,,,,,
38,,,20819,,,,,,,,,,0.061091311275959015,,,,,,,,,,
38,,,20839,,,,,,,,,,0.30979982018470764,,,,,,,,,,
38,,,20859,,,,,,,,,,0.03413807600736618,,,,,,,,,,
38,,,20879,,,,,,,,,,0.2978011965751648,,,,,,,,,,
38,,,20899,,,,,,,,,,0.07872498780488968,,,,,,,,,,
38,,,20919,,,,,,,,,,0.847631573677063,,,,,,,,,,
38,,,20939,,,,,,,,,,0.5142428874969482,,,,,,,,,,
38,,,20959,,,,,,,,,,0.10514520108699799,,,,,,,,,,
38,,,20979,,,,,,,,,,0.08748934417963028,,,,,,,,,,
38,,,20981,,,,,,,,,,,0.5140978097915649,0.6870185732841492,0.5167424082756042,2.8217127323150635,0.5621443390846252,0.2772400975227356,0.396442174911499,0.5415831804275513,0.7484076619148254,0.5140978097915649
38,,,20981,,,,,,,,0.8681689500808716,0.23902387917041779,,,,,,,,,,,
,0.0002294878896349807,0.0002294878896349807,20982,,,,,,,,,,,,,,,,,,,,
39,,,20999,,,,,,,,,,0.3766484260559082,,,,,,,,,,
39,,,21019,,,,,,,,,,0.05424267053604126,,,,,,,,,,
39,,,21039,,,,,,,,,,0.04768335446715355,,,,,,,,,,
39,,,21059,,,,,,,,,,0.07230318337678909,,,,,,,,,,
39,,,21079,,,,,,,,,,0.3484444320201874,,,,,,,,,,
39,,,21099,,,,,,,,,,0.38667795062065125,,,,,,,,,,
39,,,21119,,,,,,,,,,0.07989444583654404,,,,,,,,,,
39,,,21139,,,,,,,,,,0.5125437378883362,,,,,,,,,,
39,,,21159,,,,,,,,,,0.09220327436923981,,,,,,,,,,
39,,,21179,,,,,,,,,,0.5047022700309753,,,,,,,,,,
39,,,21199,,,,,,,,,,0.48143288493156433,,,,,,,,,,
39,,,21219,,,,,,,,,,0.1721174567937851,,,,,,,,,,
39,,,21239,,,,,,,,,,0.2640992999076843,,,,,,,,,,
39,,,21259,,,,,,,,,,0.234138622879982,,,,,,,,,,
39,,,21279,,,,,,,,,,0.4011653959751129,,,,,,,,,,
39,,,21299,,,,,,,,,,0.2662372589111328,,,,,,,,,,
39,,,21319,,,,,,,,,,0.3505104184150696,,,,,,,,,,
39,,,21339,,,,,,,,,,0.0241262037307024,,,,,,,,,,
39,,,21359,,,,,,,,,,0.01756160333752632,,,,,,,,,,
39,,,21379,,,,,,,,,,0.22577634453773499,,,,,,,,,,
39,,,21399,,,,,,,,,,0.2829262316226959,,,,,,,,,,
39,,,21419,,,,,,,,,,0.37358441948890686,,,,,,,,,,
39,,,21439,,,,,,,,,,0.03924696519970894,,,,,,,,,,
39,,,21459,,,,,,,,,,0.47620418667793274,,,,,,,,,,
39,,,21479,,,,,,,,,,0.33850130438804626,,,,,,,,,,
39,,,21499,,,,,,,,,,0.020211294293403625,,,,,,,,,,
39,,,21519,,,,,,,,,,0.07300971448421478,,,,,,,,,,
39,,,21519,,,,,,,,,,,0.5284678936004639,0.7031924724578857,0.5055187344551086,2.4338037967681885,0.5476466417312622,0.30323877930641174,0.3855421543121338,0.4620087444782257,0.7953890562057495,0.5284678936004639
39,,,21519,,,,,,,,0.870235800743103,0.2316657453775406,,,,,,,,,,,
,0.000225,0.000225,21520,,,,,,,,,,,,,,,,,,,,
40,,,21539,,,,,,,,,,0.10331753641366959,,,,,,,,,,
40,,,21559,,,,,,,,,,0.029509903863072395,,,,,,,,,,
40,,,21579,,,,,,,,,,0.024490538984537125,,,,,,,,,,
40,,,21599,,,,,,,,,,0.10397446155548096,,,,,,,,,,
40,,,21619,,,,,,,,,,0.7199210524559021,,,,,,,,,,
40,,,21639,,,,,,,,,,0.005727044306695461,,,,,,,,,,
40,,,21659,,,,,,,,,,0.05514111742377281,,,,,,,,,,
40,,,21679,,,,,,,,,,0.27486127614974976,,,,,,,,,,
40,,,21699,,,,,,,,,,0.07768090814352036,,,,,,,,,,
40,,,21719,,,,,,,,,,0.3668796122074127,,,,,,,,,,
40,,,21739,,,,,,,,,,0.08202013373374939,,,,,,,,,,
40,,,21759,,,,,,,,,,0.28026172518730164,,,,,,,,,,
40,,,21779,,,,,,,,,,0.018067482858896255,,,,,,,,,,
40,,,21799,,,,,,,,,,0.050838492810726166,,,,,,,,,,
40,,,21819,,,,,,,,,,0.03919950872659683,,,,,,,,,,
40,,,21839,,,,,,,,,,0.10438452661037445,,,,,,,,,,
40,,,21859,,,,,,,,,,0.4121491312980652,,,,,,,,,,
40,,,21879,,,,,,,,,,0.07640921324491501,,,,,,,,,,
40,,,21899,,,,,,,,,,0.03801099583506584,,,,,,,,,,
40,,,21919,,,,,,,,,,0.30101436376571655,,,,,,,,,,
40,,,21939,,,,,,,,,,0.04315226525068283,,,,,,,,,,
40,,,21959,,,,,,,,,,0.05174476280808449,,,,,,,,,,
40,,,21979,,,,,,,,,,0.28907644748687744,,,,,,,,,,
40,,,21999,,,,,,,,,,0.07718893140554428,,,,,,,,,,
40,,,22019,,,,,,,,,,0.034247491508722305,,,,,,,,,,
40,,,22039,,,,,,,,,,0.34189245104789734,,,,,,,,,,
40,,,22057,,,,,,,,,,,0.5680266618728638,0.7468956708908081,0.569277822971344,2.018261432647705,0.5914795994758606,0.3531818389892578,0.4455013871192932,0.5455718040466309,0.7833655476570129,0.5680266618728638
40,,,22057,,,,,,,,0.8754749298095703,0.22561009228229523,,,,,,,,,,,
,0.00022042073441788358,0.00022042073441788358,22058,,,,,,,,,,,,,,,,,,,,
41,,,22059,,,,,,,,,,0.06770415604114532,,,,,,,,,,
41,,,22079,,,,,,,,,,0.032597415149211884,,,,,,,,,,
41,,,22099,,,,,,,,,,0.5547555088996887,,,,,,,,,,
41,,,22119,,,,,,,,,,0.046706296503543854,,,,,,,,,,
41,,,22139,,,,,,,,,,0.4265769422054291,,,,,,,,,,
41,,,22159,,,,,,,,,,0.06867580860853195,,,,,,,,,,
41,,,22179,,,,,,,,,,0.010952848941087723,,,,,,,,,,
41,,,22199,,,,,,,,,,0.35820379853248596,,,,,,,,,,
41,,,22219,,,,,,,,,,0.6743309497833252,,,,,,,,,,
41,,,22239,,,,,,,,,,0.15932635962963104,,,,,,,,,,
41,,,22259,,,,,,,,,,0.04212186485528946,,,,,,,,,,
41,,,22279,,,,,,,,,,0.357706755399704,,,,,,,,,,
41,,,22299,,,,,,,,,,0.34604567289352417,,,,,,,,,,
41,,,22319,,,,,,,,,,0.16528047621250153,,,,,,,,,,
41,,,22339,,,,,,,,,,0.1817595362663269,,,,,,,,,,
41,,,22359,,,,,,,,,,0.6018304228782654,,,,,,,,,,
41,,,22379,,,,,,,,,,0.01517840288579464,,,,,,,,,,
41,,,22399,,,,,,,,,,0.11719182133674622,,,,,,,,,,
41,,,22419,,,,,,,,,,0.014614878222346306,,,,,,,,,,
41,,,22439,,,,,,,,,,0.011535227298736572,,,,,,,,,,
41,,,22459,,,,,,,,,,0.4445747137069702,,,,,,,,,,
41,,,22479,,,,,,,,,,0.14527997374534607,,,,,,,,,,
41,,,22499,,,,,,,,,,0.10216084867715836,,,,,,,,,,
41,,,22519,,,,,,,,,,0.037925854325294495,,,,,,,,,,
41,,,22539,,,,,,,,,,0.47358301281929016,,,,,,,,,,
41,,,22559,,,,,,,,,,0.35531842708587646,,,,,,,,,,
41,,,22579,,,,,,,,,,0.07219800353050232,,,,,,,,,,
41,,,22595,,,,,,,,,,,0.5412373542785645,0.7275077700614929,0.5473353266716003,2.375370740890503,0.5774710774421692,0.32526063919067383,0.4270767271518707,0.5613540410995483,0.7439824938774109,0.5412373542785645
41,,,22595,,,,,,,,0.875927209854126,0.22564271092414856,,,,,,,,,,,
,0.0002157556720183616,0.0002157556720183616,22596,,,,,,,,,,,,,,,,,,,,
42,,,22599,,,,,,,,,,0.03914795070886612,,,,,,,,,,
42,,,22619,,,,,,,,,,0.22590211033821106,,,,,,,,,,
42,,,22639,,,,,,,,,,0.47920823097229004,,,,,,,,,,
42,,,22659,,,,,,,,,,0.008862492628395557,,,,,,,,,,
42,,,22679,,,,,,,,,,0.04605364426970482,,,,,,,,,,
42,,,22699,,,,,,,,,,0.013323281891644001,,,,,,,,,,
42,,,22719,,,,,,,,,,0.3128422796726227,,,,,,,,,,
42,,,22739,,,,,,,,,,0.052091680467128754,,,,,,,,,,
42,,,22759,,,,,,,,,,0.0587444007396698,,,,,,,,,,
42,,,22779,,,,,,,,,,0.3451445400714874,,,,,,,,,,
42,,,22799,,,,,,,,,,0.3775103986263275,,,,,,,,,,
42,,,22819,,,,,,,,,,0.4437532424926758,,,,,,,,,,
42,,,22839,,,,,,,,,,0.07535433024168015,,,,,,,,,,
42,,,22859,,,,,,,,,,0.009389892220497131,,,,,,,,,,
42,,,22879,,,,,,,,,,0.12790842354297638,,,,,,,,,,
42,,,22899,,,,,,,,,,0.25915634632110596,,,,,,,,,,
42,,,22919,,,,,,,,,,0.4356176257133484,,,,,,,,,,
42,,,22939,,,,,,,,,,0.35069748759269714,,,,,,,,,,
42,,,22959,,,,,,,,,,0.4382466673851013,,,,,,,,,,
42,,,22979,,,,,,,,,,0.20836663246154785,,,,,,,,,,
42,,,22999,,,,,,,,,,0.06144540011882782,,,,,,,,,,
42,,,23019,,,,,,,,,,0.017386948689818382,,,,,,,,,,
42,,,23039,,,,,,,,,,0.03637445718050003,,,,,,,,,,
42,,,23059,,,,,,,,,,0.11598750203847885,,,,,,,,,,
42,,,23079,,,,,,,,,,0.046050410717725754,,,,,,,,,,
42,,,23099,,,,,,,,,,0.43361330032348633,,,,,,,,,,
42,,,23119,,,,,,,,,,0.47239184379577637,,,,,,,,,,
42,,,23133,,,,,,,,,,,0.5435445308685303,0.7207670211791992,0.5473640561103821,2.626763105392456,0.5845886468887329,0.3206433355808258,0.42971596121788025,0.5074561238288879,0.8165938854217529,0.5435445308685303
42,,,23133,,,,,,,,0.875672459602356,0.22231605648994446,,,,,,,,,,,
,0.00021101049646137003,0.00021101049646137003,23134,,,,,,,,,,,,,,,,,,,,
43,,,23139,,,,,,,,,,0.3562902808189392,,,,,,,,,,
43,,,23159,,,,,,,,,,0.35980260372161865,,,,,,,,,,
43,,,23179,,,,,,,,,,0.32215404510498047,,,,,,,,,,
43,,,23199,,,,,,,,,,0.17290085554122925,,,,,,,,,,
43,,,23219,,,,,,,,,,0.04202176257967949,,,,,,,,,,
43,,,23239,,,,,,,,,,0.18876734375953674,,,,,,,,,,
43,,,23259,,,,,,,,,,0.05000656098127365,,,,,,,,,,
43,,,23279,,,,,,,,,,0.27358171343803406,,,,,,,,,,
43,,,23299,,,,,,,,,,0.506840705871582,,,,,,,,,,
43,,,23319,,,,,,,,,,0.36986976861953735,,,,,,,,,,
43,,,23339,,,,,,,,,,0.10196220874786377,,,,,,,,,,
43,,,23359,,,,,,,,,,0.482683390378952,,,,,,,,,,
43,,,23379,,,,,,,,,,0.25885009765625,,,,,,,,,,
43,,,23399,,,,,,,,,,0.23021924495697021,,,,,,,,,,
43,,,23419,,,,,,,,,,0.021856019273400307,,,,,,,,,,
43,,,23439,,,,,,,,,,0.17599070072174072,,,,,,,,,,
43,,,23459,,,,,,,,,,0.31688886880874634,,,,,,,,,,
43,,,23479,,,,,,,,,,0.22446109354496002,,,,,,,,,,
43,,,23499,,,,,,,,,,0.05412771552801132,,,,,,,,,,
43,,,23519,,,,,,,,,,0.19262516498565674,,,,,,,,,,
43,,,23539,,,,,,,,,,0.24694672226905823,,,,,,,,,,
43,,,23559,,,,,,,,,,0.1286129504442215,,,,,,,,,,
43,,,23579,,,,,,,,,,0.5558284521102905,,,,,,,,,,
43,,,23599,,,,,,,,,,0.5099634528160095,,,,,,,,,,
43,,,23619,,,,,,,,,,0.04949816316366196,,,,,,,,,,
43,,,23639,,,,,,,,,,0.3026239573955536,,,,,,,,,,
43,,,23659,,,,,,,,,,0.04806707426905632,,,,,,,,,,
43,,,23671,,,,,,,,,,,0.549849271774292,0.7373067140579224,0.5544204115867615,1.9887399673461914,0.5617127418518066,0.32734090089797974,0.4203416705131531,0.5578420758247375,0.7069544196128845,0.549849271774292
43,,,23671,,,,,,,,0.8793691396713257,0.21834911406040192,,,,,,,,,,,
,0.0002061909890123868,0.0002061909890123868,23672,,,,,,,,,,,,,,,,,,,,
44,,,23679,,,,,,,,,,0.04282354563474655,,,,,,,,,,
44,,,23699,,,,,,,,,,0.028582122176885605,,,,,,,,,,
44,,,23719,,,,,,,,,,0.24548527598381042,,,,,,,,,,
44,,,23739,,,,,,,,,,0.011269375681877136,,,,,,,,,,
44,,,23759,,,,,,,,,,0.07687288522720337,,,,,,,,,,
44,,,23779,,,,,,,,,,0.022353895008563995,,,,,,,,,,
44,,,23799,,,,,,,,,,0.04301512613892555,,,,,,,,,,
44,,,23819,,,,,,,,,,0.2038138508796692,,,,,,,,,,
44,,,23839,,,,,,,,,,0.27439630031585693,,,,,,,,,,
44,,,23859,,,,,,,,,,0.05523757264018059,,,,,,,,,,
44,,,23879,,,,,,,,,,0.19075950980186462,,,,,,,,,,
44,,,23899,,,,,,,,,,0.05951610207557678,,,,,,,,,,
44,,,23919,,,,,,,,,,0.29207703471183777,,,,,,,,,,
44,,,23939,,,,,,,,,,0.3437361717224121,,,,,,,,,,
44,,,23959,,,,,,,,,,0.3898887634277344,,,,,,,,,,
44,,,23979,,,,,,,,,,0.014936835505068302,,,,,,,,,,
44,,,23999,,,,,,,,,,0.2690858542919159,,,,,,,,,,
44,,,24019,,,,,,,,,,0.017401766031980515,,,,,,,,,,
44,,,24039,,,,,,,,,,0.018735911697149277,,,,,,,,,,
44,,,24059,,,,,,,,,,0.016009151935577393,,,,,,,,,,
44,,,24079,,,,,,,,,,0.20647770166397095,,,,,,,,,,
44,,,24099,,,,,,,,,,0.294624388217926,,,,,,,,,,
44,,,24119,,,,,,,,,,0.21048057079315186,,,,,,,,,,
44,,,24139,,,,,,,,,,0.039204247295856476,,,,,,,,,,
44,,,24159,,,,,,,,,,0.18588577210903168,,,,,,,,,,
44,,,24179,,,,,,,,,,0.30693507194519043,,,,,,,,,,
44,,,24199,,,,,,,,,,0.34881776571273804,,,,,,,,,,
44,,,24209,,,,,,,,,,,0.52419513463974,0.7312111854553223,0.5253291726112366,2.5523228645324707,0.6036521792411804,0.31896692514419556,0.41664525866508484,0.5819004774093628,0.812410831451416,0.52419513463974
44,,,24209,,,,,,,,0.8783035278320312,0.22116418182849884,,,,,,,,,,,
,0.00020130302149885031,0.00020130302149885031,24210,,,,,,,,,,,,,,,,,,,,
45,,,24219,,,,,,,,,,0.014774579554796219,,,,,,,,,,
45,,,24239,,,,,,,,,,0.4356447756290436,,,,,,,,,,
45,,,24259,,,,,,,,,,0.5488589406013489,,,,,,,,,,
45,,,24279,,,,,,,,,,0.23630526661872864,,,,,,,,,,
45,,,24299,,,,,,,,,,0.032235037535429,,,,,,,,,,
45,,,24319,,,,,,,,,,0.023177646100521088,,,,,,,,,,
45,,,24339,,,,,,,,,,0.1853300929069519,,,,,,,,,,
45,,,24359,,,,,,,,,,0.21594646573066711,,,,,,,,,,
45,,,24379,,,,,,,,,,0.28188958764076233,,,,,,,,,,
45,,,24399,,,,,,,,,,0.07814189046621323,,,,,,,,,,
45,,,24419,,,,,,,,,,0.0457293838262558,,,,,,,,,,
45,,,24439,,,,,,,,,,0.37846723198890686,,,,,,,,,,
45,,,24459,,,,,,,,,,0.016038356348872185,,,,,,,,,,
45,,,24479,,,,,,,,,,0.46085023880004883,,,,,,,,,,
45,,,24499,,,,,,,,,,0.10034137219190598,,,,,,,,,,
45,,,24519,,,,,,,,,,0.20496182143688202,,,,,,,,,,
45,,,24539,,,,,,,,,,0.3809060752391815,,,,,,,,,,
45,,,24559,,,,,,,,,,0.2660120129585266,,,,,,,,,,
45,,,24579,,,,,,,,,,0.3564407527446747,,,,,,,,,,
45,,,24599,,,,,,,,,,0.4859749972820282,,,,,,,,,,
45,,,24619,,,,,,,,,,0.18614418804645538,,,,,,,,,,
45,,,24639,,,,,,,,,,0.04698459804058075,,,,,,,,,,
45,,,24659,,,,,,,,,,0.0240114014595747,,,,,,,,,,
45,,,24679,,,,,,,,,,0.22960983216762543,,,,,,,,,,
45,,,24699,,,,,,,,,,0.03272314369678497,,,,,,,,,,
45,,,24719,,,,,,,,,,0.027318302541971207,,,,,,,,,,
45,,,24739,,,,,,,,,,0.4071000814437866,,,,,,,,,,
45,,,24747,,,,,,,,,,,0.5232309103012085,0.7186537981033325,0.524655282497406,3.3562018871307373,0.6038313508033752,0.3161783218383789,0.41780292987823486,0.5701168775558472,0.8235741257667542,0.5232309103012085
45,,,24747,,,,,,,,0.8855629563331604,0.20911212265491486,,,,,,,,,,,
,0.0001963525491562421,0.0001963525491562421,24748,,,,,,,,,,,,,,,,,,,,
46,,,24759,,,,,,,,,,0.007870865985751152,,,,,,,,,,
46,,,24779,,,,,,,,,,0.035640113055706024,,,,,,,,,,
46,,,24799,,,,,,,,,,0.07635007798671722,,,,,,,,,,
46,,,24819,,,,,,,,,,0.3220502436161041,,,,,,,,,,
46,,,24839,,,,,,,,,,0.24050916731357574,,,,,,,,,,
46,,,24859,,,,,,,,,,0.144137904047966,,,,,,,,,,
46,,,24879,,,,,,,,,,0.21855366230010986,,,,,,,,,,
46,,,24899,,,,,,,,,,0.5418394207954407,,,,,,,,,,
46,,,24919,,,,,,,,,,0.0048601520247757435,,,,,,,,,,
46,,,24939,,,,,,,,,,0.28635692596435547,,,,,,,,,,
46,,,24959,,,,,,,,,,0.013218406587839127,,,,,,,,,,
46,,,24979,,,,,,,,,,0.08072182536125183,,,,,,,,,,
46,,,24999,,,,,,,,,,0.008067767135798931,,,,,,,,,,
46,,,25019,,,,,,,,,,0.3056449890136719,,,,,,,,,,
46,,,25039,,,,,,,,,,0.16089053452014923,,,,,,,,,,
46,,,25059,,,,,,,,,,0.04771009460091591,,,,,,,,,,
46,,,25079,,,,,,,,,,0.07707614451646805,,,,,,,,,,
46,,,25099,,,,,,,,,,0.0817289873957634,,,,,,,,,,
46,,,25119,,,,,,,,,,0.1745849847793579,,,,,,,,,,
46,,,25139,,,,,,,,,,0.07377810031175613,,,,,,,,,,
46,,,25159,,,,,,,,,,0.006752362009137869,,,,,,,,,,
46,,,25179,,,,,,,,,,0.08897170424461365,,,,,,,,,,
46,,,25199,,,,,,,,,,0.0037189703434705734,,,,,,,,,,
46,,,25219,,,,,,,,,,0.0161152146756649,,,,,,,,,,
46,,,25239,,,,,,,,,,0.4561951160430908,,,,,,,,,,
46,,,25259,,,,,,,,,,0.06796827167272568,,,,,,,,,,
46,,,25279,,,,,,,,,,0.002215526532381773,,,,,,,,,,
46,,,25285,,,,,,,,,,,0.5639420747756958,0.7524832487106323,0.569239616394043,2.4768059253692627,0.6043294668197632,0.36294594407081604,0.44843605160713196,0.5964125394821167,0.768139660358429,0.5639420747756958
46,,,25285,,,,,,,,0.8927639722824097,0.19606566429138184,,,,,,,,,,,
,0.00019134560337254986,0.00019134560337254986,25286,,,,,,,,,,,,,,,,,,,,
47,,,25299,,,,,,,,,,0.32465580105781555,,,,,,,,,,
47,,,25319,,,,,,,,,,0.0900408923625946,,,,,,,,,,
47,,,25339,,,,,,,,,,0.04276784509420395,,,,,,,,,,
47,,,25359,,,,,,,,,,0.03902933746576309,,,,,,,,,,
47,,,25379,,,,,,,,,,0.35398104786872864,,,,,,,,,,
47,,,25399,,,,,,,,,,0.016382092610001564,,,,,,,,,,
47,,,25419,,,,,,,,,,0.00742754340171814,,,,,,,,,,
47,,,25439,,,,,,,,,,0.12600328028202057,,,,,,,,,,
47,,,25459,,,,,,,,,,0.06816016137599945,,,,,,,,,,
47,,,25479,,,,,,,,,,0.2498413622379303,,,,,,,,,,
47,,,25499,,,,,,,,,,0.017227409407496452,,,,,,,,,,
47,,,25519,,,,,,,,,,0.04406723752617836,,,,,,,,,,
47,,,25539,,,,,,,,,,0.016735251992940903,,,,,,,,,,
47,,,25559,,,,,,,,,,0.5194902420043945,,,,,,,,,,
47,,,25579,,,,,,,,,,0.5759666562080383,,,,,,,,,,
47,,,25599,,,,,,,,,,0.2921421527862549,,,,,,,,,,
47,,,25619,,,,,,,,,,0.0378786101937294,,,,,,,,,,
47,,,25639,,,,,,,,,,0.4865650534629822,,,,,,,,,,
47,,,25659,,,,,,,,,,0.06714273989200592,,,,,,,,,,
47,,,25679,,,,,,,,,,0.37591850757598877,,,,,,,,,,
47,,,25699,,,,,,,,,,0.2051190733909607,,,,,,,,,,
47,,,25719,,,,,,,,,,0.45962101221084595,,,,,,,,,,
47,,,25739,,,,,,,,,,0.002085634972900152,,,,,,,,,,
47,,,25759,,,,,,,,,,0.036122433841228485,,,,,,,,,,
47,,,25779,,,,,,,,,,0.004065565764904022,,,,,,,,,,
47,,,25799,,,,,,,,,,0.20072650909423828,,,,,,,,,,
47,,,25819,,,,,,,,,,0.09116791933774948,,,,,,,,,,
47,,,25823,,,,,,,,,,,0.49097657203674316,0.7051342725753784,0.4708302319049835,3.5470058917999268,0.5875756144523621,0.2916175127029419,0.40870344638824463,0.5251076221466064,0.8289156556129456,0.49097657203674316
47,,,25823,,,,,,,,0.8850618600845337,0.20657211542129517,,,,,,,,,,,
,0.00018628828433995013,0.00018628828433995013,25824,,,,,,,,,,,,,,,,,,,,
48,,,25839,,,,,,,,,,0.24016568064689636,,,,,,,,,,
48,,,25859,,,,,,,,,,0.006700925529003143,,,,,,,,,,
48,,,25879,,,,,,,,,,0.5910475850105286,,,,,,,,,,
48,,,25899,,,,,,,,,,0.24152924120426178,,,,,,,,,,
48,,,25919,,,,,,,,,,0.05322851240634918,,,,,,,,,,
48,,,25939,,,,,,,,,,0.04444344341754913,,,,,,,,,,
48,,,25959,,,,,,,,,,0.003831473644822836,,,,,,,,,,
48,,,25979,,,,,,,,,,0.21264983713626862,,,,,,,,,,
48,,,25999,,,,,,,,,,0.31310582160949707,,,,,,,,,,
48,,,26019,,,,,,,,,,0.011177723295986652,,,,,,,,,,
48,,,26039,,,,,,,,,,0.01447315700352192,,,,,,,,,,
48,,,26059,,,,,,,,,,0.04420776665210724,,,,,,,,,,
48,,,26079,,,,,,,,,,0.31247061491012573,,,,,,,,,,
48,,,26099,,,,,,,,,,0.0924055427312851,,,,,,,,,,
48,,,26119,,,,,,,,,,0.030785515904426575,,,,,,,,,,
48,,,26139,,,,,,,,,,0.028154997155070305,,,,,,,,,,
48,,,26159,,,,,,,,,,0.2203490138053894,,,,,,,,,,
48,,,26179,,,,,,,,,,0.0784459114074707,,,,,,,,,,
48,,,26199,,,,,,,,,,0.0652250349521637,,,,,,,,,,
48,,,26219,,,,,,,,,,0.3229355216026306,,,,,,,,,,
48,,,26239,,,,,,,,,,0.2685846984386444,,,,,,,,,,
48,,,26259,,,,,,,,,,0.37806370854377747,,,,,,,,,,
48,,,26279,,,,,,,,,,0.24559739232063293,,,,,,,,,,
48,,,26299,,,,,,,,,,0.2375735342502594,,,,,,,,,,
48,,,26319,,,,,,,,,,0.23529353737831116,,,,,,,,,,
48,,,26339,,,,,,,,,,0.1637975424528122,,,,,,,,,,
48,,,26359,,,,,,,,,,0.4634774625301361,,,,,,,,,,
48,,,26361,,,,,,,,,,,0.5288811922073364,0.7018965482711792,0.5343217253684998,2.3457794189453125,0.5535671710968018,0.30265843868255615,0.43479764461517334,0.4829183518886566,0.7429854273796082,0.5288811922073364
48,,,26361,,,,,,,,0.8860673904418945,0.2073776125907898,,,,,,,,,,,
,0.00018118675362266385,0.00018118675362266385,26362,,,,,,,,,,,,,,,,,,,,
49,,,26379,,,,,,,,,,0.007179799489676952,,,,,,,,,,
49,,,26399,,,,,,,,,,0.010875147767364979,,,,,,,,,,
49,,,26419,,,,,,,,,,0.38983920216560364,,,,,,,,,,
49,,,26439,,,,,,,,,,0.5130254030227661,,,,,,,,,,
49,,,26459,,,,,,,,,,0.44409188628196716,,,,,,,,,,
49,,,26479,,,,,,,,,,0.039739884436130524,,,,,,,,,,
49,,,26499,,,,,,,,,,0.05677090212702751,,,,,,,,,,
49,,,26519,,,,,,,,,,0.6396725177764893,,,,,,,,,,
49,,,26539,,,,,,,,,,0.25218236446380615,,,,,,,,,,
49,,,26559,,,,,,,,,,0.29057055711746216,,,,,,,,,,
49,,,26579,,,,,,,,,,0.016509270295500755,,,,,,,,,,
49,,,26599,,,,,,,,,,0.010751075111329556,,,,,,,,,,
49,,,26619,,,,,,,,,,0.4205356538295746,,,,,,,,,,
49,,,26639,,,,,,,,,,0.01343426015228033,,,,,,,,,,
49,,,26659,,,,,,,,,,0.023308072239160538,,,,,,,,,,
49,,,26679,,,,,,,,,,0.10461539775133133,,,,,,,,,,
49,,,26699,,,,,,,,,,0.31285563111305237,,,,,,,,,,
49,,,26719,,,,,,,,,,0.2125459909439087,,,,,,,,,,
49,,,26739,,,,,,,,,,0.02103399857878685,,,,,,,,,,
49,,,26759,,,,,,,,,,0.3302783966064453,,,,,,,,,,
49,,,26779,,,,,,,,,,0.035297367721796036,,,,,,,,,,
49,,,26799,,,,,,,,,,0.3736415505409241,,,,,,,,,,
49,,,26819,,,,,,,,,,0.026867954060435295,,,,,,,,,,
49,,,26839,,,,,,,,,,0.2648625373840332,,,,,,,,,,
49,,,26859,,,,,,,,,,0.018706487491726875,,,,,,,,,,
49,,,26879,,,,,,,,,,0.013871263712644577,,,,,,,,,,
49,,,26899,,,,,,,,,,0.1353951245546341,,,,,,,,,,
49,,,26899,,,,,,,,,,,0.5623955130577087,0.7482974529266357,0.5647560954093933,2.414447546005249,0.5950797200202942,0.3613821566104889,0.45140665769577026,0.5869038105010986,0.7469287514686584,0.5623955130577087
49,,,26899,,,,,,,,0.8942468166351318,0.18581661581993103,,,,,,,,,,,
,0.00017604722665003956,0.00017604722665003956,26900,,,,,,,,,,,,,,,,,,,,
50,,,26919,,,,,,,,,,0.07196428626775742,,,,,,,,,,
50,,,26939,,,,,,,,,,0.2375175654888153,,,,,,,,,,
50,,,26959,,,,,,,,,,0.012219686061143875,,,,,,,,,,
50,,,26979,,,,,,,,,,0.10099285840988159,,,,,,,,,,
50,,,26999,,,,,,,,,,0.005250622518360615,,,,,,,,,,
50,,,27019,,,,,,,,,,0.2449028193950653,,,,,,,,,,
50,,,27039,,,,,,,,,,0.005880526266992092,,,,,,,,,,
50,,,27059,,,,,,,,,,0.29852598905563354,,,,,,,,,,
50,,,27079,,,,,,,,,,0.06559799611568451,,,,,,,,,,
50,,,27099,,,,,,,,,,0.04461027681827545,,,,,,,,,,
50,,,27119,,,,,,,,,,0.3572198152542114,,,,,,,,,,
50,,,27139,,,,,,,,,,0.004674380645155907,,,,,,,,,,
50,,,27159,,,,,,,,,,0.21713677048683167,,,,,,,,,,
50,,,27179,,,,,,,,,,0.05766090005636215,,,,,,,,,,
50,,,27199,,,,,,,,,,0.1839047074317932,,,,,,,,,,
50,,,27219,,,,,,,,,,0.07246473431587219,,,,,,,,,,
50,,,27239,,,,,,,,,,0.1496913731098175,,,,,,,,,,
50,,,27259,,,,,,,,,,0.1310231238603592,,,,,,,,,,
50,,,27279,,,,,,,,,,0.19504806399345398,,,,,,,,,,
50,,,27299,,,,,,,,,,0.049705859273672104,,,,,,,,,,
50,,,27319,,,,,,,,,,0.20859593152999878,,,,,,,,,,
50,,,27339,,,,,,,,,,0.5168792605400085,,,,,,,,,,
50,,,27359,,,,,,,,,,0.018014652654528618,,,,,,,,,,
50,,,27379,,,,,,,,,,0.0012098653241991997,,,,,,,,,,
50,,,27399,,,,,,,,,,0.008158409968018532,,,,,,,,,,
50,,,27419,,,,,,,,,,0.04227433726191521,,,,,,,,,,
50,,,27437,,,,,,,,,,,0.5112428069114685,0.6947083473205566,0.5175794959068298,2.4632303714752197,0.5675475597381592,0.2769359350204468,0.4353954493999481,0.4096573293209076,0.8575899600982666,0.5112428069114685
50,,,27437,,,,,,,,0.8990826606750488,0.17817264795303345,,,,,,,,,,,
,0.0001708759651440098,0.0001708759651440098,27438,,,,,,,,,,,,,,,,,,,,
51,,,27439,,,,,,,,,,0.05532367527484894,,,,,,,,,,
51,,,27459,,,,,,,,,,0.19238926470279694,,,,,,,,,,
51,,,27479,,,,,,,,,,0.43121299147605896,,,,,,,,,,
51,,,27499,,,,,,,,,,0.4061627984046936,,,,,,,,,,
51,,,27519,,,,,,,,,,0.1725424826145172,,,,,,,,,,
51,,,27539,,,,,,,,,,0.007388529367744923,,,,,,,,,,
51,,,27559,,,,,,,,,,0.30260169506073,,,,,,,,,,
51,,,27579,,,,,,,,,,0.008257411420345306,,,,,,,,,,
51,,,27599,,,,,,,,,,0.012217158451676369,,,,,,,,,,
51,,,27619,,,,,,,,,,0.40853095054626465,,,,,,,,,,
51,,,27639,,,,,,,,,,0.2647489607334137,,,,,,,,,,
51,,,27659,,,,,,,,,,0.0731181800365448,,,,,,,,,,
51,,,27679,,,,,,,,,,0.12705624103546143,,,,,,,,,,
51,,,27699,,,,,,,,,,0.26496365666389465,,,,,,,,,,
51,,,27719,,,,,,,,,,0.0022783365566283464,,,,,,,,,,
51,,,27739,,,,,,,,,,0.3762945532798767,,,,,,,,,,
51,,,27759,,,,,,,,,,0.019526958465576172,,,,,,,,,,
51,,,27779,,,,,,,,,,0.004051214084029198,,,,,,,,,,
51,,,27799,,,,,,,,,,0.04393085837364197,,,,,,,,,,
51,,,27819,,,,,,,,,,0.19617751240730286,,,,,,,,,,
51,,,27839,,,,,,,,,,0.0015561769250780344,,,,,,,,,,
51,,,27859,,,,,,,,,,0.23410217463970184,,,,,,,,,,
51,,,27879,,,,,,,,,,0.03699618950486183,,,,,,,,,,
51,,,27899,,,,,,,,,,0.0327746607363224,,,,,,,,,,
51,,,27919,,,,,,,,,,0.0686948150396347,,,,,,,,,,
51,,,27939,,,,,,,,,,0.1982833296060562,,,,,,,,,,
51,,,27959,,,,,,,,,,0.1539861112833023,,,,,,,,,,
51,,,27975,,,,,,,,,,,0.5538329482078552,0.7418456077575684,0.5540207624435425,2.5113792419433594,0.5965978503227234,0.3541807234287262,0.4428785741329193,0.5946444869041443,0.7522704601287842,0.5538329482078552
51,,,27975,,,,,,,,0.8989145755767822,0.18284013867378235,,,,,,,,,,,
52,,,27976,0.5276128649711609,0.7068701982498169,0.51994788646698,3.1186606884002686,0.6063584089279175,0.30130285024642944,0.5276128649711609,,,,,,,,,,,,,
