epoch,lr-AdamW/pg1,lr-AdamW/pg2,step,test/acc,test/auroc,test/f1,test/loss,test/mcc,test/prec,train/acc_epoch,train/acc_step,train/auroc_epoch,train/auroc_step,train/f1_epoch,train/f1_step,train/loss_epoch,train/loss_step,train/mcc_epoch,train/mcc_step,train/prec_epoch,train/prec_step,val/acc,val/auroc,val/f1,val/loss,val/mcc,val/prec
,2.1918132108491954e-05,2.1918132108491956e-06,0,,,,,,,,,,,,,,,,,,,,,,,,
0,,,19,,,,,,,,0.4624999761581421,,0.702529788017273,,0.4630952477455139,,3.218397617340088,,0.2477162480354309,,0.5687500238418579,,,,,,
0,,,39,,,,,,,,0.30000001192092896,,0.5615239143371582,,0.20098039507865906,,3.078339099884033,,0.12017317116260529,,0.32692307233810425,,,,,,
0,,,59,,,,,,,,0.4583333432674408,,0.6926282048225403,,0.36538460850715637,,3.1909475326538086,,0.2540689706802368,,0.3392857313156128,,,,,,
0,,,79,,,,,,,,0.10000000149011612,,0.43193474411964417,,0.1458333432674408,,2.4387013912200928,,-0.13585582375526428,,0.3333333432674408,,,,,,
0,,,99,,,,,,,,0.4928571581840515,,0.6869588494300842,,0.45384615659713745,,2.0258452892303467,,0.28658923506736755,,0.4333333373069763,,,,,,
0,,,119,,,,,,,,0.6523809432983398,,0.8508658409118652,,0.4804292917251587,,1.9625375270843506,,0.40463101863861084,,0.5833333730697632,,,,,,
0,,,139,,,,,,,,0.625,,0.7868607640266418,,0.5952380895614624,,2.635263204574585,,0.5951274633407593,,0.6388888955116272,,,,,,
0,,,159,,,,,,,,0.3375000059604645,,0.7135687470436096,,0.3333333432674408,,2.210969924926758,,0.21536117792129517,,0.574999988079071,,,,,,
0,,,179,,,,,,,,0.125,,0.37738096714019775,,0.05000000074505806,,2.105093479156494,,-0.19069251418113708,,0.03125,,,,,,
0,,,199,,,,,,,,0.1607142835855484,,0.3624274730682373,,0.1269841343164444,,2.350503444671631,,-0.11786019802093506,,0.17499999701976776,,,,,,
0,,,219,,,,,,,,0.6041666865348816,,0.8227678537368774,,0.5153846144676208,,2.4411001205444336,,0.46950483322143555,,0.5,,,,,,
0,,,239,,,,,,,,0.375,,0.698660671710968,,0.3333333432674408,,2.630335807800293,,0.22484686970710754,,0.3857142925262451,,,,,,
0,,,259,,,,,,,,0.4791666865348816,,0.6331329941749573,,0.4414682388305664,,3.026087522506714,,0.37126412987709045,,0.4375,,,,,,
0,,,279,,,,,,,,0.2321428656578064,,0.43545863032341003,,0.17142857611179352,,1.3179758787155151,,-0.07066652178764343,,0.14374999701976776,,,,,,
0,,,299,,,,,,,,0.34166666865348816,,0.5779938697814941,,0.26249998807907104,,1.8789074420928955,,0.11399760097265244,,0.2380952537059784,,,,,,
0,,,319,,,,,,,,0.6875,,0.9350669980049133,,0.5940934419631958,,1.2958571910858154,,0.6291021704673767,,0.5562499761581421,,,,,,
0,,,339,,,,,,,,0.375,,0.6532852649688721,,0.3380952477455139,,2.575998544692993,,0.22628140449523926,,0.3125,,,,,,
0,,,359,,,,,,,,0.6000000238418579,,0.8294872045516968,,0.5392857193946838,,1.6835378408432007,,0.4981380105018616,,0.49464285373687744,,,,,,
0,,,379,,,,,,,,0.75,,0.8616477251052856,,0.6022727489471436,,1.6688395738601685,,0.6675301790237427,,0.5416666269302368,,,,,,
0,,,399,,,,,,,,0.511904776096344,,0.7680097818374634,,0.430402934551239,,1.75968599319458,,0.41403934359550476,,0.3958333134651184,,,,,,
0,,,419,,,,,,,,0.4166666865348816,,0.7294871807098389,,0.3502747416496277,,1.9539563655853271,,0.24471350014209747,,0.3053571581840515,,,,,,
0,,,439,,,,,,,,0.7777777910232544,,0.7208333611488342,,0.7515151500701904,,2.0588531494140625,,0.6390644311904907,,0.7555556297302246,,,,,,
0,,,459,,,,,,,,0.2708333432674408,,0.5161858797073364,,0.24236874282360077,,1.8782775402069092,,0.04608674347400665,,0.2321428656578064,,,,,,
0,,,479,,,,,,,,0.4583333432674408,,0.6513659954071045,,0.2986111044883728,,2.148770332336426,,0.2036122977733612,,0.24642857909202576,,,,,,
0,,,499,,,,,,,,0.375,,0.5356770753860474,,0.2053571492433548,,2.2212159633636475,,0.139285147190094,,0.2023809552192688,,,,,,
0,,,519,,,,,,,,0.2638888955116272,,0.5904761552810669,,0.21848741173744202,,2.6083996295928955,,0.0705186128616333,,0.20624999701976776,,,,,,
0,,,539,,,,,,,,0.4821428656578064,,0.754365086555481,,0.2752525210380554,,1.478858232498169,,0.19879518449306488,,0.27321428060531616,,,,,,
0,,,559,,,,,,,,0.4375,,0.714099645614624,,0.2611111104488373,,1.2359685897827148,,0.12123215943574905,,0.1964285671710968,,,,,,
0,,,579,,,,,,,,0.5833333730697632,,0.7940704822540283,,0.4871795177459717,,1.9157885313034058,,0.4320632219314575,,0.4345238208770752,,,,,,
0,,,599,,,,,,,,0.2666666805744171,,0.41961684823036194,,0.21111111342906952,,2.329084634780884,,0.0055641490034759045,,0.18333333730697632,,,,,,
0,,,619,,,,,,,,0.6458333134651184,,0.8148809671401978,,0.6736111044883728,,2.1183347702026367,,0.5636132955551147,,0.7458332777023315,,,,,,
0,,,639,,,,,,,,0.28333336114883423,,0.515268087387085,,0.24642857909202576,,1.407328724861145,,0.04528527334332466,,0.21964284777641296,,,,,,
0,,,659,,,,,,,,0.5416666865348816,,0.7726190090179443,,0.5,,2.470280647277832,,0.47494783997535706,,0.46666669845581055,,,,,,
0,,,679,,,,,,,,0.6875,,0.9229166507720947,,0.6404914259910583,,1.486276626586914,,0.7438414692878723,,0.6017857193946838,,,,,,
0,,,699,,,,,,,,0.2678571343421936,,0.577380895614624,,0.25,,2.047926425933838,,0.08467303961515427,,0.2366071492433548,,,,,,
0,,,716,,,,,,,,,,,,,,,,,,,0.4568842053413391,0.7115361094474792,0.37041252851486206,1.7433459758758545,0.32052767276763916,0.3148014545440674
0,,,716,,,,,,,0.3830532431602478,,0.6379083395004272,,0.3375324606895447,,2.0998477935791016,,0.19033581018447876,,0.379399836063385,,,,,,,
,4.383626421698391e-05,4.383626421698391e-06,717,,,,,,,,,,,,,,,,,,,,,,,,
1,,,719,,,,,,,,0.4833333492279053,,0.7562936544418335,,0.3930555582046509,,1.8884249925613403,,0.30205801129341125,,0.34166669845581055,,,,,,
1,,,739,,,,,,,,0.12142857909202576,,0.4415133595466614,,0.12878787517547607,,2.1609625816345215,,-0.10119764506816864,,0.14166666567325592,,,,,,
1,,,759,,,,,,,,0.2797619104385376,,0.5736225843429565,,0.210317462682724,,1.9499081373214722,,0.017452483996748924,,0.19821429252624512,,,,,,
1,,,779,,,,,,,,0.375,,0.5625,,0.32499998807907104,,1.068939208984375,,0.17817416787147522,,0.2916666865348816,,,,,,
1,,,799,,,,,,,,0.5625,,0.8375800848007202,,0.5,,1.596899151802063,,0.5005057454109192,,0.4583333134651184,,,,,,
1,,,819,,,,,,,,0.3452380895614624,,0.590492844581604,,0.317307710647583,,1.7187285423278809,,0.2924026846885681,,0.3083333373069763,,,,,,
1,,,839,,,,,,,,0.7291666865348816,,0.8415063619613647,,0.6684523820877075,,1.0917549133300781,,0.5990458130836487,,0.7541667222976685,,,,,,
1,,,859,,,,,,,,0.4375,,0.6614583134651184,,0.37922078371047974,,2.14371395111084,,0.2721655070781708,,0.3571428656578064,,,,,,
1,,,879,,,,,,,,0.5166666507720947,,0.8431963920593262,,0.4246753454208374,,1.7500503063201904,,0.4033777415752411,,0.4642857313156128,,,,,,
1,,,899,,,,,,,,0.7083333134651184,,0.8275183439254761,,0.601190447807312,,1.5088310241699219,,0.6878998279571533,,0.5583333373069763,,,,,,
1,,,919,,,,,,,,0.3095238208770752,,0.5715239644050598,,0.2916666865348816,,2.92096209526062,,0.1954539567232132,,0.30000001192092896,,,,,,
1,,,939,,,,,,,,0.7142857313156128,,0.9420024156570435,,0.6517857313156128,,0.993137001991272,,0.7446392774581909,,0.6142857074737549,,,,,,
1,,,959,,,,,,,,0.3583333492279053,,0.6367965340614319,,0.3445512652397156,,1.3459311723709106,,0.20136237144470215,,0.34464287757873535,,,,,,
1,,,979,,,,,,,,0.75,,0.856894850730896,,0.5303030610084534,,1.030163288116455,,0.525367796421051,,0.4107142686843872,,,,,,
1,,,999,,,,,,,,0.6428571343421936,,0.8919413685798645,,0.5208333730697632,,0.6744071841239929,,0.5259289741516113,,0.4750000238418579,,,,,,
1,,,1019,,,,,,,,0.2083333432674408,,0.5279761552810669,,0.1666666716337204,,1.111877202987671,,-0.04652421176433563,,0.1458333432674408,,,,,,
1,,,1039,,,,,,,,0.4791666865348816,,0.7703526020050049,,0.4297618865966797,,1.8102566003799438,,0.4073065221309662,,0.3958333134651184,,,,,,
1,,,1059,,,,,,,,0.24583333730697632,,0.477032333612442,,0.20896464586257935,,1.1539424657821655,,0.0,,0.1875,,,,,,
1,,,1079,,,,,,,,0.44999998807907104,,0.7090909481048584,,0.2589285671710968,,1.6250269412994385,,0.14054566621780396,,0.2321428656578064,,,,,,
1,,,1099,,,,,,,,0.7083333134651184,,0.824999988079071,,0.5952380895614624,,0.5464822053909302,,0.6061280965805054,,0.53125,,,,,,
1,,,1119,,,,,,,,0.0833333358168602,,0.3519841134548187,,0.07692307978868484,,1.1912034749984741,,-0.14457830786705017,,0.0714285746216774,,,,,,
1,,,1139,,,,,,,,0.5416666865348816,,0.8090659379959106,,0.3402777910232544,,0.8269152641296387,,0.28127196431159973,,0.2797619104385376,,,,,,
1,,,1159,,,,,,,,0.375,,0.4739583432674408,,0.3166666626930237,,0.9199472665786743,,0.17712298035621643,,0.2750000059604645,,,,,,
1,,,1179,,,,,,,,0.6000000238418579,,0.8289772868156433,,0.4750000238418579,,1.1812002658843994,,0.46114015579223633,,0.4333333671092987,,,,,,
1,,,1199,,,,,,,,0.6499999761581421,,0.8438447117805481,,0.6041666865348816,,1.4663569927215576,,0.699997067451477,,0.625,,,,,,
1,,,1219,,,,,,,,0.5,,0.7672275304794312,,0.3919414281845093,,2.034926176071167,,0.3292763829231262,,0.3402777910232544,,,,,,
1,,,1239,,,,,,,,0.3125,,0.45240384340286255,,0.2291666567325592,,0.564450204372406,,0.06186026334762573,,0.18333333730697632,,,,,,
1,,,1259,,,,,,,,0.3500000238418579,,0.667915403842926,,0.34292930364608765,,0.9712424874305725,,0.23588162660598755,,0.36071428656578064,,,,,,
1,,,1279,,,,,,,,0.3214285969734192,,0.5932539701461792,,0.3461538553237915,,2.3176257610321045,,0.3730235695838928,,0.375,,,,,,
1,,,1299,,,,,,,,0.3500000238418579,,0.5293706655502319,,0.2736111283302307,,0.8664472699165344,,0.1230606734752655,,0.23333333432674408,,,,,,
1,,,1319,,,,,,,,0.4375,,0.6611111164093018,,0.3125,,1.3343067169189453,,0.28598472476005554,,0.2708333432674408,,,,,,
1,,,1339,,,,,,,,0.25833332538604736,,0.5494256019592285,,0.2034090906381607,,2.5203144550323486,,-0.017055368050932884,,0.19166666269302368,,,,,,
1,,,1359,,,,,,,,0.6000000238418579,,0.7962453961372375,,0.34761905670166016,,1.5484752655029297,,0.29606643319129944,,0.34166666865348816,,,,,,
1,,,1379,,,,,,,,0.625,,0.802476704120636,,0.4839743673801422,,1.143256425857544,,0.4717281758785248,,0.4285714328289032,,,,,,
1,,,1399,,,,,,,,0.4333333373069763,,0.609163761138916,,0.3554292917251587,,1.4387171268463135,,0.27590858936309814,,0.31785714626312256,,,,,,
1,,,1419,,,,,,,,0.46875,,0.7756696343421936,,0.3582417666912079,,1.6734678745269775,,0.22485600411891937,,0.3333333432674408,,,,,,
1,,,1433,,,,,,,,,,,,,,,,,,,0.44604647159576416,0.730124831199646,0.36534184217453003,1.503702163696289,0.3407978415489197,0.31336522102355957
1,,,1433,,,,,,,0.4506359100341797,,0.6892662048339844,,0.3856256604194641,,1.4347269535064697,,0.28178125619888306,,0.41993632912635803,,,,,,,
,6.575439632547585e-05,6.575439632547586e-06,1434,,,,,,,,,,,,,,,,,,,,,,,,
2,,,1439,,,,,,,,0.1666666716337204,,0.406654417514801,,0.15555556118488312,,1.3076128959655762,,-0.12354154884815216,,0.1666666716337204,,,,,,
2,,,1459,,,,,,,,0.6000000238418579,,0.8287879228591919,,0.430014431476593,,1.039953351020813,,0.41403934359550476,,0.4166666865348816,,,,,,
2,,,1479,,,,,,,,0.4583333134651184,,0.8109848499298096,,0.4305555522441864,,1.3855445384979248,,0.47713759541511536,,0.40833333134651184,,,,,,
2,,,1499,,,,,,,,0.17142857611179352,,0.4466269612312317,,0.17142857611179352,,1.2538403272628784,,-0.10591167211532593,,0.17142857611179352,,,,,,
2,,,1519,,,,,,,,0.7142857313156128,,0.9828868508338928,,0.5958486199378967,,1.2316962480545044,,0.6898375153541565,,0.550000011920929,,,,,,
2,,,1539,,,,,,,,0.5416666865348816,,0.8457531929016113,,0.4166666865348816,,1.0512292385101318,,0.33412888646125793,,0.3571428656578064,,,,,,
2,,,1559,,,,,,,,0.5208333730697632,,0.7782852649688721,,0.4027777910232544,,1.1597665548324585,,0.33179596066474915,,0.3333333432674408,,,,,,
2,,,1579,,,,,,,,0.4749999940395355,,0.7937500476837158,,0.32692307233810425,,1.4381568431854248,,0.16591592133045197,,0.3125,,,,,,
2,,,1599,,,,,,,,0.13333334028720856,,0.5579545497894287,,0.1409090906381607,,1.2567195892333984,,-0.07473239302635193,,0.15000000596046448,,,,,,
2,,,1619,,,,,,,,0.2083333432674408,,0.508779764175415,,0.17692308127880096,,1.6106709241867065,,-0.04633653536438942,,0.1547619104385376,,,,,,
2,,,1639,,,,,,,,0.28333336114883423,,0.5804195404052734,,0.2532467544078827,,1.723372459411621,,0.045014914125204086,,0.2291666716337204,,,,,,
2,,,1659,,,,,,,,0.5208333134651184,,0.858035683631897,,0.4910714328289032,,1.5956840515136719,,0.4662523865699768,,0.46875,,,,,,
2,,,1679,,,,,,,,0.0833333358168602,,0.5242465734481812,,0.0833333358168602,,2.833866596221924,,-0.22171977162361145,,0.0833333358168602,,,,,,
2,,,1699,,,,,,,,0.699999988079071,,0.9409090876579285,,0.5428571701049805,,0.6754490733146667,,0.567989706993103,,0.46666669845581055,,,,,,
2,,,1719,,,,,,,,0.3125,,0.6090773344039917,,0.28977274894714355,,1.1227257251739502,,0.1258808672428131,,0.2839285731315613,,,,,,
2,,,1739,,,,,,,,0.0833333358168602,,0.40579211711883545,,0.0625,,0.8502915501594543,,-0.16099976003170013,,0.05000000074505806,,,,,,
2,,,1759,,,,,,,,0.2750000059604645,,0.5029355883598328,,0.2361111044883728,,1.1730191707611084,,0.050677087157964706,,0.20714285969734192,,,,,,
2,,,1779,,,,,,,,0.1458333432674408,,0.4733901619911194,,0.1388888955116272,,1.300187110900879,,-0.07473239302635193,,0.13333334028720856,,,,,,
2,,,1799,,,,,,,,0.2678571343421936,,0.5999504327774048,,0.2649572789669037,,1.651200532913208,,0.08140084892511368,,0.2666666805744171,,,,,,
2,,,1819,,,,,,,,0.5625,,0.6979166865348816,,0.4905303120613098,,1.8223284482955933,,0.4481106996536255,,0.4446428716182709,,,,,,
2,,,1839,,,,,,,,0.2708333432674408,,0.47970086336135864,,0.22142857313156128,,1.1629756689071655,,0.17638343572616577,,0.1875,,,,,,
2,,,1859,,,,,,,,0.5625,,0.8612179756164551,,0.4738636612892151,,1.6188459396362305,,0.4382078945636749,,0.4446428716182709,,,,,,
2,,,1879,,,,,,,,0.1666666716337204,,0.4609231948852539,,0.13333334028720856,,0.4928779900074005,,-0.06025846302509308,,0.1190476268529892,,,,,,
2,,,1899,,,,,,,,0.6666666865348816,,0.803044855594635,,0.5461038947105408,,1.4542016983032227,,0.5520281195640564,,0.49464285373687744,,,,,,
2,,,1919,,,,,,,,0.5952380895614624,,0.8115270137786865,,0.48968255519866943,,2.054536819458008,,0.41811028122901917,,0.4285714328289032,,,,,,
2,,,1939,,,,,,,,0.75,,0.9342948198318481,,0.6672771573066711,,0.39904749393463135,,0.762595534324646,,0.6017857193946838,,,,,,
2,,,1959,,,,,,,,0.2053571492433548,,0.37114620208740234,,0.1984127014875412,,1.1241192817687988,,-0.0058174943551421165,,0.19285714626312256,,,,,,
2,,,1979,,,,,,,,0.16249999403953552,,0.5714014768600464,,0.13333334028720856,,1.3295855522155762,,-0.08244428038597107,,0.1130952388048172,,,,,,
2,,,1999,,,,,,,,0.7142857313156128,,0.924889326095581,,0.5714285969734192,,0.7647756338119507,,0.610836923122406,,0.5017856955528259,,,,,,
2,,,2019,,,,,,,,0.375,,0.5705356597900391,,0.24841269850730896,,0.5876083374023438,,0.056541409343481064,,0.19166666269302368,,,,,,
2,,,2039,,,,,,,,0.6785714626312256,,0.8136447072029114,,0.5327380895614624,,0.8686819076538086,,0.511939525604248,,0.4535714387893677,,,,,,
2,,,2059,,,,,,,,0.18333333730697632,,0.6377205848693848,,0.18333333730697632,,0.8623687624931335,,-0.039795856922864914,,0.18333333730697632,,,,,,
2,,,2079,,,,,,,,0.36250001192092896,,0.49308711290359497,,0.18434342741966248,,0.6446635723114014,,-0.029087472707033157,,0.14821428060531616,,,,,,
2,,,2099,,,,,,,,0.2916666865348816,,0.6945429444313049,,0.25,,1.5075764656066895,,0.10293953120708466,,0.2291666716337204,,,,,,
2,,,2119,,,,,,,,0.4583333730697632,,0.7023809552192688,,0.4166666865348816,,2.655392646789551,,0.37219369411468506,,0.3958333432674408,,,,,,
2,,,2139,,,,,,,,0.23333334922790527,,0.5045912265777588,,0.25,,1.2907823324203491,,0.034313175827264786,,0.2708333432674408,,,,,,
2,,,2150,,,,,,,,,,,,,,,,,,,0.4755159020423889,0.7413263320922852,0.3871295750141144,1.4335689544677734,0.35092246532440186,0.32942715287208557
2,,,2150,,,,,,,0.4400857090950012,,0.6852935552597046,,0.3772926330566406,,1.2341582775115967,,0.26901060342788696,,0.580016016960144,,,,,,,
,8.767252843396782e-05,8.767252843396782e-06,2151,,,,,,,,,,,,,,,,,,,,,,,,
3,,,2159,,,,,,,,0.625,,0.9138621687889099,,0.551948070526123,,1.0785770416259766,,0.6032472252845764,,0.5178571343421936,,,,,,
3,,,2179,,,,,,,,0.5666666626930237,,0.7512820959091187,,0.5064935088157654,,1.5492548942565918,,0.49516406655311584,,0.4583333432674408,,,,,,
3,,,2199,,,,,,,,0.5,,0.7955728769302368,,0.3055555522441864,,0.857945442199707,,0.2275489866733551,,0.23392856121063232,,,,,,
3,,,2219,,,,,,,,0.8690476417541504,,0.711805522441864,,0.8607226610183716,,2.2482550144195557,,0.8143858313560486,,0.8611111640930176,,,,,,
3,,,2239,,,,,,,,0.3854166865348816,,0.5630151033401489,,0.30158731341362,,1.9537156820297241,,0.13017979264259338,,0.2708333432674408,,,,,,
3,,,2259,,,,,,,,0.472222238779068,,0.7315628528594971,,0.4166666865348816,,2.1637918949127197,,0.36843806505203247,,0.40833333134651184,,,,,,
3,,,2279,,,,,,,,0.3291666507720947,,0.6331875920295715,,0.2666666805744171,,0.5376260876655579,,0.09459053725004196,,0.23333334922790527,,,,,,
3,,,2299,,,,,,,,0.5,,0.7545454502105713,,0.31969699263572693,,2.143277645111084,,0.20579829812049866,,0.2750000059604645,,,,,,
3,,,2319,,,,,,,,0.6499999761581421,,0.9585830569267273,,0.5432692170143127,,1.1345245838165283,,0.6231470704078674,,0.5476190447807312,,,,,,
3,,,2339,,,,,,,,0.3452380895614624,,0.6144841313362122,,0.3603896200656891,,2.1452226638793945,,0.3674698770046234,,0.37857145071029663,,,,,,
3,,,2359,,,,,,,,0.5666666626930237,,0.785897433757782,,0.4642857015132904,,1.1577502489089966,,0.39624616503715515,,0.4089285731315613,,,,,,
3,,,2379,,,,,,,,0.13333334028720856,,0.30482953786849976,,0.1269230842590332,,0.9899116158485413,,-0.1338023692369461,,0.12142857909202576,,,,,,
3,,,2399,,,,,,,,0.75,,0.896743893623352,,0.6369949579238892,,0.5855851769447327,,0.7066469192504883,,0.5583333373069763,,,,,,
3,,,2419,,,,,,,,0.49166667461395264,,0.883661150932312,,0.4179292917251587,,1.7476301193237305,,0.3582189083099365,,0.375,,,,,,
3,,,2439,,,,,,,,0.625,,0.9532508850097656,,0.5784631967544556,,1.2910523414611816,,0.6519503593444824,,0.5416666269302368,,,,,,
3,,,2459,,,,,,,,0.3333333432674408,,0.49880948662757874,,0.26452019810676575,,0.6299813389778137,,0.10177453607320786,,0.24166667461395264,,,,,,
3,,,2479,,,,,,,,0.4285714328289032,,0.8273428082466125,,0.3839285969734192,,1.3937702178955078,,0.32388824224472046,,0.3869047462940216,,,,,,
3,,,2499,,,,,,,,0.3125,,0.47752976417541504,,0.1805555522441864,,0.7447125315666199,,-0.022616563364863396,,0.13333334028720856,,,,,,
3,,,2519,,,,,,,,0.363095223903656,,0.49563491344451904,,0.2380952537059784,,1.2507975101470947,,-0.14635233581066132,,0.1964285671710968,,,,,,
3,,,2539,,,,,,,,0.574999988079071,,0.8936868906021118,,0.39642858505249023,,0.731224536895752,,0.37793251872062683,,0.3333333432674408,,,,,,
3,,,2559,,,,,,,,0.4375,,0.7051711082458496,,0.28228023648262024,,2.244138479232788,,0.10651074349880219,,0.24166667461395264,,,,,,
3,,,2579,,,,,,,,0.2291666716337204,,0.5523265600204468,,0.18803419172763824,,0.5502208471298218,,-0.0235294122248888,,0.18333333730697632,,,,,,
3,,,2599,,,,,,,,0.36250001192092896,,0.6226055026054382,,0.22361111640930176,,1.831449270248413,,0.05121910572052002,,0.18392857909202576,,,,,,
3,,,2619,,,,,,,,0.6142857074737549,,0.9070651531219482,,0.4641025960445404,,1.114576816558838,,0.5146287083625793,,0.45000001788139343,,,,,,
3,,,2639,,,,,,,,0.375,,0.6572916507720947,,0.39230769872665405,,1.0836430788040161,,0.4670742452144623,,0.4285714328289032,,,,,,
3,,,2659,,,,,,,,0.4642857313156128,,0.6042207479476929,,0.37660256028175354,,0.9735103249549866,,0.3860243260860443,,0.3541666567325592,,,,,,
3,,,2679,,,,,,,,0.625,,0.9416396021842957,,0.4839743971824646,,0.7700372338294983,,0.46373891830444336,,0.40625,,,,,,
3,,,2699,,,,,,,,0.625,,0.8990384340286255,,0.5647727251052856,,0.6857261061668396,,0.5933001041412354,,0.5208333134651184,,,,,,
3,,,2719,,,,,,,,0.5416666865348816,,0.7297618389129639,,0.4431818127632141,,1.9828402996063232,,0.41624757647514343,,0.4333333671092987,,,,,,
3,,,2739,,,,,,,,0.6666666269302368,,0.9874999523162842,,0.6309523582458496,,0.6808749437332153,,0.7252578139305115,,0.6041666269302368,,,,,,
3,,,2759,,,,,,,,0.3499999940395355,,0.6595959663391113,,0.17424243688583374,,0.6249276399612427,,0.05043530836701393,,0.13333334028720856,,,,,,
3,,,2779,,,,,,,,0.2395833432674408,,0.4445112347602844,,0.2276785671710968,,0.776533305644989,,-0.07363209873437881,,0.21875,,,,,,
3,,,2799,,,,,,,,0.53125,,0.8432920575141907,,0.4285714328289032,,1.7292709350585938,,0.4157833755016327,,0.3988095223903656,,,,,,
3,,,2819,,,,,,,,0.7083333134651184,,0.8822916746139526,,0.5923076868057251,,0.5417017936706543,,0.6023749709129333,,0.511904776096344,,,,,,
3,,,2839,,,,,,,,0.625,,0.8489583134651184,,0.5333333611488342,,1.3639793395996094,,0.5313689112663269,,0.46666666865348816,,,,,,
3,,,2859,,,,,,,,0.75,,0.928787887096405,,0.7272727489471436,,0.5705446600914001,,0.9136764407157898,,0.7083333134651184,,,,,,
3,,,2867,,,,,,,,,,,,,,,,,,,0.47645238041877747,0.7812545299530029,0.39273351430892944,1.2590489387512207,0.3847087025642395,0.41388073563575745
3,,,2867,,,,,,,0.4345235824584961,,0.683211088180542,,0.37310659885406494,,1.1678190231323242,,0.2620713710784912,,0.4763547480106354,,,,,,,
,0.00010959066054245976,1.0959066054245977e-05,2868,,,,,,,,,,,,,,,,,,,,,,,,
4,,,2869,,,,,,,0.2633928656578064,,0.5773964524269104,,0.22156864404678345,,0.6992191076278687,,0.013855786062777042,,0.19166667759418488,,,,,,,
,0.00010959066054245976,1.0959066054245977e-05,2870,,,,,,,,,,,,,,,,,,,,,,,,
5,,,2879,,,,,,,,0.75,,0.9947916269302368,,0.5807692408561707,,0.28248971700668335,,0.7039168477058411,,0.5267857313156128,,,,,,
5,,,2899,,,,,,,,0.5625,,0.8611111044883728,,0.3464285731315613,,1.710669994354248,,0.2924426794052124,,0.2916666865348816,,,,,,
5,,,2919,,,,,,,,0.44583335518836975,,0.5428977012634277,,0.3333333432674408,,1.15122389793396,,0.06179775297641754,,0.44583332538604736,,,,,,
5,,,2939,,,,,,,,0.3166666626930237,,0.595920741558075,,0.2589285671710968,,1.6948003768920898,,0.10189186781644821,,0.21964284777641296,,,,,,
5,,,2959,,,,,,,,0.3541666865348816,,0.6434524059295654,,0.3373376727104187,,0.6355572938919067,,0.1029934361577034,,0.488095223903656,,,,,,
5,,,2979,,,,,,,,0.3229166865348816,,0.438029408454895,,0.3020833432674408,,0.527907133102417,,0.14643949270248413,,0.28958332538604736,,,,,,
5,,,2999,,,,,,,,0.59375,,0.8669871687889099,,0.5041666626930237,,1.2229286432266235,,0.5774218440055847,,0.4625000059604645,,,,,,
5,,,3019,,,,,,,,0.41111111640930176,,0.45910364389419556,,0.40714287757873535,,0.9467761516571045,,0.14643949270248413,,0.4222222566604614,,,,,,
5,,,3039,,,,,,,,0.637499988079071,,0.9014132022857666,,0.5359848737716675,,1.5643268823623657,,0.5285941362380981,,0.46666666865348816,,,,,,
5,,,3059,,,,,,,,0.637499988079071,,0.8748615980148315,,0.5388888716697693,,0.796001672744751,,0.5574479699134827,,0.5071429014205933,,,,,,
5,,,3079,,,,,,,,0.1666666716337204,,0.4292249381542206,,0.15555556118488312,,0.49799948930740356,,-0.034313175827264786,,0.1666666716337204,,,,,,
5,,,3099,,,,,,,,0.6583333015441895,,0.8302489519119263,,0.5958333015441895,,0.7268737554550171,,0.6594741940498352,,0.5583333373069763,,,,,,
5,,,3119,,,,,,,,0.625,,0.7958333492279053,,0.5407925844192505,,1.4059886932373047,,0.561643660068512,,0.5035714507102966,,,,,,
5,,,3139,,,,,,,,0.3095238208770752,,0.51617830991745,,0.2808302938938141,,0.5592548847198486,,0.1380131095647812,,0.2708333432674408,,,,,,
5,,,3159,,,,,,,,0.761904776096344,,0.6934523582458496,,0.6666666865348816,,1.6558332443237305,,0.5809556841850281,,0.7111111283302307,,,,,,
5,,,3179,,,,,,,,0.637499988079071,,0.9168851971626282,,0.5476190447807312,,1.2049281597137451,,0.5236632823944092,,0.4803571403026581,,,,,,
5,,,3199,,,,,,,,0.4375,,0.6220238208770752,,0.4000000059604645,,0.8379085063934326,,0.32637667655944824,,0.40625,,,,,,
5,,,3219,,,,,,,,0.125,,0.4635416865348816,,0.125,,0.4347686767578125,,-0.17817416787147522,,0.125,,,,,,
5,,,3239,,,,,,,,0.22499999403953552,,0.39856600761413574,,0.15340909361839294,,1.5498394966125488,,-0.056570351123809814,,0.125,,,,,,
5,,,3259,,,,,,,,0.7083333134651184,,0.9128204584121704,,0.6022727489471436,,0.425599604845047,,0.6748257875442505,,0.5416666269302368,,,,,,
5,,,3279,,,,,,,,0.1875,,0.4616986811161041,,0.1805555522441864,,0.9933979511260986,,-0.03936562314629555,,0.17499999701976776,,,,,,
5,,,3299,,,,,,,,0.75,,0.9908853769302368,,0.4990079402923584,,0.2929394245147705,,0.5361445546150208,,0.42321428656578064,,,,,,
5,,,3319,,,,,,,,0.6875,,0.923462986946106,,0.6147727370262146,,0.3982740044593811,,0.6828548312187195,,0.5625,,,,,,
5,,,3339,,,,,,,,0.6577380895614624,,0.8820397853851318,,0.5839743614196777,,1.5595537424087524,,0.5112359523773193,,0.6833332777023315,,,,,,
5,,,3359,,,,,,,,0.574999988079071,,0.9134469628334045,,0.5151515603065491,,1.229845404624939,,0.5007734298706055,,0.46666666865348816,,,,,,
5,,,3379,,,,,,,,0.24047619104385376,,0.5037074089050293,,0.22788462042808533,,0.8716135025024414,,-0.011696106754243374,,0.22499999403953552,,,,,,
5,,,3399,,,,,,,,0.2321428656578064,,0.5601037740707397,,0.251748263835907,,3.0656449794769287,,0.14462031424045563,,0.2750000059604645,,,,,,
5,,,3419,,,,,,,,0.6499999761581421,,0.8700798749923706,,0.4583333730697632,,1.2075493335723877,,0.4460712969303131,,0.3958333432674408,,,,,,
5,,,3439,,,,,,,,0.18333333730697632,,0.3510780930519104,,0.15555556118488312,,0.5376682877540588,,-0.028425611555576324,,0.14166666567325592,,,,,,
5,,,3459,,,,,,,,0.2604166865348816,,0.42718350887298584,,0.2428571581840515,,0.5907789468765259,,-0.017858408391475677,,0.2321428656578064,,,,,,
5,,,3479,,,,,,,,0.6583333015441895,,0.8168997168540955,,0.5568181872367859,,1.5090047121047974,,0.5833240151405334,,0.5,,,,,,
5,,,3499,,,,,,,,0.0833333358168602,,0.39226192235946655,,0.09090909361839294,,0.7120802402496338,,-0.18093250691890717,,0.10000000149011612,,,,,,
5,,,3519,,,,,,,,0.3333333432674408,,0.6699134111404419,,0.2589285671710968,,0.7750262022018433,,0.10801732540130615,,0.22499999403953552,,,,,,
5,,,3539,,,,,,,,0.31666669249534607,,0.6012820601463318,,0.2589285671710968,,1.8563438653945923,,0.10189186781644821,,0.21964286267757416,,,,,,
5,,,3559,,,,,,,,0.4375,,0.6247304677963257,,0.3236111104488373,,1.7304407358169556,,0.21960072219371796,,0.2696428596973419,,,,,,
5,,,3579,,,,,,,,0.3375000059604645,,0.48890694975852966,,0.30000001192092896,,1.0185827016830444,,0.20807543396949768,,0.2750000059604645,,,,,,
5,,,3586,,,,,,,,,,,,,,,,,,,0.25,0.5262670516967773,0.1190476194024086,nan,0.0,0.078125
5,,,3586,,,,,,,0.4632105231285095,,0.7152736186981201,,0.4009367823600769,,nan,,0.3005789816379547,,0.500449538230896,,,,,,,
6,,,3587,0.47645238041877747,0.7812545299530029,0.39273351430892944,1.2590489387512207,0.3847087025642395,0.41388073563575745,,,,,,,,,,,,,,,,,,
