epoch,lr-AdamW/pg1,lr-AdamW/pg2,step,train/acc,train/loss_epoch,train/loss_step,val/acc,val/f1,val/loss,val/mcc,val/precision
,0.0,0.0,0,,,,,,,,
0,,,19,,,23.573549270629883,,,,,
0,,,39,,,27.498929977416992,,,,,
0,,,59,,,19.47510528564453,,,,,
0,,,79,,,22.075084686279297,,,,,
0,,,99,,,23.67078399658203,,,,,
0,,,119,,,26.526281356811523,,,,,
0,,,139,,,13.692130088806152,,,,,
0,,,159,,,16.254640579223633,,,,,
0,,,179,,,19.646467208862305,,,,,
0,,,199,,,18.536588668823242,,,,,
0,,,219,,,19.536096572875977,,,,,
0,,,239,,,21.580001831054688,,,,,
0,,,259,,,13.389275550842285,,,,,
0,,,279,,,15.93593978881836,,,,,
0,,,299,,,27.673128128051758,,,,,
0,,,319,,,16.084352493286133,,,,,
0,,,339,,,19.887516021728516,,,,,
0,,,359,,,16.331178665161133,,,,,
0,,,379,,,31.0237979888916,,,,,
0,,,399,,,20.578088760375977,,,,,
0,,,419,,,23.248592376708984,,,,,
0,,,439,,,18.771894454956055,,,,,
0,,,459,,,16.322078704833984,,,,,
0,,,479,,,17.7903995513916,,,,,
0,,,499,,,15.349687576293945,,,,,
0,,,519,,,19.58391761779785,,,,,
0,,,539,,,12.160417556762695,,,,,
0,,,559,,,16.601646423339844,,,,,
0,,,579,,,23.721317291259766,,,,,
0,,,599,,,15.389613151550293,,,,,
0,,,619,,,20.213693618774414,,,,,
0,,,639,,,25.20226287841797,,,,,
0,,,659,,,23.912715911865234,,,,,
0,,,679,,,24.3493709564209,,,,,
0,,,699,,,21.16573715209961,,,,,
0,,,719,,,20.608367919921875,,,,,
0,,,739,,,19.199161529541016,,,,,
0,,,759,,,21.682567596435547,,,,,
0,,,779,,,15.92917251586914,,,,,
0,,,799,,,26.13484764099121,,,,,
0,,,819,,,18.540607452392578,,,,,
0,,,839,,,27.43482208251953,,,,,
0,,,859,,,14.071578025817871,,,,,
0,,,879,,,8.867705345153809,,,,,
0,,,899,,,18.474332809448242,,,,,
0,,,919,,,27.669771194458008,,,,,
0,,,939,,,15.877145767211914,,,,,
0,,,959,,,22.245088577270508,,,,,
0,,,979,,,19.365835189819336,,,,,
0,,,999,,,18.213672637939453,,,,,
0,,,1019,,,22.894996643066406,,,,,
0,,,1039,,,20.494115829467773,,,,,
0,,,1059,,,27.827247619628906,,,,,
0,,,1079,,,31.018712997436523,,,,,
0,,,1099,,,23.94092559814453,,,,,
0,,,1119,,,18.324464797973633,,,,,
0,,,1139,,,16.82948875427246,,,,,
0,,,1159,,,21.612211227416992,,,,,
0,,,1179,,,16.180315017700195,,,,,
0,,,1199,,,18.4123477935791,,,,,
0,,,1219,,,14.228801727294922,,,,,
0,,,1239,,,25.851993560791016,,,,,
0,,,1259,,,18.49471092224121,,,,,
0,,,1279,,,16.15653419494629,,,,,
0,,,1299,,,19.839086532592773,,,,,
0,,,1319,,,18.384281158447266,,,,,
0,,,1339,,,21.469125747680664,,,,,
0,,,1359,,,25.778837203979492,,,,,
0,,,1379,,,24.941577911376953,,,,,
0,,,1399,,,18.462656021118164,,,,,
0,,,1419,,,26.898481369018555,,,,,
0,,,1434,,,,0.2498159110546112,0.09883764386177063,18.786968231201172,-0.004633819684386253,0.11666454374790192
0,,,1434,0.2634601891040802,21.101444244384766,,,,,,
,8.927180304353628e-05,8.927180304353628e-05,1435,,,,,,,,
1,,,1439,,,21.184223175048828,,,,,
1,,,1459,,,18.17291831970215,,,,,
1,,,1479,,,8.416337966918945,,,,,
1,,,1499,,,12.172435760498047,,,,,
1,,,1519,,,10.160543441772461,,,,,
1,,,1539,,,9.393444061279297,,,,,
1,,,1559,,,7.1651177406311035,,,,,
1,,,1579,,,6.240626811981201,,,,,
1,,,1599,,,6.392717361450195,,,,,
1,,,1619,,,4.869168281555176,,,,,
1,,,1639,,,4.404653549194336,,,,,
1,,,1659,,,4.4291229248046875,,,,,
1,,,1679,,,4.7974042892456055,,,,,
1,,,1699,,,7.718586444854736,,,,,
1,,,1719,,,8.99632453918457,,,,,
1,,,1739,,,4.842779159545898,,,,,
1,,,1759,,,4.695380210876465,,,,,
1,,,1779,,,6.097155570983887,,,,,
1,,,1799,,,5.220251083374023,,,,,
1,,,1819,,,5.115738391876221,,,,,
1,,,1839,,,5.681537628173828,,,,,
1,,,1859,,,5.427157402038574,,,,,
1,,,1879,,,5.088273048400879,,,,,
1,,,1899,,,4.455613613128662,,,,,
1,,,1919,,,5.372180461883545,,,,,
1,,,1939,,,4.511451721191406,,,,,
1,,,1959,,,4.603989601135254,,,,,
1,,,1979,,,5.116832256317139,,,,,
1,,,1999,,,6.228577136993408,,,,,
1,,,2019,,,4.544197082519531,,,,,
1,,,2039,,,4.99521541595459,,,,,
1,,,2059,,,3.891152858734131,,,,,
1,,,2079,,,5.046797275543213,,,,,
1,,,2099,,,4.873875617980957,,,,,
1,,,2119,,,5.263736248016357,,,,,
1,,,2139,,,5.477775573730469,,,,,
1,,,2159,,,5.041041851043701,,,,,
1,,,2179,,,5.03653621673584,,,,,
1,,,2199,,,5.193033695220947,,,,,
1,,,2219,,,4.800200462341309,,,,,
1,,,2239,,,5.29444694519043,,,,,
1,,,2259,,,3.647428274154663,,,,,
1,,,2279,,,4.136178970336914,,,,,
1,,,2299,,,4.82605504989624,,,,,
1,,,2319,,,4.57070779800415,,,,,
1,,,2339,,,4.493252277374268,,,,,
1,,,2359,,,5.618410587310791,,,,,
1,,,2379,,,4.202375411987305,,,,,
1,,,2399,,,4.733719825744629,,,,,
1,,,2419,,,5.101856708526611,,,,,
1,,,2439,,,4.892744064331055,,,,,
1,,,2459,,,4.376286506652832,,,,,
1,,,2479,,,4.591291904449463,,,,,
1,,,2499,,,4.435591697692871,,,,,
1,,,2519,,,3.683847188949585,,,,,
1,,,2539,,,5.155696868896484,,,,,
1,,,2559,,,4.828117370605469,,,,,
1,,,2579,,,5.3761725425720215,,,,,
1,,,2599,,,5.472229480743408,,,,,
1,,,2619,,,4.654855728149414,,,,,
1,,,2639,,,4.677857398986816,,,,,
1,,,2659,,,4.948680400848389,,,,,
1,,,2679,,,4.1385579109191895,,,,,
1,,,2699,,,5.120242595672607,,,,,
1,,,2719,,,6.258298397064209,,,,,
1,,,2739,,,4.209067344665527,,,,,
1,,,2759,,,5.108471393585205,,,,,
1,,,2779,,,6.001789093017578,,,,,
1,,,2799,,,5.165395259857178,,,,,
1,,,2819,,,4.776871681213379,,,,,
1,,,2839,,,4.856175422668457,,,,,
1,,,2859,,,5.7034502029418945,,,,,
1,,,2869,,,,0.25,0.07966680824756622,4.908878326416016,0.0,0.047383129596710205
1,,,2869,0.251066654920578,5.947355270385742,,,,,,
,0.00017854360608707257,0.00017854360608707257,2870,,,,,,,,
2,,,2879,,,5.0769243240356445,,,,,
2,,,2899,,,3.626427173614502,,,,,
2,,,2919,,,5.2363386154174805,,,,,
2,,,2939,,,4.824783802032471,,,,,
2,,,2959,,,4.822124481201172,,,,,
2,,,2979,,,4.873262882232666,,,,,
2,,,2999,,,4.853427410125732,,,,,
2,,,3019,,,5.011178970336914,,,,,
2,,,3039,,,5.275341510772705,,,,,
2,,,3059,,,4.861008167266846,,,,,
2,,,3079,,,5.012020111083984,,,,,
2,,,3099,,,4.741943836212158,,,,,
2,,,3119,,,4.471485614776611,,,,,
2,,,3139,,,4.6145806312561035,,,,,
2,,,3159,,,4.031537055969238,,,,,
2,,,3179,,,5.309676647186279,,,,,
2,,,3199,,,5.290562629699707,,,,,
2,,,3219,,,4.611478805541992,,,,,
2,,,3239,,,4.0704216957092285,,,,,
2,,,3259,,,5.586784362792969,,,,,
2,,,3279,,,4.832446575164795,,,,,
2,,,3299,,,5.609854698181152,,,,,
2,,,3319,,,4.124969959259033,,,,,
2,,,3339,,,6.976586818695068,,,,,
2,,,3359,,,5.286230564117432,,,,,
2,,,3379,,,5.811941146850586,,,,,
2,,,3399,,,4.370695114135742,,,,,
2,,,3419,,,5.6142754554748535,,,,,
2,,,3439,,,3.6896536350250244,,,,,
2,,,3459,,,4.311337947845459,,,,,
2,,,3479,,,5.398286819458008,,,,,
2,,,3499,,,4.468876838684082,,,,,
2,,,3519,,,4.570080757141113,,,,,
2,,,3539,,,4.172460079193115,,,,,
2,,,3559,,,4.323990821838379,,,,,
2,,,3579,,,7.5171685218811035,,,,,
2,,,3599,,,4.963117599487305,,,,,
2,,,3619,,,5.149688720703125,,,,,
2,,,3639,,,5.741747856140137,,,,,
2,,,3659,,,4.417171001434326,,,,,
2,,,3679,,,3.8324637413024902,,,,,
2,,,3699,,,5.122738361358643,,,,,
2,,,3719,,,5.0822649002075195,,,,,
2,,,3739,,,5.624850273132324,,,,,
2,,,3759,,,5.051523685455322,,,,,
2,,,3779,,,5.019847869873047,,,,,
2,,,3799,,,5.376647472381592,,,,,
2,,,3819,,,4.271312236785889,,,,,
2,,,3839,,,5.207978248596191,,,,,
2,,,3859,,,5.791694164276123,,,,,
2,,,3879,,,5.9138994216918945,,,,,
2,,,3899,,,4.156645774841309,,,,,
2,,,3919,,,4.766901016235352,,,,,
2,,,3939,,,5.043851375579834,,,,,
2,,,3959,,,4.851859092712402,,,,,
2,,,3979,,,5.341782093048096,,,,,
2,,,3999,,,4.3736348152160645,,,,,
2,,,4019,,,5.366237640380859,,,,,
2,,,4039,,,4.7059478759765625,,,,,
2,,,4059,,,4.8461809158325195,,,,,
2,,,4079,,,3.9898695945739746,,,,,
2,,,4099,,,5.188804626464844,,,,,
2,,,4119,,,5.144023895263672,,,,,
2,,,4139,,,4.753012180328369,,,,,
2,,,4159,,,4.187090873718262,,,,,
2,,,4179,,,5.089008331298828,,,,,
2,,,4199,,,4.626803398132324,,,,,
2,,,4219,,,3.720177173614502,,,,,
2,,,4239,,,4.104673385620117,,,,,
2,,,4259,,,3.928427219390869,,,,,
2,,,4279,,,5.44996452331543,,,,,
2,,,4299,,,5.023415565490723,,,,,
2,,,4304,,,,0.3167530298233032,0.20702698826789856,9.373638153076172,0.12388806790113449,0.16780512034893036
2,,,4304,0.25172021985054016,4.872165679931641,,,,,,
,0.0002678154091306088,0.0002678154091306088,4305,,,,,,,,
3,,,4319,,,5.125999927520752,,,,,
3,,,4339,,,5.4315643310546875,,,,,
3,,,4359,,,5.499650955200195,,,,,
3,,,4379,,,4.248968124389648,,,,,
3,,,4399,,,4.6752753257751465,,,,,
3,,,4419,,,4.274319648742676,,,,,
3,,,4439,,,5.43973970413208,,,,,
3,,,4459,,,4.8665947914123535,,,,,
3,,,4479,,,5.154742240905762,,,,,
3,,,4499,,,3.8314387798309326,,,,,
3,,,4519,,,3.8640847206115723,,,,,
3,,,4539,,,4.87810754776001,,,,,
3,,,4559,,,4.116124153137207,,,,,
3,,,4579,,,5.182160377502441,,,,,
3,,,4599,,,4.55492639541626,,,,,
3,,,4619,,,4.757687091827393,,,,,
3,,,4639,,,4.888186454772949,,,,,
3,,,4659,,,5.813615322113037,,,,,
3,,,4679,,,5.263998031616211,,,,,
3,,,4699,,,3.5353903770446777,,,,,
3,,,4719,,,5.359681606292725,,,,,
3,,,4739,,,4.998784065246582,,,,,
3,,,4759,,,4.151632785797119,,,,,
3,,,4779,,,3.7892634868621826,,,,,
3,,,4799,,,4.769167900085449,,,,,
3,,,4819,,,3.8401052951812744,,,,,
3,,,4839,,,4.991305828094482,,,,,
3,,,4859,,,4.6439433097839355,,,,,
3,,,4879,,,6.023723602294922,,,,,
3,,,4899,,,5.167224407196045,,,,,
3,,,4919,,,3.981365919113159,,,,,
3,,,4939,,,5.298643589019775,,,,,
3,,,4959,,,4.444189071655273,,,,,
3,,,4979,,,5.384350299835205,,,,,
3,,,4999,,,5.536323547363281,,,,,
3,,,5019,,,5.1843061447143555,,,,,
3,,,5039,,,4.422147274017334,,,,,
3,,,5059,,,4.33319616317749,,,,,
3,,,5079,,,3.935974359512329,,,,,
3,,,5099,,,4.730025291442871,,,,,
3,,,5119,,,4.629223823547363,,,,,
3,,,5139,,,4.89406156539917,,,,,
3,,,5159,,,5.44040584564209,,,,,
3,,,5179,,,5.188508987426758,,,,,
3,,,5199,,,5.818388938903809,,,,,
3,,,5219,,,5.307352066040039,,,,,
3,,,5239,,,4.538442611694336,,,,,
3,,,5259,,,4.471594333648682,,,,,
3,,,5279,,,4.912161350250244,,,,,
3,,,5299,,,3.436708450317383,,,,,
3,,,5319,,,4.397345542907715,,,,,
3,,,5339,,,3.3704957962036133,,,,,
3,,,5359,,,3.632594347000122,,,,,
3,,,5379,,,5.140862941741943,,,,,
3,,,5399,,,4.173523426055908,,,,,
3,,,5419,,,5.685659885406494,,,,,
3,,,5439,,,4.226298809051514,,,,,
3,,,5459,,,5.348069190979004,,,,,
3,,,5479,,,4.159980773925781,,,,,
3,,,5499,,,4.610644817352295,,,,,
3,,,5519,,,4.073272705078125,,,,,
3,,,5539,,,4.7045698165893555,,,,,
3,,,5559,,,4.998658657073975,,,,,
3,,,5579,,,5.392807483673096,,,,,
3,,,5599,,,4.687672138214111,,,,,
3,,,5619,,,5.227588653564453,,,,,
3,,,5639,,,4.943791389465332,,,,,
3,,,5659,,,4.2549591064453125,,,,,
3,,,5679,,,4.911848068237305,,,,,
3,,,5699,,,4.182305812835693,,,,,
3,,,5719,,,3.790367603302002,,,,,
3,,,5739,,,3.896946668624878,,,,,
3,,,5739,,,,0.29932621121406555,0.19042277336120605,7.208680152893066,0.1242562085390091,0.4116961658000946
3,,,5739,0.2571856677532196,4.63906192779541,,,,,,
,0.00035708721217414513,0.00035708721217414513,5740,,,,,,,,
4,,,5759,,,5.32450008392334,,,,,
4,,,5779,,,4.648545742034912,,,,,
4,,,5799,,,5.3792219161987305,,,,,
4,,,5819,,,3.6808786392211914,,,,,
4,,,5839,,,5.742254257202148,,,,,
4,,,5859,,,4.0226359367370605,,,,,
4,,,5879,,,3.632920742034912,,,,,
4,,,5899,,,5.606133460998535,,,,,
4,,,5919,,,4.5436859130859375,,,,,
4,,,5939,,,3.5266191959381104,,,,,
4,,,5959,,,5.118142604827881,,,,,
4,,,5979,,,4.7089972496032715,,,,,
4,,,5999,,,5.077073097229004,,,,,
4,,,6019,,,4.0478129386901855,,,,,
4,,,6039,,,4.306930065155029,,,,,
4,,,6059,,,4.029270172119141,,,,,
4,,,6079,,,5.255571365356445,,,,,
4,,,6099,,,5.10122013092041,,,,,
4,,,6119,,,3.90844988822937,,,,,
4,,,6139,,,4.294022560119629,,,,,
4,,,6159,,,4.643862724304199,,,,,
4,,,6179,,,3.783647060394287,,,,,
4,,,6199,,,5.237773895263672,,,,,
4,,,6219,,,4.396810054779053,,,,,
4,,,6239,,,4.458378791809082,,,,,
4,,,6259,,,4.719710350036621,,,,,
4,,,6279,,,4.745197296142578,,,,,
4,,,6299,,,3.5771660804748535,,,,,
4,,,6319,,,4.081722736358643,,,,,
4,,,6339,,,5.566154479980469,,,,,
4,,,6359,,,4.659148216247559,,,,,
4,,,6379,,,6.063526153564453,,,,,
4,,,6399,,,4.243654251098633,,,,,
4,,,6419,,,4.483975410461426,,,,,
4,,,6439,,,3.889943838119507,,,,,
4,,,6459,,,4.005906105041504,,,,,
4,,,6479,,,4.831244468688965,,,,,
4,,,6499,,,3.961864948272705,,,,,
4,,,6519,,,3.60084867477417,,,,,
4,,,6539,,,3.994752883911133,,,,,
4,,,6559,,,4.543517589569092,,,,,
4,,,6579,,,3.524574041366577,,,,,
4,,,6599,,,4.198271751403809,,,,,
4,,,6619,,,3.8628182411193848,,,,,
4,,,6639,,,5.830854892730713,,,,,
4,,,6659,,,5.458276748657227,,,,,
4,,,6679,,,4.8713226318359375,,,,,
4,,,6699,,,3.5441882610321045,,,,,
4,,,6719,,,4.0143232345581055,,,,,
4,,,6739,,,3.8407692909240723,,,,,
4,,,6759,,,3.7824957370758057,,,,,
4,,,6779,,,4.32293701171875,,,,,
4,,,6799,,,4.5888261795043945,,,,,
4,,,6819,,,4.7034735679626465,,,,,
4,,,6839,,,3.791473150253296,,,,,
4,,,6859,,,4.879655838012695,,,,,
4,,,6879,,,4.150873184204102,,,,,
4,,,6899,,,4.016197204589844,,,,,
4,,,6919,,,4.781433582305908,,,,,
4,,,6939,,,3.6285905838012695,,,,,
4,,,6959,,,4.239107131958008,,,,,
4,,,6979,,,5.204470157623291,,,,,
4,,,6999,,,3.9643917083740234,,,,,
4,,,7019,,,3.6221251487731934,,,,,
4,,,7039,,,4.1976704597473145,,,,,
4,,,7059,,,4.377784252166748,,,,,
4,,,7079,,,2.8481814861297607,,,,,
4,,,7099,,,3.957502841949463,,,,,
4,,,7119,,,3.971719264984131,,,,,
4,,,7139,,,5.9127373695373535,,,,,
4,,,7159,,,3.9100260734558105,,,,,
4,,,7174,,,,0.30522918701171875,0.19707833230495453,6.377471446990967,0.14306944608688354,0.3857460021972656
4,,,7174,0.26391586661338806,4.48335075378418,,,,,,
,0.0004463590152176814,0.0004463590152176814,7175,,,,,,,,
5,,,7179,,,3.6099636554718018,,,,,
5,,,7199,,,4.88699197769165,,,,,
5,,,7219,,,4.026665687561035,,,,,
5,,,7239,,,4.544736862182617,,,,,
5,,,7259,,,4.328435897827148,,,,,
5,,,7279,,,4.973134994506836,,,,,
5,,,7299,,,4.352162837982178,,,,,
5,,,7319,,,5.425736904144287,,,,,
5,,,7339,,,3.015101432800293,,,,,
5,,,7359,,,4.053538799285889,,,,,
5,,,7379,,,4.634057998657227,,,,,
5,,,7399,,,3.479119300842285,,,,,
5,,,7419,,,4.652035236358643,,,,,
5,,,7439,,,6.278256416320801,,,,,
5,,,7459,,,4.259949684143066,,,,,
5,,,7479,,,4.570051193237305,,,,,
5,,,7499,,,5.3245744705200195,,,,,
5,,,7519,,,3.742175340652466,,,,,
5,,,7539,,,3.8705813884735107,,,,,
5,,,7559,,,5.402860641479492,,,,,
5,,,7579,,,5.180754661560059,,,,,
5,,,7599,,,4.701225280761719,,,,,
5,,,7619,,,3.9600706100463867,,,,,
5,,,7639,,,3.177309036254883,,,,,
5,,,7659,,,4.495838642120361,,,,,
5,,,7679,,,4.482015609741211,,,,,
5,,,7699,,,4.560700416564941,,,,,
5,,,7719,,,4.864445686340332,,,,,
5,,,7739,,,5.058450222015381,,,,,
5,,,7759,,,4.1324591636657715,,,,,
5,,,7779,,,3.8164920806884766,,,,,
5,,,7799,,,4.143488883972168,,,,,
5,,,7819,,,3.56998872756958,,,,,
5,,,7839,,,4.235198020935059,,,,,
5,,,7859,,,4.5735063552856445,,,,,
5,,,7879,,,4.181628227233887,,,,,
5,,,7899,,,4.3246588706970215,,,,,
5,,,7919,,,4.1567158699035645,,,,,
5,,,7939,,,3.8424901962280273,,,,,
5,,,7959,,,4.325928211212158,,,,,
5,,,7979,,,4.695208549499512,,,,,
5,,,7999,,,4.554682731628418,,,,,
5,,,8019,,,4.126916408538818,,,,,
5,,,8039,,,2.9131619930267334,,,,,
5,,,8059,,,4.317835807800293,,,,,
5,,,8079,,,3.6526970863342285,,,,,
5,,,8099,,,5.425629615783691,,,,,
5,,,8119,,,5.0010833740234375,,,,,
5,,,8139,,,4.19171667098999,,,,,
5,,,8159,,,5.222653388977051,,,,,
5,,,8179,,,3.973196506500244,,,,,
5,,,8199,,,4.014848709106445,,,,,
5,,,8219,,,4.148124694824219,,,,,
5,,,8239,,,4.066511154174805,,,,,
5,,,8259,,,3.8646183013916016,,,,,
5,,,8279,,,5.046207427978516,,,,,
5,,,8299,,,4.222723960876465,,,,,
5,,,8319,,,3.405407190322876,,,,,
5,,,8339,,,3.9292635917663574,,,,,
5,,,8359,,,5.3834357261657715,,,,,
5,,,8379,,,3.826139450073242,,,,,
5,,,8399,,,4.110406875610352,,,,,
5,,,8419,,,3.345149040222168,,,,,
5,,,8439,,,3.967255115509033,,,,,
5,,,8459,,,3.747545003890991,,,,,
5,,,8479,,,4.547178745269775,,,,,
5,,,8499,,,4.402612686157227,,,,,
5,,,8519,,,4.576498985290527,,,,,
5,,,8539,,,5.512420177459717,,,,,
5,,,8559,,,3.784137010574341,,,,,
5,,,8579,,,4.389492511749268,,,,,
5,,,8599,,,4.795992851257324,,,,,
5,,,8609,,,,0.25088533759117126,0.08150789886713028,7.929652690887451,0.022078093141317368,0.2974373698234558
5,,,8609,0.2649368941783905,4.388731956481934,,,,,,
,0.0005356308182612176,0.0005356308182612176,8610,,,,,,,,
6,,,8619,,,3.2253849506378174,,,,,
6,,,8639,,,4.216137886047363,,,,,
6,,,8659,,,5.218441009521484,,,,,
6,,,8679,,,4.315345287322998,,,,,
6,,,8699,,,4.247294902801514,,,,,
6,,,8719,,,4.07863712310791,,,,,
6,,,8739,,,3.423157215118408,,,,,
6,,,8759,,,5.709072113037109,,,,,
6,,,8779,,,3.771876096725464,,,,,
6,,,8799,,,3.846761703491211,,,,,
6,,,8819,,,5.212172031402588,,,,,
6,,,8839,,,4.348410606384277,,,,,
6,,,8859,,,3.5018208026885986,,,,,
6,,,8879,,,3.861142635345459,,,,,
6,,,8899,,,4.505169868469238,,,,,
6,,,8919,,,3.7737526893615723,,,,,
6,,,8939,,,3.8977272510528564,,,,,
6,,,8959,,,4.398106098175049,,,,,
6,,,8979,,,4.869843006134033,,,,,
6,,,8999,,,5.0347981452941895,,,,,
6,,,9019,,,4.092669486999512,,,,,
6,,,9039,,,3.37585186958313,,,,,
6,,,9059,,,4.217469692230225,,,,,
6,,,9079,,,4.2057719230651855,,,,,
6,,,9099,,,4.1473565101623535,,,,,
6,,,9119,,,5.2610015869140625,,,,,
6,,,9139,,,5.366034507751465,,,,,
6,,,9159,,,4.597301959991455,,,,,
6,,,9179,,,4.382861137390137,,,,,
6,,,9199,,,4.248684883117676,,,,,
6,,,9219,,,3.707901954650879,,,,,
6,,,9239,,,4.17877721786499,,,,,
6,,,9259,,,5.026213645935059,,,,,
6,,,9279,,,3.7652010917663574,,,,,
6,,,9299,,,4.474925994873047,,,,,
6,,,9319,,,4.89938497543335,,,,,
6,,,9339,,,3.585237741470337,,,,,
6,,,9359,,,4.249914646148682,,,,,
6,,,9379,,,4.251293182373047,,,,,
6,,,9399,,,3.5834505558013916,,,,,
6,,,9419,,,3.649303913116455,,,,,
6,,,9439,,,4.86236047744751,,,,,
6,,,9459,,,3.951244354248047,,,,,
6,,,9479,,,5.594748497009277,,,,,
6,,,9499,,,5.579253196716309,,,,,
6,,,9519,,,5.140492916107178,,,,,
6,,,9539,,,4.303435325622559,,,,,
6,,,9559,,,4.211753845214844,,,,,
6,,,9579,,,4.7989821434021,,,,,
6,,,9599,,,5.079258441925049,,,,,
6,,,9619,,,4.503790855407715,,,,,
6,,,9639,,,4.458682060241699,,,,,
6,,,9659,,,4.05763053894043,,,,,
6,,,9679,,,4.508543014526367,,,,,
6,,,9699,,,3.642159938812256,,,,,
6,,,9719,,,4.620378494262695,,,,,
6,,,9739,,,4.481903076171875,,,,,
6,,,9759,,,4.975460529327393,,,,,
6,,,9779,,,3.2654004096984863,,,,,
6,,,9799,,,6.340458869934082,,,,,
6,,,9819,,,4.132035255432129,,,,,
6,,,9839,,,3.880526065826416,,,,,
6,,,9859,,,4.46176815032959,,,,,
6,,,9879,,,5.2344160079956055,,,,,
6,,,9899,,,4.800868034362793,,,,,
6,,,9919,,,3.3809642791748047,,,,,
6,,,9939,,,4.722280502319336,,,,,
6,,,9959,,,4.960049629211426,,,,,
6,,,9979,,,4.271380424499512,,,,,
6,,,9999,,,4.811184883117676,,,,,
6,,,10019,,,4.881103992462158,,,,,
6,,,10039,,,5.044200420379639,,,,,
6,,,10044,,,,0.2546449601650238,0.0897844061255455,5.516695976257324,0.04353758320212364,0.22914688289165497
6,,,10044,0.26643943786621094,4.303488731384277,,,,,,
,0.0006249026213047539,0.0006249026213047539,10045,,,,,,,,
7,,,10059,,,4.252504348754883,,,,,
7,,,10079,,,6.037461757659912,,,,,
7,,,10099,,,3.602874755859375,,,,,
7,,,10119,,,3.4640073776245117,,,,,
7,,,10139,,,3.4171488285064697,,,,,
7,,,10159,,,4.033274173736572,,,,,
7,,,10179,,,4.5016961097717285,,,,,
7,,,10199,,,4.169126510620117,,,,,
7,,,10219,,,4.896428108215332,,,,,
7,,,10239,,,4.08986759185791,,,,,
7,,,10259,,,3.896390438079834,,,,,
7,,,10279,,,7.063767433166504,,,,,
7,,,10299,,,4.445993423461914,,,,,
7,,,10319,,,4.850132942199707,,,,,
7,,,10339,,,4.13247537612915,,,,,
7,,,10359,,,3.5995333194732666,,,,,
7,,,10379,,,3.015195369720459,,,,,
7,,,10399,,,2.9389162063598633,,,,,
7,,,10419,,,5.180360317230225,,,,,
7,,,10439,,,3.738185405731201,,,,,
7,,,10459,,,4.3253374099731445,,,,,
7,,,10479,,,2.661686658859253,,,,,
7,,,10499,,,4.026395320892334,,,,,
7,,,10519,,,5.393000602722168,,,,,
7,,,10539,,,3.6287925243377686,,,,,
7,,,10559,,,3.963001012802124,,,,,
7,,,10579,,,3.3840441703796387,,,,,
7,,,10599,,,4.830754280090332,,,,,
7,,,10619,,,3.173912286758423,,,,,
7,,,10639,,,3.38326358795166,,,,,
7,,,10659,,,4.1020026206970215,,,,,
7,,,10679,,,3.5197837352752686,,,,,
7,,,10699,,,5.074695110321045,,,,,
7,,,10719,,,4.655813217163086,,,,,
7,,,10739,,,4.0335798263549805,,,,,
7,,,10759,,,4.843168258666992,,,,,
7,,,10779,,,3.34289288520813,,,,,
7,,,10799,,,3.751779556274414,,,,,
7,,,10819,,,3.3887736797332764,,,,,
7,,,10839,,,4.926476001739502,,,,,
7,,,10859,,,5.197190284729004,,,,,
7,,,10879,,,4.7445878982543945,,,,,
7,,,10899,,,3.604844331741333,,,,,
7,,,10919,,,4.580715179443359,,,,,
7,,,10939,,,3.1818039417266846,,,,,
7,,,10959,,,4.446216583251953,,,,,
7,,,10979,,,4.259418487548828,,,,,
7,,,10999,,,5.867740154266357,,,,,
7,,,11019,,,4.552245140075684,,,,,
7,,,11039,,,4.874395847320557,,,,,
7,,,11059,,,4.187413692474365,,,,,
7,,,11079,,,4.06777286529541,,,,,
7,,,11099,,,4.951681137084961,,,,,
7,,,11119,,,4.366244792938232,,,,,
7,,,11139,,,4.996546745300293,,,,,
7,,,11159,,,4.8151726722717285,,,,,
7,,,11179,,,4.317318916320801,,,,,
7,,,11199,,,4.537740230560303,,,,,
7,,,11219,,,4.001680850982666,,,,,
7,,,11239,,,5.776269912719727,,,,,
7,,,11259,,,3.7858216762542725,,,,,
7,,,11279,,,5.464807987213135,,,,,
7,,,11299,,,5.337345123291016,,,,,
7,,,11319,,,3.865222454071045,,,,,
7,,,11339,,,3.7798078060150146,,,,,
7,,,11359,,,3.62148380279541,,,,,
7,,,11379,,,4.097084999084473,,,,,
7,,,11399,,,4.521536350250244,,,,,
7,,,11419,,,3.420640230178833,,,,,
7,,,11439,,,4.956218242645264,,,,,
7,,,11459,,,4.27354621887207,,,,,
7,,,11479,,,5.140087127685547,,,,,
7,,,11479,,,,0.31753823161125183,0.1944621205329895,5.866000652313232,0.16050958633422852,0.2142236828804016
7,,,11479,0.2667897343635559,4.248203277587891,,,,,,
,0.0007141744243482903,0.0007141744243482903,11480,,,,,,,,
8,,,11499,,,3.333021640777588,,,,,
8,,,11519,,,4.33131742477417,,,,,
8,,,11539,,,4.518249988555908,,,,,
8,,,11559,,,3.9230892658233643,,,,,
8,,,11579,,,3.473055124282837,,,,,
8,,,11599,,,4.086297035217285,,,,,
8,,,11619,,,6.590458869934082,,,,,
8,,,11639,,,5.22727108001709,,,,,
8,,,11659,,,4.596601486206055,,,,,
8,,,11679,,,4.006850719451904,,,,,
8,,,11699,,,3.7965426445007324,,,,,
8,,,11719,,,4.662412643432617,,,,,
8,,,11739,,,4.163008213043213,,,,,
8,,,11759,,,4.127283573150635,,,,,
8,,,11779,,,3.659761905670166,,,,,
8,,,11799,,,4.314935207366943,,,,,
8,,,11819,,,4.734471797943115,,,,,
8,,,11839,,,3.098383665084839,,,,,
8,,,11859,,,4.113751411437988,,,,,
8,,,11879,,,3.5393178462982178,,,,,
8,,,11899,,,4.449652194976807,,,,,
8,,,11919,,,3.9007463455200195,,,,,
8,,,11939,,,3.219231605529785,,,,,
8,,,11959,,,2.8655130863189697,,,,,
8,,,11979,,,3.933697462081909,,,,,
8,,,11999,,,3.2784981727600098,,,,,
8,,,12019,,,3.640909194946289,,,,,
8,,,12039,,,4.604483604431152,,,,,
8,,,12059,,,3.951803207397461,,,,,
8,,,12079,,,3.743725299835205,,,,,
8,,,12099,,,4.466055870056152,,,,,
8,,,12119,,,4.65887451171875,,,,,
8,,,12139,,,5.00969123840332,,,,,
8,,,12159,,,4.256734848022461,,,,,
8,,,12179,,,2.799783945083618,,,,,
8,,,12199,,,4.115700721740723,,,,,
8,,,12219,,,3.499476909637451,,,,,
8,,,12239,,,3.683100700378418,,,,,
8,,,12259,,,3.6242141723632812,,,,,
8,,,12279,,,4.274313449859619,,,,,
8,,,12299,,,4.228079795837402,,,,,
8,,,12319,,,3.0808193683624268,,,,,
8,,,12339,,,5.68731689453125,,,,,
8,,,12359,,,3.129065990447998,,,,,
8,,,12379,,,3.2885735034942627,,,,,
8,,,12399,,,4.575201988220215,,,,,
8,,,12419,,,2.7015857696533203,,,,,
8,,,12439,,,3.725494861602783,,,,,
8,,,12459,,,4.147286415100098,,,,,
8,,,12479,,,4.007912635803223,,,,,
8,,,12499,,,4.592558860778809,,,,,
8,,,12519,,,4.15256929397583,,,,,
8,,,12539,,,5.19895601272583,,,,,
8,,,12559,,,4.2528839111328125,,,,,
8,,,12579,,,4.467322826385498,,,,,
8,,,12599,,,4.236587047576904,,,,,
8,,,12619,,,5.682681560516357,,,,,
8,,,12639,,,3.460470676422119,,,,,
8,,,12659,,,4.026191711425781,,,,,
8,,,12679,,,4.355236053466797,,,,,
8,,,12699,,,4.81978178024292,,,,,
8,,,12719,,,3.2236075401306152,,,,,
8,,,12739,,,4.103823661804199,,,,,
8,,,12759,,,3.937933921813965,,,,,
8,,,12779,,,3.8762900829315186,,,,,
8,,,12799,,,4.723236560821533,,,,,
8,,,12819,,,4.9485392570495605,,,,,
8,,,12839,,,4.050527095794678,,,,,
8,,,12859,,,3.4454398155212402,,,,,
8,,,12879,,,4.0182390213012695,,,,,
8,,,12899,,,4.548563480377197,,,,,
8,,,12914,,,,0.25055333971977234,0.08085378259420395,5.289365291595459,0.011768876574933529,0.17244338989257812
8,,,12914,0.26735585927963257,4.189631938934326,,,,,,
,0.0008034462273918266,0.0008034462273918266,12915,,,,,,,,
9,,,12919,,,5.625027656555176,,,,,
9,,,12939,,,4.915359020233154,,,,,
9,,,12959,,,3.5504746437072754,,,,,
9,,,12979,,,4.575647830963135,,,,,
9,,,12999,,,3.9794695377349854,,,,,
9,,,13019,,,3.396082639694214,,,,,
9,,,13039,,,2.632880926132202,,,,,
9,,,13059,,,4.551652431488037,,,,,
9,,,13079,,,4.822702884674072,,,,,
9,,,13099,,,4.332261562347412,,,,,
9,,,13119,,,4.952005386352539,,,,,
9,,,13139,,,3.065704107284546,,,,,
9,,,13159,,,3.8247463703155518,,,,,
9,,,13179,,,3.866398572921753,,,,,
9,,,13199,,,4.1402130126953125,,,,,
9,,,13219,,,4.719260215759277,,,,,
9,,,13239,,,4.440423488616943,,,,,
9,,,13259,,,4.34133243560791,,,,,
9,,,13279,,,4.545185089111328,,,,,
9,,,13299,,,6.713460445404053,,,,,
9,,,13319,,,4.424848556518555,,,,,
9,,,13339,,,4.236690044403076,,,,,
9,,,13359,,,3.279297351837158,,,,,
9,,,13379,,,2.990626811981201,,,,,
9,,,13399,,,3.9993810653686523,,,,,
9,,,13419,,,3.6486854553222656,,,,,
9,,,13439,,,3.9244742393493652,,,,,
9,,,13459,,,3.3060696125030518,,,,,
9,,,13479,,,3.54691743850708,,,,,
9,,,13499,,,4.18560791015625,,,,,
9,,,13519,,,3.5438878536224365,,,,,
9,,,13539,,,4.802789211273193,,,,,
9,,,13559,,,4.531376361846924,,,,,
9,,,13579,,,3.8130714893341064,,,,,
9,,,13599,,,4.128891944885254,,,,,
9,,,13619,,,4.467668056488037,,,,,
9,,,13639,,,3.557783365249634,,,,,
9,,,13659,,,4.446878910064697,,,,,
9,,,13679,,,4.57644510269165,,,,,
9,,,13699,,,4.211023807525635,,,,,
9,,,13719,,,3.7163805961608887,,,,,
9,,,13739,,,3.5025343894958496,,,,,
9,,,13759,,,4.794182300567627,,,,,
9,,,13779,,,4.815817356109619,,,,,
9,,,13799,,,4.165682792663574,,,,,
9,,,13819,,,3.273350715637207,,,,,
9,,,13839,,,5.829207420349121,,,,,
9,,,13859,,,4.072676658630371,,,,,
9,,,13879,,,2.9757080078125,,,,,
9,,,13899,,,4.390270233154297,,,,,
9,,,13919,,,3.7516520023345947,,,,,
9,,,13939,,,3.033076286315918,,,,,
9,,,13959,,,3.8045876026153564,,,,,
9,,,13979,,,3.725923538208008,,,,,
9,,,13999,,,3.7000527381896973,,,,,
9,,,14019,,,4.194104194641113,,,,,
9,,,14039,,,4.242317199707031,,,,,
9,,,14059,,,3.5189547538757324,,,,,
9,,,14079,,,4.1497015953063965,,,,,
9,,,14099,,,3.837280511856079,,,,,
9,,,14119,,,4.014573574066162,,,,,
9,,,14139,,,3.443265438079834,,,,,
9,,,14159,,,4.187156677246094,,,,,
9,,,14179,,,4.112926483154297,,,,,
9,,,14199,,,3.2640795707702637,,,,,
9,,,14219,,,5.2711944580078125,,,,,
9,,,14239,,,4.706556797027588,,,,,
9,,,14259,,,4.340675354003906,,,,,
9,,,14279,,,3.8238906860351562,,,,,
9,,,14299,,,4.510249137878418,,,,,
9,,,14319,,,4.746437072753906,,,,,
9,,,14339,,,3.301600217819214,,,,,
9,,,14349,,,,0.25,0.0796838253736496,5.163361549377441,-0.0012732164468616247,0.047395169734954834
9,,,14349,0.2656157612800598,4.155374050140381,,,,,,
,0.0008927180304353628,0.0008927180304353628,14350,,,,,,,,
10,,,14359,,,3.7883901596069336,,,,,
10,,,14379,,,4.533932685852051,,,,,
10,,,14399,,,4.93290376663208,,,,,
10,,,14419,,,4.2441558837890625,,,,,
10,,,14439,,,4.105258941650391,,,,,
10,,,14459,,,3.774749755859375,,,,,
10,,,14479,,,5.0424394607543945,,,,,
10,,,14499,,,4.179218292236328,,,,,
10,,,14519,,,3.269239664077759,,,,,
10,,,14539,,,5.398102283477783,,,,,
10,,,14559,,,4.703602313995361,,,,,
10,,,14579,,,3.864063262939453,,,,,
10,,,14599,,,3.251889944076538,,,,,
10,,,14619,,,4.651057720184326,,,,,
10,,,14639,,,3.7193315029144287,,,,,
10,,,14659,,,3.6053097248077393,,,,,
10,,,14679,,,3.701341152191162,,,,,
10,,,14699,,,3.8609514236450195,,,,,
10,,,14719,,,3.74600887298584,,,,,
10,,,14739,,,4.893596649169922,,,,,
10,,,14759,,,3.5895402431488037,,,,,
10,,,14779,,,3.3080484867095947,,,,,
10,,,14799,,,3.517319679260254,,,,,
10,,,14819,,,3.8648972511291504,,,,,
10,,,14839,,,6.377767086029053,,,,,
10,,,14859,,,3.68674898147583,,,,,
10,,,14879,,,5.197589874267578,,,,,
10,,,14899,,,4.405440330505371,,,,,
10,,,14919,,,3.37331223487854,,,,,
10,,,14939,,,3.957967758178711,,,,,
10,,,14959,,,3.4339802265167236,,,,,
10,,,14979,,,4.210336208343506,,,,,
10,,,14999,,,2.785146713256836,,,,,
10,,,15019,,,3.90838360786438,,,,,
10,,,15039,,,4.038877010345459,,,,,
10,,,15059,,,3.74436616897583,,,,,
10,,,15079,,,5.130203723907471,,,,,
10,,,15099,,,3.232029438018799,,,,,
10,,,15119,,,4.606439590454102,,,,,
10,,,15139,,,4.030372619628906,,,,,
10,,,15159,,,5.392619609832764,,,,,
10,,,15179,,,3.222747802734375,,,,,
10,,,15199,,,4.925090789794922,,,,,
10,,,15219,,,5.494206428527832,,,,,
10,,,15239,,,5.339416980743408,,,,,
10,,,15259,,,4.212156295776367,,,,,
10,,,15279,,,5.087133884429932,,,,,
10,,,15299,,,3.618783950805664,,,,,
10,,,15319,,,3.3311855792999268,,,,,
10,,,15339,,,4.384573459625244,,,,,
10,,,15359,,,4.952697277069092,,,,,
10,,,15379,,,4.244598865509033,,,,,
10,,,15399,,,4.751134872436523,,,,,
10,,,15419,,,4.988051414489746,,,,,
10,,,15439,,,3.3514325618743896,,,,,
10,,,15459,,,5.018372535705566,,,,,
10,,,15479,,,4.216132164001465,,,,,
10,,,15499,,,4.029797554016113,,,,,
10,,,15519,,,4.7565507888793945,,,,,
10,,,15539,,,5.076553821563721,,,,,
10,,,15559,,,4.418542861938477,,,,,
10,,,15579,,,4.169442653656006,,,,,
10,,,15599,,,3.483530282974243,,,,,
10,,,15619,,,4.524465560913086,,,,,
10,,,15639,,,3.388169765472412,,,,,
10,,,15659,,,3.114959716796875,,,,,
10,,,15679,,,4.936844825744629,,,,,
10,,,15699,,,5.0971598625183105,,,,,
10,,,15719,,,3.647095203399658,,,,,
10,,,15739,,,3.982806921005249,,,,,
10,,,15759,,,5.210086345672607,,,,,
10,,,15779,,,3.5227646827697754,,,,,
10,,,15784,,,,0.2768847346305847,0.14114031195640564,6.745671272277832,0.0699605792760849,0.1612721085548401
10,,,15784,0.2680971324443817,4.126201152801514,,,,,,
,0.0008924461205835092,0.0008924461205835092,15785,,,,,,,,
11,,,15799,,,3.5859038829803467,,,,,
11,,,15819,,,2.9827399253845215,,,,,
11,,,15839,,,3.9086129665374756,,,,,
11,,,15859,,,3.2046101093292236,,,,,
11,,,15879,,,3.089035987854004,,,,,
11,,,15899,,,2.6847071647644043,,,,,
11,,,15919,,,3.4040026664733887,,,,,
11,,,15939,,,3.58463454246521,,,,,
11,,,15959,,,3.810136318206787,,,,,
11,,,15979,,,3.242359161376953,,,,,
11,,,15999,,,4.1270365715026855,,,,,
11,,,16019,,,3.857761859893799,,,,,
11,,,16039,,,3.4378466606140137,,,,,
11,,,16059,,,4.189208984375,,,,,
11,,,16079,,,4.050373554229736,,,,,
11,,,16099,,,5.3828253746032715,,,,,
11,,,16119,,,4.138931751251221,,,,,
11,,,16139,,,3.838974952697754,,,,,
11,,,16159,,,2.9333443641662598,,,,,
11,,,16179,,,3.2614026069641113,,,,,
11,,,16199,,,3.766334056854248,,,,,
11,,,16219,,,4.842449188232422,,,,,
11,,,16239,,,4.228481769561768,,,,,
11,,,16259,,,3.732196807861328,,,,,
11,,,16279,,,6.955448150634766,,,,,
11,,,16299,,,3.764021635055542,,,,,
11,,,16319,,,4.289023399353027,,,,,
11,,,16339,,,3.5289206504821777,,,,,
11,,,16359,,,3.8453023433685303,,,,,
11,,,16379,,,4.9838786125183105,,,,,
11,,,16399,,,4.654541015625,,,,,
11,,,16419,,,3.3283677101135254,,,,,
11,,,16439,,,3.776916980743408,,,,,
11,,,16459,,,5.0973591804504395,,,,,
11,,,16479,,,4.1629252433776855,,,,,
11,,,16499,,,2.822848081588745,,,,,
11,,,16519,,,3.1795732975006104,,,,,
11,,,16539,,,5.4446611404418945,,,,,
11,,,16559,,,3.4339866638183594,,,,,
11,,,16579,,,3.9872217178344727,,,,,
11,,,16599,,,4.493306636810303,,,,,
11,,,16619,,,3.5918781757354736,,,,,
11,,,16639,,,3.606111526489258,,,,,
11,,,16659,,,2.728602409362793,,,,,
11,,,16679,,,4.351669788360596,,,,,
11,,,16699,,,3.974332094192505,,,,,
11,,,16719,,,3.9461045265197754,,,,,
11,,,16739,,,3.181732177734375,,,,,
11,,,16759,,,2.923779010772705,,,,,
11,,,16779,,,4.664205551147461,,,,,
11,,,16799,,,4.8256306648254395,,,,,
11,,,16819,,,3.471980571746826,,,,,
11,,,16839,,,4.3713507652282715,,,,,
11,,,16859,,,4.638938903808594,,,,,
11,,,16879,,,3.938725471496582,,,,,
11,,,16899,,,4.775750160217285,,,,,
11,,,16919,,,4.574604034423828,,,,,
11,,,16939,,,4.591726303100586,,,,,
11,,,16959,,,3.923797607421875,,,,,
11,,,16979,,,3.9637861251831055,,,,,
11,,,16999,,,3.80999755859375,,,,,
11,,,17019,,,3.4984538555145264,,,,,
11,,,17039,,,4.378407955169678,,,,,
11,,,17059,,,4.306196212768555,,,,,
11,,,17079,,,3.7768211364746094,,,,,
11,,,17099,,,3.186271905899048,,,,,
11,,,17119,,,3.686227798461914,,,,,
11,,,17139,,,3.0439038276672363,,,,,
11,,,17159,,,4.642574310302734,,,,,
11,,,17179,,,4.130738258361816,,,,,
11,,,17199,,,5.264781951904297,,,,,
11,,,17219,,,4.750827789306641,,,,,
11,,,17219,,,,0.2618103623390198,0.1081840842962265,6.010030746459961,0.06565667688846588,0.22357642650604248
11,,,17219,0.26970750093460083,4.099024295806885,,,,,,
,0.0008916307223082181,0.0008916307223082181,17220,,,,,,,,
12,,,17239,,,4.059117794036865,,,,,
12,,,17259,,,3.14384126663208,,,,,
12,,,17279,,,4.264283657073975,,,,,
12,,,17299,,,3.571125030517578,,,,,
12,,,17319,,,2.967759847640991,,,,,
12,,,17339,,,4.5172553062438965,,,,,
12,,,17359,,,4.607886791229248,,,,,
12,,,17379,,,4.223998069763184,,,,,
12,,,17399,,,3.982091188430786,,,,,
12,,,17419,,,4.581971645355225,,,,,
12,,,17439,,,2.955112934112549,,,,,
12,,,17459,,,3.9039793014526367,,,,,
12,,,17479,,,3.1153171062469482,,,,,
12,,,17499,,,2.6819863319396973,,,,,
12,,,17519,,,3.3504557609558105,,,,,
12,,,17539,,,4.112055778503418,,,,,
12,,,17559,,,4.495331764221191,,,,,
12,,,17579,,,5.154310703277588,,,,,
12,,,17599,,,4.346485137939453,,,,,
12,,,17619,,,5.326598644256592,,,,,
12,,,17639,,,3.337817907333374,,,,,
12,,,17659,,,5.020646095275879,,,,,
12,,,17679,,,3.512526035308838,,,,,
12,,,17699,,,3.8996810913085938,,,,,
12,,,17719,,,3.240325450897217,,,,,
12,,,17739,,,3.244894027709961,,,,,
12,,,17759,,,3.257988214492798,,,,,
12,,,17779,,,4.2476019859313965,,,,,
12,,,17799,,,5.675461769104004,,,,,
12,,,17819,,,3.9114108085632324,,,,,
12,,,17839,,,4.28917932510376,,,,,
12,,,17859,,,3.055424690246582,,,,,
12,,,17879,,,4.450847148895264,,,,,
12,,,17899,,,4.240029335021973,,,,,
12,,,17919,,,3.7756688594818115,,,,,
12,,,17939,,,4.805110931396484,,,,,
12,,,17959,,,3.4018633365631104,,,,,
12,,,17979,,,3.956571340560913,,,,,
12,,,17999,,,3.7844579219818115,,,,,
12,,,18019,,,4.859382629394531,,,,,
12,,,18039,,,2.774898052215576,,,,,
12,,,18059,,,3.5936343669891357,,,,,
12,,,18079,,,4.933044910430908,,,,,
12,,,18099,,,4.285236835479736,,,,,
12,,,18119,,,3.356790781021118,,,,,
12,,,18139,,,4.5523576736450195,,,,,
12,,,18159,,,4.606110572814941,,,,,
12,,,18179,,,4.412377834320068,,,,,
12,,,18199,,,4.041685104370117,,,,,
12,,,18219,,,4.44342041015625,,,,,
12,,,18239,,,3.2326865196228027,,,,,
12,,,18259,,,4.647243022918701,,,,,
12,,,18279,,,5.409181118011475,,,,,
12,,,18299,,,3.0549654960632324,,,,,
12,,,18319,,,3.549190044403076,,,,,
12,,,18339,,,3.992211103439331,,,,,
12,,,18359,,,3.4006457328796387,,,,,
12,,,18379,,,4.450179100036621,,,,,
12,,,18399,,,5.223204135894775,,,,,
12,,,18419,,,4.246298789978027,,,,,
12,,,18439,,,3.348076343536377,,,,,
12,,,18459,,,4.413511276245117,,,,,
12,,,18479,,,4.563017845153809,,,,,
12,,,18499,,,4.041499614715576,,,,,
12,,,18519,,,2.764732837677002,,,,,
12,,,18539,,,2.9140610694885254,,,,,
12,,,18559,,,4.028997421264648,,,,,
12,,,18579,,,3.705432415008545,,,,,
12,,,18599,,,3.5408213138580322,,,,,
12,,,18619,,,4.030909061431885,,,,,
12,,,18639,,,4.591909885406494,,,,,
12,,,18654,,,,0.25,0.07966680824756622,5.319088935852051,0.0,0.047383129596710205
12,,,18654,0.26955822110176086,4.075078964233398,,,,,,
,0.0008902728290466859,0.0008902728290466859,18655,,,,,,,,
13,,,18659,,,2.5143918991088867,,,,,
13,,,18679,,,4.359878063201904,,,,,
13,,,18699,,,3.3984687328338623,,,,,
13,,,18719,,,5.524827003479004,,,,,
13,,,18739,,,3.525744676589966,,,,,
13,,,18759,,,3.258610725402832,,,,,
13,,,18779,,,5.002233505249023,,,,,
13,,,18799,,,4.549696922302246,,,,,
13,,,18819,,,3.7989959716796875,,,,,
13,,,18839,,,3.1987273693084717,,,,,
13,,,18859,,,3.6091723442077637,,,,,
13,,,18879,,,5.142412185668945,,,,,
13,,,18899,,,4.347990989685059,,,,,
13,,,18919,,,4.59214973449707,,,,,
13,,,18939,,,3.3267898559570312,,,,,
13,,,18959,,,2.8847434520721436,,,,,
13,,,18979,,,4.512135028839111,,,,,
13,,,18999,,,4.5063323974609375,,,,,
13,,,19019,,,4.424411296844482,,,,,
13,,,19039,,,4.302090644836426,,,,,
13,,,19059,,,3.60648250579834,,,,,
13,,,19079,,,3.631596326828003,,,,,
13,,,19099,,,3.9251081943511963,,,,,
13,,,19119,,,4.599786758422852,,,,,
13,,,19139,,,3.0836291313171387,,,,,
13,,,19159,,,3.937364101409912,,,,,
13,,,19179,,,4.441692352294922,,,,,
13,,,19199,,,5.451282978057861,,,,,
13,,,19219,,,4.83086633682251,,,,,
13,,,19239,,,5.900409698486328,,,,,
13,,,19259,,,3.391899824142456,,,,,
13,,,19279,,,4.826261520385742,,,,,
13,,,19299,,,4.828089237213135,,,,,
13,,,19319,,,3.6630465984344482,,,,,
13,,,19339,,,4.581084728240967,,,,,
13,,,19359,,,4.450087547302246,,,,,
13,,,19379,,,3.3747096061706543,,,,,
13,,,19399,,,3.957059144973755,,,,,
13,,,19419,,,4.7855730056762695,,,,,
13,,,19439,,,3.637568473815918,,,,,
13,,,19459,,,6.146511554718018,,,,,
13,,,19479,,,3.6050400733947754,,,,,
13,,,19499,,,3.2313103675842285,,,,,
13,,,19519,,,2.822011709213257,,,,,
13,,,19539,,,3.6531219482421875,,,,,
13,,,19559,,,4.906470775604248,,,,,
13,,,19579,,,3.9373412132263184,,,,,
13,,,19599,,,4.848742485046387,,,,,
13,,,19619,,,3.5174691677093506,,,,,
13,,,19639,,,3.9867746829986572,,,,,
13,,,19659,,,4.1975202560424805,,,,,
13,,,19679,,,3.4443185329437256,,,,,
13,,,19699,,,4.160345554351807,,,,,
13,,,19719,,,5.000156402587891,,,,,
13,,,19739,,,5.380064487457275,,,,,
13,,,19759,,,3.050018548965454,,,,,
13,,,19779,,,4.775781631469727,,,,,
13,,,19799,,,4.636953353881836,,,,,
13,,,19819,,,3.1035850048065186,,,,,
13,,,19839,,,4.239150047302246,,,,,
13,,,19859,,,4.8755645751953125,,,,,
13,,,19879,,,3.2967803478240967,,,,,
13,,,19899,,,3.8235971927642822,,,,,
13,,,19919,,,3.8124377727508545,,,,,
13,,,19939,,,4.464571952819824,,,,,
13,,,19959,,,4.348855018615723,,,,,
13,,,19979,,,2.944786787033081,,,,,
13,,,19999,,,3.862313747406006,,,,,
13,,,20019,,,3.633744955062866,,,,,
13,,,20039,,,3.8322763442993164,,,,,
13,,,20059,,,4.429129600524902,,,,,
13,,,20079,,,5.9643330574035645,,,,,
13,,,20089,,,,0.281570166349411,0.14553353190422058,5.963586330413818,0.09704175591468811,0.19595742225646973
13,,,20089,0.2697295546531677,4.033986568450928,,,,,,
,0.0008883740951826839,0.0008883740951826839,20090,,,,,,,,
14,,,20099,,,3.148526906967163,,,,,
14,,,20119,,,3.578427791595459,,,,,
14,,,20139,,,4.262834548950195,,,,,
14,,,20159,,,3.863057851791382,,,,,
14,,,20179,,,4.793283462524414,,,,,
14,,,20199,,,4.507650375366211,,,,,
14,,,20219,,,3.3682892322540283,,,,,
14,,,20239,,,4.215755462646484,,,,,
14,,,20259,,,3.8098232746124268,,,,,
14,,,20279,,,3.978325843811035,,,,,
14,,,20299,,,4.222280502319336,,,,,
14,,,20319,,,4.414553642272949,,,,,
14,,,20339,,,3.8911328315734863,,,,,
14,,,20359,,,3.7774298191070557,,,,,
14,,,20379,,,3.236085891723633,,,,,
14,,,20399,,,2.65264630317688,,,,,
14,,,20419,,,3.0463571548461914,,,,,
14,,,20439,,,3.731044292449951,,,,,
14,,,20459,,,3.551151990890503,,,,,
14,,,20479,,,4.837723255157471,,,,,
14,,,20499,,,3.7231009006500244,,,,,
14,,,20519,,,5.8606791496276855,,,,,
14,,,20539,,,3.119112730026245,,,,,
14,,,20559,,,3.273393392562866,,,,,
14,,,20579,,,4.785299777984619,,,,,
14,,,20599,,,3.841580867767334,,,,,
14,,,20619,,,4.962881565093994,,,,,
14,,,20639,,,3.5955212116241455,,,,,
14,,,20659,,,2.9735934734344482,,,,,
14,,,20679,,,4.386538982391357,,,,,
14,,,20699,,,2.5266904830932617,,,,,
14,,,20719,,,3.7895517349243164,,,,,
14,,,20739,,,3.996962547302246,,,,,
14,,,20759,,,3.497732639312744,,,,,
14,,,20779,,,5.299701690673828,,,,,
14,,,20799,,,3.4653382301330566,,,,,
14,,,20819,,,2.7341549396514893,,,,,
14,,,20839,,,3.393181085586548,,,,,
14,,,20859,,,3.2955729961395264,,,,,
14,,,20879,,,2.5691468715667725,,,,,
14,,,20899,,,3.188185691833496,,,,,
14,,,20919,,,4.526300430297852,,,,,
14,,,20939,,,2.701188087463379,,,,,
14,,,20959,,,4.11833381652832,,,,,
14,,,20979,,,3.2716472148895264,,,,,
14,,,20999,,,3.501166582107544,,,,,
14,,,21019,,,4.868372440338135,,,,,
14,,,21039,,,2.4899954795837402,,,,,
14,,,21059,,,3.204921007156372,,,,,
14,,,21079,,,4.452020645141602,,,,,
14,,,21099,,,5.0472798347473145,,,,,
14,,,21119,,,3.6804628372192383,,,,,
14,,,21139,,,3.046016216278076,,,,,
14,,,21159,,,5.270660400390625,,,,,
14,,,21179,,,2.3932299613952637,,,,,
14,,,21199,,,4.527658462524414,,,,,
14,,,21219,,,3.929448127746582,,,,,
14,,,21239,,,3.5463240146636963,,,,,
14,,,21259,,,4.135447025299072,,,,,
14,,,21279,,,4.485901832580566,,,,,
14,,,21299,,,4.311842441558838,,,,,
14,,,21319,,,3.9536662101745605,,,,,
14,,,21339,,,4.311864376068115,,,,,
14,,,21359,,,3.784569501876831,,,,,
14,,,21379,,,4.143543243408203,,,,,
14,,,21399,,,4.181003093719482,,,,,
14,,,21419,,,4.958425521850586,,,,,
14,,,21439,,,4.701235771179199,,,,,
14,,,21459,,,3.468066692352295,,,,,
14,,,21479,,,4.048465728759766,,,,,
14,,,21499,,,3.968621015548706,,,,,
14,,,21519,,,3.446958065032959,,,,,
14,,,21524,,,,0.2572854161262512,0.09770393371582031,5.681894302368164,0.051848459988832474,0.22568340599536896
14,,,21524,0.27064841985702515,3.998145580291748,,,,,,
,0.0008859368340309483,0.0008859368340309483,21525,,,,,,,,
15,,,21539,,,2.6772360801696777,,,,,
15,,,21559,,,4.68447732925415,,,,,
15,,,21579,,,4.130733489990234,,,,,
15,,,21599,,,5.215100288391113,,,,,
15,,,21619,,,2.7501094341278076,,,,,
15,,,21639,,,4.891766548156738,,,,,
15,,,21659,,,3.4783999919891357,,,,,
15,,,21679,,,5.362997531890869,,,,,
15,,,21699,,,4.178660869598389,,,,,
15,,,21719,,,3.2781615257263184,,,,,
15,,,21739,,,3.181525230407715,,,,,
15,,,21759,,,3.958110809326172,,,,,
15,,,21779,,,4.56895637512207,,,,,
15,,,21799,,,3.9936273097991943,,,,,
15,,,21819,,,3.6287009716033936,,,,,
15,,,21839,,,3.488584280014038,,,,,
15,,,21859,,,4.61506462097168,,,,,
15,,,21879,,,3.691999673843384,,,,,
15,,,21899,,,4.862566947937012,,,,,
15,,,21919,,,4.808551788330078,,,,,
15,,,21939,,,4.196274757385254,,,,,
15,,,21959,,,3.553316831588745,,,,,
15,,,21979,,,5.162106037139893,,,,,
15,,,21999,,,5.084896087646484,,,,,
15,,,22019,,,3.6172995567321777,,,,,
15,,,22039,,,4.12595272064209,,,,,
15,,,22059,,,3.4767394065856934,,,,,
15,,,22079,,,4.613302707672119,,,,,
15,,,22099,,,3.272676944732666,,,,,
15,,,22119,,,3.55810546875,,,,,
15,,,22139,,,3.614333152770996,,,,,
15,,,22159,,,4.907540321350098,,,,,
15,,,22179,,,3.129279851913452,,,,,
15,,,22199,,,3.3680994510650635,,,,,
15,,,22219,,,5.09149169921875,,,,,
15,,,22239,,,5.401425361633301,,,,,
15,,,22259,,,3.9110114574432373,,,,,
15,,,22279,,,3.9682326316833496,,,,,
15,,,22299,,,4.354824542999268,,,,,
15,,,22319,,,5.023979187011719,,,,,
15,,,22339,,,4.269554615020752,,,,,
15,,,22359,,,4.540342807769775,,,,,
15,,,22379,,,4.585259437561035,,,,,
15,,,22399,,,4.208369255065918,,,,,
15,,,22419,,,5.397887706756592,,,,,
15,,,22439,,,3.480165719985962,,,,,
15,,,22459,,,4.193646430969238,,,,,
15,,,22479,,,3.3964734077453613,,,,,
15,,,22499,,,3.8957502841949463,,,,,
15,,,22519,,,3.143742322921753,,,,,
15,,,22539,,,3.182587146759033,,,,,
15,,,22559,,,4.461721897125244,,,,,
15,,,22579,,,4.675739288330078,,,,,
15,,,22599,,,4.852146148681641,,,,,
15,,,22619,,,3.1797680854797363,,,,,
15,,,22639,,,2.313015937805176,,,,,
15,,,22659,,,3.9098987579345703,,,,,
15,,,22679,,,3.9352471828460693,,,,,
15,,,22699,,,4.631326675415039,,,,,
15,,,22719,,,4.827940940856934,,,,,
15,,,22739,,,4.058190822601318,,,,,
15,,,22759,,,2.734989881515503,,,,,
15,,,22779,,,3.63224196434021,,,,,
15,,,22799,,,4.157939434051514,,,,,
15,,,22819,,,3.4273762702941895,,,,,
15,,,22839,,,4.653058052062988,,,,,
15,,,22859,,,5.072751998901367,,,,,
15,,,22879,,,2.371365547180176,,,,,
15,,,22899,,,4.017507076263428,,,,,
15,,,22919,,,4.6536641120910645,,,,,
15,,,22939,,,2.8820652961730957,,,,,
15,,,22959,,,3.911376476287842,,,,,
15,,,22959,,,,0.2591294050216675,0.1071111410856247,6.836449146270752,0.04082288220524788,0.16815224289894104
15,,,22959,0.26968640089035034,3.995161771774292,,,,,,
,0.0008829640150187607,0.0008829640150187607,22960,,,,,,,,
16,,,22979,,,4.148460865020752,,,,,
16,,,22999,,,4.823845863342285,,,,,
16,,,23019,,,2.316632032394409,,,,,
16,,,23039,,,2.975050926208496,,,,,
16,,,23059,,,4.654376983642578,,,,,
16,,,23079,,,2.897951126098633,,,,,
16,,,23099,,,3.3694980144500732,,,,,
16,,,23119,,,3.8497443199157715,,,,,
16,,,23139,,,2.693983793258667,,,,,
16,,,23159,,,3.9145312309265137,,,,,
16,,,23179,,,4.230050086975098,,,,,
16,,,23199,,,3.413078546524048,,,,,
16,,,23219,,,2.573180913925171,,,,,
16,,,23239,,,4.443173885345459,,,,,
16,,,23259,,,4.247045993804932,,,,,
16,,,23279,,,4.130245685577393,,,,,
16,,,23299,,,1.9003456830978394,,,,,
16,,,23319,,,3.2713327407836914,,,,,
16,,,23339,,,3.7342631816864014,,,,,
16,,,23359,,,2.7825918197631836,,,,,
16,,,23379,,,4.1487884521484375,,,,,
16,,,23399,,,3.7568187713623047,,,,,
16,,,23419,,,3.902276039123535,,,,,
16,,,23439,,,3.151974678039551,,,,,
16,,,23459,,,4.481729030609131,,,,,
16,,,23479,,,3.161595582962036,,,,,
16,,,23499,,,3.495734453201294,,,,,
16,,,23519,,,5.62884521484375,,,,,
16,,,23539,,,2.630183696746826,,,,,
16,,,23559,,,5.045528411865234,,,,,
16,,,23579,,,4.946178436279297,,,,,
16,,,23599,,,2.6762125492095947,,,,,
16,,,23619,,,2.3997442722320557,,,,,
16,,,23639,,,3.2897777557373047,,,,,
16,,,23659,,,3.827868938446045,,,,,
16,,,23679,,,3.0147316455841064,,,,,
16,,,23699,,,2.3188316822052,,,,,
16,,,23719,,,4.132883548736572,,,,,
16,,,23739,,,2.734654426574707,,,,,
16,,,23759,,,2.5971193313598633,,,,,
16,,,23779,,,2.3401482105255127,,,,,
16,,,23799,,,4.492071151733398,,,,,
16,,,23819,,,2.870562791824341,,,,,
16,,,23839,,,3.2104251384735107,,,,,
16,,,23859,,,3.4378368854522705,,,,,
16,,,23879,,,3.074978828430176,,,,,
16,,,23899,,,4.501537799835205,,,,,
16,,,23919,,,5.183813095092773,,,,,
16,,,23939,,,3.265686511993408,,,,,
16,,,23959,,,4.043191432952881,,,,,
16,,,23979,,,2.3710954189300537,,,,,
16,,,23999,,,2.6992034912109375,,,,,
16,,,24019,,,3.673305034637451,,,,,
16,,,24039,,,3.877603530883789,,,,,
16,,,24059,,,4.975265979766846,,,,,
16,,,24079,,,3.6977732181549072,,,,,
16,,,24099,,,4.775110721588135,,,,,
16,,,24119,,,4.991005897521973,,,,,
16,,,24139,,,3.957470417022705,,,,,
16,,,24159,,,4.433942794799805,,,,,
16,,,24179,,,2.758143901824951,,,,,
16,,,24199,,,2.380216121673584,,,,,
16,,,24219,,,3.136204719543457,,,,,
16,,,24239,,,4.938963890075684,,,,,
16,,,24259,,,4.073583602905273,,,,,
16,,,24279,,,5.526470184326172,,,,,
16,,,24299,,,4.950586795806885,,,,,
16,,,24319,,,3.908217668533325,,,,,
16,,,24339,,,3.005810499191284,,,,,
16,,,24359,,,4.371001243591309,,,,,
16,,,24379,,,3.595005750656128,,,,,
16,,,24394,,,,0.25088533759117126,0.081538125872612,5.8194756507873535,0.01726786606013775,0.20130766928195953
16,,,24394,0.27391213178634644,3.9333341121673584,,,,,,
,0.0008794592600681601,0.0008794592600681601,24395,,,,,,,,
17,,,24399,,,4.363657474517822,,,,,
17,,,24419,,,4.129785060882568,,,,,
17,,,24439,,,3.635274887084961,,,,,
17,,,24459,,,4.234478950500488,,,,,
17,,,24479,,,3.0005788803100586,,,,,
17,,,24499,,,2.5726420879364014,,,,,
17,,,24519,,,3.4281668663024902,,,,,
17,,,24539,,,4.706550598144531,,,,,
17,,,24559,,,5.138701438903809,,,,,
17,,,24579,,,3.46120548248291,,,,,
17,,,24599,,,3.633681297302246,,,,,
17,,,24619,,,2.954699754714966,,,,,
17,,,24639,,,2.385263204574585,,,,,
17,,,24659,,,5.860500812530518,,,,,
17,,,24679,,,3.424086809158325,,,,,
17,,,24699,,,3.785360336303711,,,,,
17,,,24719,,,3.980957508087158,,,,,
17,,,24739,,,5.134532928466797,,,,,
17,,,24759,,,4.16736364364624,,,,,
17,,,24779,,,2.510333299636841,,,,,
17,,,24799,,,3.0016510486602783,,,,,
17,,,24819,,,3.9194180965423584,,,,,
17,,,24839,,,4.281548500061035,,,,,
17,,,24859,,,3.587083339691162,,,,,
17,,,24879,,,4.27617073059082,,,,,
17,,,24899,,,4.864635944366455,,,,,
17,,,24919,,,4.104286193847656,,,,,
17,,,24939,,,3.0661890506744385,,,,,
17,,,24959,,,4.195507049560547,,,,,
17,,,24979,,,2.887040138244629,,,,,
17,,,24999,,,4.042945384979248,,,,,
17,,,25019,,,3.9598894119262695,,,,,
17,,,25039,,,3.383240222930908,,,,,
17,,,25059,,,3.367128849029541,,,,,
17,,,25079,,,3.257049083709717,,,,,
17,,,25099,,,4.234278202056885,,,,,
17,,,25119,,,3.1546263694763184,,,,,
17,,,25139,,,3.1553518772125244,,,,,
17,,,25159,,,3.3074493408203125,,,,,
17,,,25179,,,3.7926230430603027,,,,,
17,,,25199,,,3.7970008850097656,,,,,
17,,,25219,,,2.7467269897460938,,,,,
17,,,25239,,,4.460287570953369,,,,,
17,,,25259,,,2.831745147705078,,,,,
17,,,25279,,,4.529229640960693,,,,,
17,,,25299,,,4.328226566314697,,,,,
17,,,25319,,,4.204713821411133,,,,,
17,,,25339,,,3.453094244003296,,,,,
17,,,25359,,,3.1282098293304443,,,,,
17,,,25379,,,3.630042314529419,,,,,
17,,,25399,,,3.1297385692596436,,,,,
17,,,25419,,,3.806140184402466,,,,,
17,,,25439,,,4.2211713790893555,,,,,
17,,,25459,,,4.6164960861206055,,,,,
17,,,25479,,,3.7861013412475586,,,,,
17,,,25499,,,3.5755577087402344,,,,,
17,,,25519,,,3.9565000534057617,,,,,
17,,,25539,,,4.005313873291016,,,,,
17,,,25559,,,4.128232479095459,,,,,
17,,,25579,,,3.8193166255950928,,,,,
17,,,25599,,,4.086811542510986,,,,,
17,,,25619,,,4.302896022796631,,,,,
17,,,25639,,,5.427319526672363,,,,,
17,,,25659,,,3.120166778564453,,,,,
17,,,25679,,,3.65952467918396,,,,,
17,,,25699,,,3.6500706672668457,,,,,
17,,,25719,,,4.153276443481445,,,,,
17,,,25739,,,3.685577630996704,,,,,
17,,,25759,,,4.626445770263672,,,,,
17,,,25779,,,3.7465767860412598,,,,,
17,,,25799,,,4.442899227142334,,,,,
17,,,25819,,,3.0896854400634766,,,,,
17,,,25829,,,,0.261579692363739,0.10906758159399033,6.049659252166748,0.052165642380714417,0.1805766373872757
17,,,25829,0.2706429362297058,3.932678699493408,,,,,,
,0.0008754268391831877,0.0008754268391831877,25830,,,,,,,,
18,,,25839,,,4.049543380737305,,,,,
18,,,25859,,,3.4543230533599854,,,,,
18,,,25879,,,4.300173759460449,,,,,
18,,,25899,,,3.585059642791748,,,,,
18,,,25919,,,3.2835350036621094,,,,,
18,,,25939,,,3.8227462768554688,,,,,
18,,,25959,,,3.714290142059326,,,,,
18,,,25979,,,4.153410911560059,,,,,
18,,,25999,,,2.900364875793457,,,,,
18,,,26019,,,3.4620442390441895,,,,,
18,,,26039,,,3.8214011192321777,,,,,
18,,,26059,,,4.475089073181152,,,,,
18,,,26079,,,4.969791889190674,,,,,
18,,,26099,,,4.613439559936523,,,,,
18,,,26119,,,5.153963088989258,,,,,
18,,,26139,,,4.689792633056641,,,,,
18,,,26159,,,4.508891582489014,,,,,
18,,,26179,,,3.6087839603424072,,,,,
18,,,26199,,,4.5304718017578125,,,,,
18,,,26219,,,4.922090530395508,,,,,
18,,,26239,,,4.377810001373291,,,,,
18,,,26259,,,2.9737045764923096,,,,,
18,,,26279,,,4.171212196350098,,,,,
18,,,26299,,,3.746753215789795,,,,,
18,,,26319,,,4.379358291625977,,,,,
18,,,26339,,,4.1079487800598145,,,,,
18,,,26359,,,4.455525875091553,,,,,
18,,,26379,,,4.2589335441589355,,,,,
18,,,26399,,,4.609849452972412,,,,,
18,,,26419,,,3.725571870803833,,,,,
18,,,26439,,,2.6708414554595947,,,,,
18,,,26459,,,4.082452774047852,,,,,
18,,,26479,,,2.9358432292938232,,,,,
18,,,26499,,,4.758546829223633,,,,,
18,,,26519,,,3.3372859954833984,,,,,
18,,,26539,,,3.9341416358947754,,,,,
18,,,26559,,,2.591008186340332,,,,,
18,,,26579,,,4.653867721557617,,,,,
18,,,26599,,,4.922016143798828,,,,,
18,,,26619,,,3.02278470993042,,,,,
18,,,26639,,,3.2882003784179688,,,,,
18,,,26659,,,2.608466148376465,,,,,
18,,,26679,,,3.7095816135406494,,,,,
18,,,26699,,,3.096785068511963,,,,,
18,,,26719,,,4.519011497497559,,,,,
18,,,26739,,,6.15138578414917,,,,,
18,,,26759,,,2.7990124225616455,,,,,
18,,,26779,,,4.4624528884887695,,,,,
18,,,26799,,,3.2172868251800537,,,,,
18,,,26819,,,5.501806259155273,,,,,
18,,,26839,,,2.9591405391693115,,,,,
18,,,26859,,,5.8919477462768555,,,,,
18,,,26879,,,4.949942588806152,,,,,
18,,,26899,,,2.8425920009613037,,,,,
18,,,26919,,,3.5282859802246094,,,,,
18,,,26939,,,3.482868194580078,,,,,
18,,,26959,,,3.7147316932678223,,,,,
18,,,26979,,,3.9750044345855713,,,,,
18,,,26999,,,3.0830938816070557,,,,,
18,,,27019,,,4.0813679695129395,,,,,
18,,,27039,,,4.22529935836792,,,,,
18,,,27059,,,3.477928400039673,,,,,
18,,,27079,,,3.755484104156494,,,,,
18,,,27099,,,2.771648645401001,,,,,
18,,,27119,,,5.200149059295654,,,,,
18,,,27139,,,4.099514484405518,,,,,
18,,,27159,,,4.017572402954102,,,,,
18,,,27179,,,3.18589448928833,,,,,
18,,,27199,,,2.877162456512451,,,,,
18,,,27219,,,2.490511417388916,,,,,
18,,,27239,,,2.8695032596588135,,,,,
18,,,27259,,,2.670489549636841,,,,,
18,,,27264,,,,0.3449731767177582,0.2220984548330307,6.895543098449707,0.1844274401664734,0.20134037733078003
18,,,27264,0.2715784013271332,3.908572196960449,,,,,,
,0.0008708716652475449,0.0008708716652475449,27265,,,,,,,,
19,,,27279,,,3.397852897644043,,,,,
19,,,27299,,,4.093307971954346,,,,,
19,,,27319,,,3.5735690593719482,,,,,
19,,,27339,,,3.377704620361328,,,,,
19,,,27359,,,4.016305923461914,,,,,
19,,,27379,,,4.962716579437256,,,,,
19,,,27399,,,4.132747173309326,,,,,
19,,,27419,,,4.352738380432129,,,,,
19,,,27439,,,2.7282662391662598,,,,,
19,,,27459,,,2.104588270187378,,,,,
19,,,27479,,,5.421926021575928,,,,,
19,,,27499,,,4.5916900634765625,,,,,
19,,,27519,,,4.596137046813965,,,,,
19,,,27539,,,2.8396310806274414,,,,,
19,,,27559,,,4.814385414123535,,,,,
19,,,27579,,,4.800346851348877,,,,,
19,,,27599,,,4.443866729736328,,,,,
19,,,27619,,,3.4927799701690674,,,,,
19,,,27639,,,2.5427796840667725,,,,,
19,,,27659,,,4.061871528625488,,,,,
19,,,27679,,,4.117076396942139,,,,,
19,,,27699,,,4.6480607986450195,,,,,
19,,,27719,,,4.40427827835083,,,,,
19,,,27739,,,4.72554349899292,,,,,
19,,,27759,,,4.025460720062256,,,,,
19,,,27779,,,3.352365732192993,,,,,
19,,,27799,,,3.2121593952178955,,,,,
19,,,27819,,,4.283741474151611,,,,,
19,,,27839,,,4.794681549072266,,,,,
19,,,27859,,,4.262239933013916,,,,,
19,,,27879,,,4.293281078338623,,,,,
19,,,27899,,,3.436678409576416,,,,,
19,,,27919,,,3.5114617347717285,,,,,
19,,,27939,,,4.198376178741455,,,,,
19,,,27959,,,4.899586200714111,,,,,
19,,,27979,,,3.4234211444854736,,,,,
19,,,27999,,,3.534613609313965,,,,,
19,,,28019,,,4.099698543548584,,,,,
19,,,28039,,,3.8708059787750244,,,,,
19,,,28059,,,3.9168319702148438,,,,,
19,,,28079,,,2.957125425338745,,,,,
19,,,28099,,,4.344413757324219,,,,,
19,,,28119,,,3.6077072620391846,,,,,
19,,,28139,,,3.696669101715088,,,,,
19,,,28159,,,4.287193775177002,,,,,
19,,,28179,,,2.555290937423706,,,,,
19,,,28199,,,3.650890350341797,,,,,
19,,,28219,,,3.4606821537017822,,,,,
19,,,28239,,,4.220207691192627,,,,,
19,,,28259,,,3.8538458347320557,,,,,
19,,,28279,,,4.833134651184082,,,,,
19,,,28299,,,3.8542330265045166,,,,,
19,,,28319,,,3.831759452819824,,,,,
19,,,28339,,,2.74119234085083,,,,,
19,,,28359,,,3.69297456741333,,,,,
19,,,28379,,,5.242067337036133,,,,,
19,,,28399,,,3.1740896701812744,,,,,
19,,,28419,,,3.904215097427368,,,,,
19,,,28439,,,4.3211445808410645,,,,,
19,,,28459,,,4.2356133460998535,,,,,
19,,,28479,,,3.6921675205230713,,,,,
19,,,28499,,,3.6182117462158203,,,,,
19,,,28519,,,2.427499294281006,,,,,
19,,,28539,,,4.514077186584473,,,,,
19,,,28559,,,4.773574352264404,,,,,
19,,,28579,,,4.954315185546875,,,,,
19,,,28599,,,4.079430103302002,,,,,
19,,,28619,,,4.491623878479004,,,,,
19,,,28639,,,3.3949878215789795,,,,,
19,,,28659,,,4.388422012329102,,,,,
19,,,28679,,,4.976484298706055,,,,,
19,,,28699,,,3.531146287918091,,,,,
19,,,28699,,,,0.3290157914161682,0.20116931200027466,6.117244243621826,0.16569769382476807,0.19963619112968445
19,,,28699,0.2717743515968323,3.882612466812134,,,,,,
,0.0008657992880390016,0.0008657992880390016,28700,,,,,,,,
20,,,28719,,,4.145659446716309,,,,,
20,,,28739,,,3.529280424118042,,,,,
20,,,28759,,,4.695301055908203,,,,,
20,,,28779,,,3.818737268447876,,,,,
20,,,28799,,,3.4740240573883057,,,,,
20,,,28819,,,3.598271608352661,,,,,
20,,,28839,,,3.6988227367401123,,,,,
20,,,28859,,,3.4334871768951416,,,,,
20,,,28879,,,3.508925437927246,,,,,
20,,,28899,,,3.2900643348693848,,,,,
20,,,28919,,,2.93515944480896,,,,,
20,,,28939,,,3.333061456680298,,,,,
20,,,28959,,,3.317913055419922,,,,,
20,,,28979,,,3.765906810760498,,,,,
20,,,28999,,,4.4463958740234375,,,,,
20,,,29019,,,4.953570365905762,,,,,
20,,,29039,,,4.520261287689209,,,,,
20,,,29059,,,2.901761293411255,,,,,
20,,,29079,,,4.47398042678833,,,,,
20,,,29099,,,3.4565703868865967,,,,,
20,,,29119,,,4.529814720153809,,,,,
20,,,29139,,,4.482193946838379,,,,,
20,,,29159,,,3.563913583755493,,,,,
20,,,29179,,,2.40655779838562,,,,,
20,,,29199,,,3.207041025161743,,,,,
20,,,29219,,,4.18247127532959,,,,,
20,,,29239,,,2.985994577407837,,,,,
20,,,29259,,,3.034811496734619,,,,,
20,,,29279,,,4.872603893280029,,,,,
20,,,29299,,,3.2846693992614746,,,,,
20,,,29319,,,3.808476209640503,,,,,
20,,,29339,,,3.33957576751709,,,,,
20,,,29359,,,2.5662405490875244,,,,,
20,,,29379,,,3.928950309753418,,,,,
20,,,29399,,,2.770939588546753,,,,,
20,,,29419,,,4.6794962882995605,,,,,
20,,,29439,,,4.9125213623046875,,,,,
20,,,29459,,,2.977663278579712,,,,,
20,,,29479,,,3.8972325325012207,,,,,
20,,,29499,,,2.676264762878418,,,,,
20,,,29519,,,3.286456823348999,,,,,
20,,,29539,,,3.080418348312378,,,,,
20,,,29559,,,3.8005380630493164,,,,,
20,,,29579,,,4.3902788162231445,,,,,
20,,,29599,,,3.6573517322540283,,,,,
20,,,29619,,,5.153727054595947,,,,,
20,,,29639,,,3.253814458847046,,,,,
20,,,29659,,,4.511541843414307,,,,,
20,,,29679,,,3.045299768447876,,,,,
20,,,29699,,,5.122153282165527,,,,,
20,,,29719,,,4.02065896987915,,,,,
20,,,29739,,,4.386330604553223,,,,,
20,,,29759,,,4.142383575439453,,,,,
20,,,29779,,,4.165933609008789,,,,,
20,,,29799,,,2.85766863822937,,,,,
20,,,29819,,,3.8693881034851074,,,,,
20,,,29839,,,3.955868721008301,,,,,
20,,,29859,,,3.3839914798736572,,,,,
20,,,29879,,,5.746779441833496,,,,,
20,,,29899,,,3.9667258262634277,,,,,
20,,,29919,,,4.415802955627441,,,,,
20,,,29939,,,2.9918999671936035,,,,,
20,,,29959,,,4.4169020652771,,,,,
20,,,29979,,,4.906774997711182,,,,,
20,,,29999,,,5.669210433959961,,,,,
20,,,30019,,,3.7219364643096924,,,,,
20,,,30039,,,4.057919979095459,,,,,
20,,,30059,,,4.456007480621338,,,,,
20,,,30079,,,2.4309749603271484,,,,,
20,,,30099,,,4.484379291534424,,,,,
20,,,30119,,,4.306737899780273,,,,,
20,,,30134,,,,0.2986513078212738,0.17069011926651,5.543099880218506,0.13472160696983337,0.21571111679077148
20,,,30134,0.2740388512611389,3.8482186794281006,,,,,,
,0.0008602158874678466,0.0008602158874678466,30135,,,,,,,,
21,,,30139,,,3.718294382095337,,,,,
21,,,30159,,,4.326602935791016,,,,,
21,,,30179,,,2.585951805114746,,,,,
21,,,30199,,,4.469079494476318,,,,,
21,,,30219,,,4.027052402496338,,,,,
21,,,30239,,,3.083834409713745,,,,,
21,,,30259,,,3.243687391281128,,,,,
21,,,30279,,,3.8059825897216797,,,,,
21,,,30299,,,5.224818229675293,,,,,
21,,,30319,,,4.2708234786987305,,,,,
21,,,30339,,,3.703876495361328,,,,,
21,,,30359,,,3.1722171306610107,,,,,
21,,,30379,,,4.809421539306641,,,,,
