epoch,lr-AdamW/pg1,lr-AdamW/pg2,step,train/acc,train/loss_epoch,train/loss_step,val/acc,val/auroc,val/f1,val/loss,val/macro_precision,val/mcc,val/micro_precision,val/precision_c0,val/precision_c1,val/precision_c2,val/precision_c3,val/recall
,3.75e-05,3.75e-05,0,,,,,,,,,,,,,,,
0,,,19,,,1.0376255512237549,,,,,,,,,,,,
0,,,39,,,1.0012054443359375,,,,,,,,,,,,
0,,,59,,,0.994758129119873,,,,,,,,,,,,
0,,,79,,,1.0221110582351685,,,,,,,,,,,,
0,,,99,,,0.8114696145057678,,,,,,,,,,,,
0,,,119,,,0.9162895679473877,,,,,,,,,,,,
0,,,139,,,0.8761650919914246,,,,,,,,,,,,
0,,,151,,,,0.46271201968193054,0.7186822295188904,0.3660903573036194,0.8841388821601868,0.6428055167198181,0.30083248019218445,0.40051624178886414,0.9174041152000427,0.8829899430274963,0.5964598059654236,0.17436814308166504,0.46271201968193054
0,,,151,0.34407585859298706,0.9855648875236511,,,,,,,,,,,,,
,7.5e-05,7.5e-05,152,,,,,,,,,,,,,,,
1,,,159,,,0.9079517126083374,,,,,,,,,,,,
1,,,179,,,0.8606589436531067,,,,,,,,,,,,
1,,,199,,,0.7499096393585205,,,,,,,,,,,,
1,,,219,,,0.8845276832580566,,,,,,,,,,,,
1,,,239,,,0.818810760974884,,,,,,,,,,,,
1,,,259,,,0.8138331174850464,,,,,,,,,,,,
1,,,279,,,0.8906676769256592,,,,,,,,,,,,
1,,,299,,,0.8765227794647217,,,,,,,,,,,,
1,,,303,,,,0.5652940273284912,0.7791451811790466,0.5003573894500732,0.7351637482643127,0.5791776180267334,0.4094359874725342,0.5370428562164307,0.523669958114624,0.8596823215484619,0.6577901244163513,0.27556800842285156,0.5652940273284912
1,,,303,0.43825238943099976,0.8649386167526245,,,,,,,,,,,,,
,0.0001125,0.0001125,304,,,,,,,,,,,,,,,
2,,,319,,,0.783166229724884,,,,,,,,,,,,
2,,,339,,,0.6708232164382935,,,,,,,,,,,,
2,,,359,,,0.7124179601669312,,,,,,,,,,,,
2,,,379,,,0.6633433699607849,,,,,,,,,,,,
2,,,399,,,0.6766542196273804,,,,,,,,,,,,
2,,,419,,,0.6388222575187683,,,,,,,,,,,,
2,,,439,,,0.6113318204879761,,,,,,,,,,,,
2,,,455,,,,0.5861042737960815,0.8061469793319702,0.5236250162124634,0.6871131062507629,0.604411244392395,0.4482612609863281,0.5692386627197266,0.710742175579071,0.7718446850776672,0.638602614402771,0.2964555621147156,0.5861042737960815
2,,,455,0.5139073133468628,0.7740302085876465,,,,,,,,,,,,,
,0.00015,0.00015,456,,,,,,,,,,,,,,,
3,,,459,,,0.7900328636169434,,,,,,,,,,,,
3,,,479,,,0.7797308564186096,,,,,,,,,,,,
3,,,499,,,1.0607854127883911,,,,,,,,,,,,
3,,,519,,,0.9441009759902954,,,,,,,,,,,,
3,,,539,,,0.7701410055160522,,,,,,,,,,,,
3,,,559,,,0.6618586778640747,,,,,,,,,,,,
3,,,579,,,0.5369447469711304,,,,,,,,,,,,
3,,,599,,,0.6089298725128174,,,,,,,,,,,,
3,,,607,,,,0.5794384479522705,0.8261352777481079,0.5172803401947021,0.7290359735488892,0.6009576320648193,0.41317591071128845,0.5421658158302307,0.4560772478580475,0.9280783534049988,0.7111163139343262,0.30855855345726013,0.5794384479522705
3,,,607,0.5456792712211609,0.726682186126709,,,,,,,,,,,,,
,0.00018749999999999998,0.00018749999999999998,608,,,,,,,,,,,,,,,
4,,,619,,,0.4858524799346924,,,,,,,,,,,,
4,,,639,,,0.6953984498977661,,,,,,,,,,,,
4,,,659,,,0.9125362634658813,,,,,,,,,,,,
4,,,679,,,0.6367691159248352,,,,,,,,,,,,
4,,,699,,,0.5210943222045898,,,,,,,,,,,,
4,,,719,,,0.8215211033821106,,,,,,,,,,,,
4,,,739,,,0.6194289326667786,,,,,,,,,,,,
4,,,759,,,0.5169491171836853,,,,,,,,,,,,
4,,,759,,,,0.5759299993515015,0.8136183619499207,0.5175299048423767,0.7637209892272949,0.5781118273735046,0.40880563855171204,0.5409442186355591,0.7687681913375854,0.5414296984672546,0.7163072228431702,0.28594228625297546,0.5759299993515015
4,,,759,0.5843547582626343,0.665318489074707,,,,,,,,,,,,,
,0.000225,0.000225,760,,,,,,,,,,,,,,,
5,,,779,,,0.7192497849464417,,,,,,,,,,,,
5,,,799,,,0.48312127590179443,,,,,,,,,,,,
5,,,819,,,0.7330007553100586,,,,,,,,,,,,
5,,,839,,,0.5573633909225464,,,,,,,,,,,,
5,,,859,,,0.6926645040512085,,,,,,,,,,,,
5,,,879,,,0.5425721406936646,,,,,,,,,,,,
5,,,899,,,0.3737871050834656,,,,,,,,,,,,
5,,,911,,,,0.5821888446807861,0.8393141031265259,0.5439242124557495,0.7415056228637695,0.6184620261192322,0.4507084786891937,0.5844104886054993,0.5737185478210449,0.8784013390541077,0.5804756283760071,0.44125261902809143,0.5821888446807861
5,,,911,0.6138392090797424,0.6260104179382324,,,,,,,,,,,,,
,0.0002625,0.0002625,912,,,,,,,,,,,,,,,
6,,,919,,,0.6558701395988464,,,,,,,,,,,,
6,,,939,,,0.6442104578018188,,,,,,,,,,,,
6,,,959,,,0.4386904835700989,,,,,,,,,,,,
6,,,979,,,0.3700406551361084,,,,,,,,,,,,
6,,,999,,,0.6743186712265015,,,,,,,,,,,,
6,,,1019,,,0.6263864040374756,,,,,,,,,,,,
6,,,1039,,,0.7037404775619507,,,,,,,,,,,,
6,,,1059,,,0.4860931634902954,,,,,,,,,,,,
6,,,1063,,,,0.600303590297699,0.8331105709075928,0.5591789484024048,0.6855645179748535,0.5787473917007446,0.45067933201789856,0.581592857837677,0.5756426453590393,0.7257339358329773,0.7098486423492432,0.3037642538547516,0.600303590297699
6,,,1063,0.640225350856781,0.5802609324455261,,,,,,,,,,,,,
,0.0003,0.0003,1064,,,,,,,,,,,,,,,
7,,,1079,,,0.7327806949615479,,,,,,,,,,,,
7,,,1099,,,0.5333734750747681,,,,,,,,,,,,
7,,,1119,,,0.5955996513366699,,,,,,,,,,,,
7,,,1139,,,0.619054913520813,,,,,,,,,,,,
7,,,1159,,,0.6583144664764404,,,,,,,,,,,,
7,,,1179,,,0.41497695446014404,,,,,,,,,,,,
7,,,1199,,,0.5422557592391968,,,,,,,,,,,,
7,,,1215,,,,0.596081018447876,0.8392588496208191,0.5597936511039734,0.6636785268783569,0.5816845297813416,0.4429469108581543,0.5760955214500427,0.5025808215141296,0.7590595483779907,0.7455016374588013,0.31959617137908936,0.596081018447876
7,,,1215,0.640205979347229,0.5795519351959229,,,,,,,,,,,,,
,0.0003,0.0003,1216,,,,,,,,,,,,,,,
8,,,1219,,,0.5410851240158081,,,,,,,,,,,,
8,,,1239,,,0.9310011863708496,,,,,,,,,,,,
8,,,1259,,,0.6709638833999634,,,,,,,,,,,,
8,,,1279,,,0.3540145754814148,,,,,,,,,,,,
8,,,1299,,,0.603919506072998,,,,,,,,,,,,
8,,,1319,,,0.6176317930221558,,,,,,,,,,,,
8,,,1339,,,0.27522581815719604,,,,,,,,,,,,
8,,,1359,,,0.35355842113494873,,,,,,,,,,,,
8,,,1367,,,,0.6172696352005005,0.8458671569824219,0.5748317241668701,0.6305820345878601,0.6159445643424988,0.4812682271003723,0.6096508502960205,0.7838541865348816,0.5865254402160645,0.7336708307266235,0.3597277104854584,0.6172696352005005
8,,,1367,0.6632791757583618,0.5403066873550415,,,,,,,,,,,,,
,0.0002997263331334976,0.0002997263331334976,1368,,,,,,,,,,,,,,,
9,,,1379,,,0.4339802861213684,,,,,,,,,,,,
9,,,1399,,,0.34542492032051086,,,,,,,,,,,,
9,,,1419,,,0.5037446618080139,,,,,,,,,,,,
9,,,1439,,,0.8337557315826416,,,,,,,,,,,,
9,,,1459,,,0.5898001194000244,,,,,,,,,,,,
9,,,1479,,,0.40292155742645264,,,,,,,,,,,,
9,,,1499,,,0.6153340339660645,,,,,,,,,,,,
9,,,1519,,,0.3931964337825775,,,,,,,,,,,,
9,,,1519,,,,0.5905023813247681,0.843658983707428,0.5513932704925537,0.7390857338905334,0.5670742988586426,0.42403820157051086,0.5631698966026306,0.5031557679176331,0.598901093006134,0.8130452036857605,0.35319530963897705,0.5905023813247681
9,,,1519,0.689070463180542,0.5047538876533508,,,,,,,,,,,,,
,0.00029890633111470807,0.00029890633111470807,1520,,,,,,,,,,,,,,,
10,,,1539,,,0.5886422395706177,,,,,,,,,,,,
10,,,1559,,,0.9416781663894653,,,,,,,,,,,,
10,,,1579,,,0.6362457871437073,,,,,,,,,,,,
10,,,1599,,,1.024907112121582,,,,,,,,,,,,
10,,,1619,,,0.280622661113739,,,,,,,,,,,,
10,,,1639,,,0.29967814683914185,,,,,,,,,,,,
10,,,1659,,,0.37763530015945435,,,,,,,,,,,,
10,,,1671,,,,0.6309880614280701,0.8635591268539429,0.5929288864135742,0.6555899977684021,0.6150649785995483,0.4801560640335083,0.6045476198196411,0.49979522824287415,0.7999329566955566,0.7740830779075623,0.38644859194755554,0.6309880614280701
10,,,1671,0.6795512437820435,0.5155714154243469,,,,,,,,,,,,,
,0.00029754298604207154,0.00029754298604207154,1672,,,,,,,,,,,,,,,
11,,,1679,,,0.26955682039260864,,,,,,,,,,,,
11,,,1699,,,0.4609118103981018,,,,,,,,,,,,
11,,,1719,,,0.5228569507598877,,,,,,,,,,,,
11,,,1739,,,0.3036477565765381,,,,,,,,,,,,
11,,,1759,,,0.9630863070487976,,,,,,,,,,,,
11,,,1779,,,0.2048114836215973,,,,,,,,,,,,
11,,,1799,,,0.5935835242271423,,,,,,,,,,,,
11,,,1819,,,0.2304869294166565,,,,,,,,,,,,
11,,,1823,,,,0.6459282040596008,0.8640150427818298,0.6076409816741943,0.6266942620277405,0.6187059879302979,0.5161601305007935,0.6382408738136292,0.6632104516029358,0.6865723133087158,0.7451191544532776,0.3799220025539398,0.6459282040596008
11,,,1823,0.7103787660598755,0.46777087450027466,,,,,,,,,,,,,
,0.00029564127261390776,0.00029564127261390776,1824,,,,,,,,,,,,,,,
12,,,1839,,,0.5485458970069885,,,,,,,,,,,,
12,,,1859,,,0.5945932865142822,,,,,,,,,,,,
12,,,1879,,,0.4825252890586853,,,,,,,,,,,,
12,,,1899,,,0.18856890499591827,,,,,,,,,,,,
12,,,1919,,,0.453408420085907,,,,,,,,,,,,
12,,,1939,,,0.4884238541126251,,,,,,,,,,,,
12,,,1959,,,0.2640722990036011,,,,,,,,,,,,
12,,,1975,,,,0.6122897863388062,0.8614916801452637,0.6087673902511597,0.6335925459861755,0.6218125820159912,0.4910455048084259,0.6275811791419983,0.4881756901741028,0.7979904413223267,0.7128886580467224,0.4881954789161682,0.6122897863388062
12,,,1975,0.7214066982269287,0.45098650455474854,,,,,,,,,,,,,
,0.0002932081299762818,0.0002932081299762818,1976,,,,,,,,,,,,,,,
13,,,1979,,,0.39079034328460693,,,,,,,,,,,,
13,,,1999,,,0.5607796907424927,,,,,,,,,,,,
13,,,2019,,,0.300825834274292,,,,,,,,,,,,
13,,,2039,,,0.41821718215942383,,,,,,,,,,,,
13,,,2059,,,0.17196796834468842,,,,,,,,,,,,
13,,,2079,,,0.16158871352672577,,,,,,,,,,,,
13,,,2099,,,0.3898680806159973,,,,,,,,,,,,
13,,,2119,,,0.7258830070495605,,,,,,,,,,,,
13,,,2127,,,,0.5072190761566162,0.8195493221282959,0.5097208023071289,1.1807775497436523,0.5960223078727722,0.3943427503108978,0.5423234701156616,0.4000454545021057,0.6354061365127563,0.8125,0.5361376404762268,0.5072190761566162
13,,,2127,0.7318269610404968,0.4255799651145935,,,,,,,,,,,,,
,0.00029025243640281223,0.00029025243640281223,2128,,,,,,,,,,,,,,,
14,,,2139,,,0.47697365283966064,,,,,,,,,,,,
14,,,2159,,,0.21047207713127136,,,,,,,,,,,,
14,,,2179,,,0.7948988080024719,,,,,,,,,,,,
14,,,2199,,,0.4067354202270508,,,,,,,,,,,,
14,,,2219,,,0.6526079177856445,,,,,,,,,,,,
14,,,2239,,,0.25532546639442444,,,,,,,,,,,,
14,,,2259,,,0.10388870537281036,,,,,,,,,,,,
14,,,2279,,,0.19060204923152924,,,,,,,,,,,,
14,,,2279,,,,0.6327217817306519,0.8722906112670898,0.6094345450401306,0.6291162967681885,0.6309001445770264,0.5027450323104858,0.6275614500045776,0.5081767439842224,0.8205952644348145,0.7562426328659058,0.4385857582092285,0.6327217817306519
14,,,2279,0.7694819569587708,0.3643651008605957,,,,,,,,,,,,,
,0.0002867849768988135,0.0002867849768988135,2280,,,,,,,,,,,,,,,
15,,,2299,,,0.37679463624954224,,,,,,,,,,,,
15,,,2319,,,0.14754056930541992,,,,,,,,,,,,
15,,,2339,,,0.14799100160598755,,,,,,,,,,,,
15,,,2359,,,0.2061324417591095,,,,,,,,,,,,
15,,,2379,,,0.5554869771003723,,,,,,,,,,,,
15,,,2399,,,0.6924797296524048,,,,,,,,,,,,
15,,,2419,,,0.17629462480545044,,,,,,,,,,,,
15,,,2431,,,,0.5930874347686768,0.8400325775146484,0.5736272931098938,0.9979214668273926,0.5833820104598999,0.43455755710601807,0.5801544785499573,0.5207886695861816,0.5422976613044739,0.8145882487297058,0.45585349202156067,0.5930874347686768
15,,,2431,0.772818922996521,0.3639867603778839,,,,,,,,,,,,,
,0.0002828184038479814,0.0002828184038479814,2432,,,,,,,,,,,,,,,
16,,,2439,,,0.17142757773399353,,,,,,,,,,,,
16,,,2459,,,0.4109199643135071,,,,,,,,,,,,
16,,,2479,,,0.479864239692688,,,,,,,,,,,,
16,,,2499,,,0.259440541267395,,,,,,,,,,,,
16,,,2519,,,0.5803642272949219,,,,,,,,,,,,
16,,,2539,,,0.9520900845527649,,,,,,,,,,,,
16,,,2559,,,0.09609644114971161,,,,,,,,,,,,
16,,,2579,,,0.3166346549987793,,,,,,,,,,,,
16,,,2583,,,,0.4756290018558502,0.8380136489868164,0.47860583662986755,1.1154428720474243,0.6230312585830688,0.3812921643257141,0.5197430849075317,0.3541836142539978,0.7931736707687378,0.7969017028808594,0.5478662252426147,0.4756290018558502
16,,,2583,0.7788786888122559,0.36140236258506775,,,,,,,,,,,,,
,0.0002783671908452171,0.0002783671908452171,2584,,,,,,,,,,,,,,,
17,,,2599,,,0.34716635942459106,,,,,,,,,,,,
17,,,2619,,,0.2518073320388794,,,,,,,,,,,,
17,,,2639,,,0.3593238592147827,,,,,,,,,,,,
17,,,2659,,,0.3006371259689331,,,,,,,,,,,,
17,,,2679,,,0.08025115728378296,,,,,,,,,,,,
17,,,2699,,,0.7120866775512695,,,,,,,,,,,,
17,,,2719,,,0.18565505743026733,,,,,,,,,,,,
17,,,2735,,,,0.5852727890014648,0.8470878601074219,0.5714312791824341,1.0009512901306152,0.5957914590835571,0.43464815616607666,0.5768639445304871,0.4715866446495056,0.5930843949317932,0.8190544843673706,0.499440461397171,0.5852727890014648
17,,,2735,0.7740988731384277,0.3665916919708252,,,,,,,,,,,,,
,0.00027344757988404845,0.00027344757988404845,2736,,,,,,,,,,,,,,,
18,,,2739,,,0.15506358444690704,,,,,,,,,,,,
18,,,2759,,,0.11875337362289429,,,,,,,,,,,,
18,,,2779,,,0.7046599388122559,,,,,,,,,,,,
18,,,2799,,,0.10697471350431442,,,,,,,,,,,,
18,,,2819,,,0.14706452190876007,,,,,,,,,,,,
18,,,2839,,,0.3009127974510193,,,,,,,,,,,,
18,,,2859,,,0.2960105538368225,,,,,,,,,,,,
18,,,2879,,,0.16324061155319214,,,,,,,,,,,,
18,,,2887,,,,0.5846537351608276,0.832516074180603,0.5378170013427734,1.1325416564941406,0.6126701235771179,0.4293913245201111,0.5633866786956787,0.8167202472686768,0.4904922842979431,0.7718691229820251,0.3715987205505371,0.5846537351608276
18,,,2887,0.7922037839889526,0.3417632579803467,,,,,,,,,,,,,
,0.0002680775220913575,0.0002680775220913575,2888,,,,,,,,,,,,,,,
19,,,2899,,,0.1440299153327942,,,,,,,,,,,,
19,,,2919,,,0.620527982711792,,,,,,,,,,,,
19,,,2939,,,0.16731521487236023,,,,,,,,,,,,
19,,,2959,,,0.5181504487991333,,,,,,,,,,,,
19,,,2979,,,0.11219283938407898,,,,,,,,,,,,
19,,,2999,,,0.2846556305885315,,,,,,,,,,,,
19,,,3019,,,0.5706329345703125,,,,,,,,,,,,
19,,,3039,,,0.12176239490509033,,,,,,,,,,,,
19,,,3039,,,,0.635952353477478,0.8645764589309692,0.6166056394577026,0.6367626786231995,0.6153238415718079,0.513103187084198,0.6418269276618958,0.5736498832702637,0.7372477054595947,0.7486505508422852,0.4017472267150879,0.635952353477478
19,,,3039,0.7884103059768677,0.3405190408229828,,,,,,,,,,,,,
,0.00026227661222566516,0.00026227661222566516,3040,,,,,,,,,,,,,,,
20,,,3059,,,0.748096227645874,,,,,,,,,,,,
20,,,3079,,,0.05227278172969818,,,,,,,,,,,,
20,,,3099,,,0.3965711295604706,,,,,,,,,,,,
20,,,3119,,,0.4150252640247345,,,,,,,,,,,,
20,,,3139,,,0.7102324366569519,,,,,,,,,,,,
20,,,3159,,,0.06146113947033882,,,,,,,,,,,,
20,,,3179,,,0.12880364060401917,,,,,,,,,,,,
20,,,3191,,,,0.5351083278656006,0.836641788482666,0.5417194962501526,1.168150782585144,0.618598222732544,0.4195970594882965,0.5577908158302307,0.38901829719543457,0.7304103374481201,0.8198425769805908,0.5351216793060303,0.5351083278656006
20,,,3191,0.7982226610183716,0.32551684975624084,,,,,,,,,,,,,
,0.00025606601717798207,0.00025606601717798207,3192,,,,,,,,,,,,,,,
21,,,3199,,,0.13608071208000183,,,,,,,,,,,,
21,,,3219,,,0.049542829394340515,,,,,,,,,,,,
21,,,3239,,,0.24621379375457764,,,,,,,,,,,,
21,,,3259,,,0.11446122825145721,,,,,,,,,,,,
21,,,3279,,,0.08238914608955383,,,,,,,,,,,,
21,,,3299,,,0.4882590174674988,,,,,,,,,,,,
21,,,3319,,,0.6934542655944824,,,,,,,,,,,,
21,,,3339,,,0.4983256161212921,,,,,,,,,,,,
21,,,3343,,,,0.5520877838134766,0.8539658188819885,0.5509443879127502,0.9283235669136047,0.6919881105422974,0.49957895278930664,0.6341227889060974,0.8556906580924988,0.5557971000671387,0.664659321308136,0.6918052434921265,0.5520877838134766
21,,,3343,0.7964383959770203,0.32469725608825684,,,,,,,,,,,,,
,0.00024946839873611924,0.00024946839873611924,3344,,,,,,,,,,,,,,,
22,,,3359,,,0.07979021221399307,,,,,,,,,,,,
22,,,3379,,,0.26217854022979736,,,,,,,,,,,,
22,,,3399,,,0.11163771152496338,,,,,,,,,,,,
22,,,3419,,,0.5957499146461487,,,,,,,,,,,,
22,,,3439,,,0.5625706315040588,,,,,,,,,,,,
22,,,3459,,,0.096547432243824,,,,,,,,,,,,
22,,,3479,,,0.03762752562761307,,,,,,,,,,,,
22,,,3495,,,,0.5939750075340271,0.8663056492805481,0.6064035296440125,0.8356153964996338,0.6648261547088623,0.5195568203926086,0.6542007923126221,0.6298968195915222,0.5716966986656189,0.7767756581306458,0.6809353828430176,0.5939750075340271
22,,,3495,0.8190274238586426,0.2907257378101349,,,,,,,,,,,,,
,0.00024250783089428148,0.00024250783089428148,3496,,,,,,,,,,,,,,,
23,,,3499,,,0.5257763862609863,,,,,,,,,,,,
23,,,3519,,,0.5085865259170532,,,,,,,,,,,,
23,,,3539,,,0.10530104488134384,,,,,,,,,,,,
23,,,3559,,,0.03649961203336716,,,,,,,,,,,,
23,,,3579,,,0.7718473672866821,,,,,,,,,,,,
23,,,3599,,,0.5037490129470825,,,,,,,,,,,,
23,,,3619,,,0.06268760561943054,,,,,,,,,,,,
23,,,3639,,,0.06527499854564667,,,,,,,,,,,,
23,,,3647,,,,0.6050355434417725,0.8614403009414673,0.6059930324554443,0.9616175293922424,0.6290114521980286,0.49668022990226746,0.6317780613899231,0.5454612970352173,0.604461133480072,0.7998338341712952,0.5662896037101746,0.6050355434417725
23,,,3647,0.8376131057739258,0.260487824678421,,,,,,,,,,,,,
,0.00023520971200967334,0.00023520971200967334,3648,,,,,,,,,,,,,,,
24,,,3659,,,0.20512883365154266,,,,,,,,,,,,
24,,,3679,,,0.04242943227291107,,,,,,,,,,,,
24,,,3699,,,0.16073009371757507,,,,,,,,,,,,
24,,,3719,,,0.6712967753410339,,,,,,,,,,,,
24,,,3739,,,0.07325111329555511,,,,,,,,,,,,
24,,,3759,,,0.4829444885253906,,,,,,,,,,,,
24,,,3779,,,0.5000879764556885,,,,,,,,,,,,
24,,,3799,,,0.04512866586446762,,,,,,,,,,,,
24,,,3799,,,,0.6293544173240662,0.8599511384963989,0.5773524045944214,0.9743625521659851,0.6295103430747986,0.49758946895599365,0.6127246022224426,0.6673651337623596,0.8408122062683105,0.6675471067428589,0.34231701493263245,0.6293544173240662
24,,,3799,0.8350926041603088,0.2619440257549286,,,,,,,,,,,,,
,0.0002276006721266485,0.0002276006721266485,3800,,,,,,,,,,,,,,,
25,,,3819,,,0.04912535473704338,,,,,,,,,,,,
25,,,3839,,,0.03898210823535919,,,,,,,,,,,,
25,,,3859,,,0.060996562242507935,,,,,,,,,,,,
25,,,3879,,,0.5356926918029785,,,,,,,,,,,,
25,,,3899,,,0.027788285166025162,,,,,,,,,,,,
25,,,3919,,,0.5074939727783203,,,,,,,,,,,,
25,,,3939,,,0.034171171486377716,,,,,,,,,,,,
25,,,3951,,,,0.598334014415741,0.8456696271896362,0.5789008140563965,1.039223313331604,0.640392541885376,0.4736265242099762,0.6075228452682495,0.5310673713684082,0.8953241109848022,0.6011414527893066,0.534037172794342,0.598334014415741
25,,,3951,0.8431218266487122,0.25180405378341675,,,,,,,,,,,,,
,0.00021970847580656525,0.00021970847580656525,3952,,,,,,,,,,,,,,,
26,,,3959,,,0.07558456063270569,,,,,,,,,,,,
26,,,3979,,,0.01746809482574463,,,,,,,,,,,,
26,,,3999,,,0.03972109034657478,,,,,,,,,,,,
26,,,4019,,,0.5190261602401733,,,,,,,,,,,,
26,,,4039,,,0.6338281035423279,,,,,,,,,,,,
26,,,4059,,,0.45650213956832886,,,,,,,,,,,,
26,,,4079,,,0.08478830754756927,,,,,,,,,,,,
26,,,4099,,,0.34666186571121216,,,,,,,,,,,,
26,,,4103,,,,0.5096002221107483,0.8299481868743896,0.5170327425003052,1.3918969631195068,0.6905252933502197,0.4233947992324829,0.5606281757354736,0.37175047397613525,0.9001590609550476,0.7451053857803345,0.7450863718986511,0.5096002221107483
26,,,4103,0.8363562226295471,0.25998029112815857,,,,,,,,,,,,,
,0.0002115619208179135,0.0002115619208179135,4104,,,,,,,,,,,,,,,
27,,,4119,,,0.2941665053367615,,,,,,,,,,,,
27,,,4139,,,0.5814424157142639,,,,,,,,,,,,
27,,,4159,,,0.04663284122943878,,,,,,,,,,,,
27,,,4179,,,0.08043606579303741,,,,,,,,,,,,
27,,,4199,,,0.06048044562339783,,,,,,,,,,,,
27,,,4219,,,0.3867616653442383,,,,,,,,,,,,
27,,,4239,,,0.07963421940803528,,,,,,,,,,,,
27,,,4255,,,,0.6370607614517212,0.8623886108398438,0.6225830316543579,0.8311965465545654,0.6351730823516846,0.5107341408729553,0.6413540244102478,0.5517824292182922,0.807563841342926,0.6691264510154724,0.5122195482254028,0.6370607614517212
27,,,4255,0.8418566584587097,0.24985328316688538,,,,,,,,,,,,,
,0.0002031907330563803,0.0002031907330563803,4256,,,,,,,,,,,,,,,
28,,,4259,,,0.49616461992263794,,,,,,,,,,,,
28,,,4279,,,0.6856573820114136,,,,,,,,,,,,
28,,,4299,,,0.5242682099342346,,,,,,,,,,,,
28,,,4319,,,0.24001914262771606,,,,,,,,,,,,
28,,,4339,,,0.027403954416513443,,,,,,,,,,,,
28,,,4359,,,0.4985811114311218,,,,,,,,,,,,
28,,,4379,,,0.5017664432525635,,,,,,,,,,,,
28,,,4399,,,0.02794824354350567,,,,,,,,,,,,
28,,,4407,,,,0.6594798564910889,0.8683449029922485,0.6414340138435364,0.9069229364395142,0.6517561674118042,0.532721757888794,0.6565849781036377,0.5756852626800537,0.8140963315963745,0.6833668351173401,0.5338760614395142,0.6594798564910889
28,,,4407,0.8507843017578125,0.23805896937847137,,,,,,,,,,,,,
,0.00019462545807828044,0.00019462545807828044,4408,,,,,,,,,,,,,,,
29,,,4419,,,0.030146554112434387,,,,,,,,,,,,
29,,,4439,,,0.046217821538448334,,,,,,,,,,,,
29,,,4459,,,0.009821336716413498,,,,,,,,,,,,
29,,,4479,,,0.033192090690135956,,,,,,,,,,,,
29,,,4499,,,0.583458662033081,,,,,,,,,,,,
29,,,4519,,,0.01319122314453125,,,,,,,,,,,,
29,,,4539,,,0.06074194610118866,,,,,,,,,,,,
29,,,4559,,,0.5320683717727661,,,,,,,,,,,,
29,,,4559,,,,0.6542168259620667,0.864147961139679,0.6170375347137451,0.8893972039222717,0.6308590173721313,0.5310871005058289,0.6483094096183777,0.6747625470161438,0.7391647100448608,0.7377303242683411,0.37177857756614685,0.6542168259620667
29,,,4559,0.8527849316596985,0.23188671469688416,,,,,,,,,,,,,
,0.00018589734964313365,0.00018589734964313365,4560,,,,,,,,,,,,,,,
30,,,4579,,,0.07977093756198883,,,,,,,,,,,,
30,,,4599,,,0.023799443617463112,,,,,,,,,,,,
30,,,4619,,,0.5780551433563232,,,,,,,,,,,,
30,,,4639,,,0.515368640422821,,,,,,,,,,,,
30,,,4659,,,0.0920809656381607,,,,,,,,,,,,
30,,,4679,,,0.5949990153312683,,,,,,,,,,,,
30,,,4699,,,0.06324233114719391,,,,,,,,,,,,
30,,,4711,,,,0.6624123454093933,0.8683809638023376,0.6451317071914673,0.9253987073898315,0.641814112663269,0.5411639213562012,0.6646437644958496,0.5995504856109619,0.7655327320098877,0.7233948707580566,0.4787784814834595,0.6624123454093933
30,,,4711,0.8527260422706604,0.23160801827907562,,,,,,,,,,,,,
,0.00017703825567208587,0.00017703825567208587,4712,,,,,,,,,,,,,,,
31,,,4719,,,0.017084365710616112,,,,,,,,,,,,
31,,,4739,,,0.5956564545631409,,,,,,,,,,,,
31,,,4759,,,0.38751426339149475,,,,,,,,,,,,
31,,,4779,,,0.6177927851676941,,,,,,,,,,,,
31,,,4799,,,0.05615682899951935,,,,,,,,,,,,
31,,,4819,,,0.2170468270778656,,,,,,,,,,,,
31,,,4839,,,0.6355538368225098,,,,,,,,,,,,
31,,,4859,,,0.012463944032788277,,,,,,,,,,,,
31,,,4863,,,,0.6610671281814575,0.8690609335899353,0.6423466205596924,0.962864100933075,0.6446187496185303,0.5466431975364685,0.667382538318634,0.6013235449790955,0.7955932021141052,0.7228437662124634,0.45871445536613464,0.6610671281814575
31,,,4863,0.8492609262466431,0.23792003095149994,,,,,,,,,,,,,
,0.00016808050203829842,0.00016808050203829842,4864,,,,,,,,,,,,,,,
32,,,4879,,,0.3730919659137726,,,,,,,,,,,,
32,,,4899,,,0.00621279701590538,,,,,,,,,,,,
32,,,4919,,,0.6921149492263794,,,,,,,,,,,,
32,,,4939,,,0.026688627898693085,,,,,,,,,,,,
32,,,4959,,,0.053701288998126984,,,,,,,,,,,,
32,,,4979,,,0.3513215184211731,,,,,,,,,,,,
32,,,4999,,,0.48868536949157715,,,,,,,,,,,,
32,,,5015,,,,0.6745461225509644,0.8691272735595703,0.6492999196052551,0.9404116272926331,0.659138023853302,0.5673527717590332,0.6806037425994873,0.7046933174133301,0.755185067653656,0.7135158181190491,0.46315789222717285,0.6745461225509644
32,,,5015,0.8682339191436768,0.2100100964307785,,,,,,,,,,,,,
,0.0001590567746133429,0.0001590567746133429,5016,,,,,,,,,,,,,,,
33,,,5019,,,0.21929284930229187,,,,,,,,,,,,
33,,,5039,,,0.05799367278814316,,,,,,,,,,,,
33,,,5059,,,0.032993849366903305,,,,,,,,,,,,
33,,,5079,,,0.027829328551888466,,,,,,,,,,,,
33,,,5099,,,0.007756700739264488,,,,,,,,,,,,
33,,,5119,,,0.30316489934921265,,,,,,,,,,,,
33,,,5139,,,0.023785363882780075,,,,,,,,,,,,
33,,,5159,,,0.0020306045189499855,,,,,,,,,,,,
33,,,5167,,,,0.6524337530136108,0.870434582233429,0.6306001543998718,1.0506631135940552,0.634339451789856,0.5368652939796448,0.6596193313598633,0.6863481402397156,0.6664309501647949,0.7515740394592285,0.43300455808639526,0.6524337530136108
33,,,5167,0.8744845390319824,0.19499702751636505,,,,,,,,,,,,,
,0.00015,0.00015,5168,,,,,,,,,,,,,,,
34,,,5179,,,0.21743525564670563,,,,,,,,,,,,
34,,,5199,,,0.22073709964752197,,,,,,,,,,,,
34,,,5219,,,0.3492613136768341,,,,,,,,,,,,
34,,,5239,,,0.4986151456832886,,,,,,,,,,,,
34,,,5259,,,0.1893310844898224,,,,,,,,,,,,
34,,,5279,,,0.33968329429626465,,,,,,,,,,,,
34,,,5299,,,0.3527485728263855,,,,,,,,,,,,
34,,,5319,,,0.014656106010079384,,,,,,,,,,,,
34,,,5319,,,,0.6740767955780029,0.8747103810310364,0.6477557420730591,0.8706847429275513,0.6543934941291809,0.5616755485534668,0.6768206357955933,0.7076959013938904,0.7364266514778137,0.7225672602653503,0.4508841931819916,0.6740767955780029
34,,,5319,0.8686515688896179,0.204175665974617,,,,,,,,,,,,,
,0.00014094322538665707,0.00014094322538665707,5320,,,,,,,,,,,,,,,
35,,,5339,,,0.006761319003999233,,,,,,,,,,,,
35,,,5359,,,0.37564003467559814,,,,,,,,,,,,
35,,,5379,,,0.3439255356788635,,,,,,,,,,,,
35,,,5399,,,0.015094568952918053,,,,,,,,,,,,
35,,,5419,,,0.001987733179703355,,,,,,,,,,,,
35,,,5439,,,0.005541718564927578,,,,,,,,,,,,
35,,,5459,,,0.39740779995918274,,,,,,,,,,,,
35,,,5471,,,,0.591215193271637,0.8509331345558167,0.6031477451324463,1.28239107131958,0.6645607948303223,0.5065313577651978,0.6407629251480103,0.7037683129310608,0.5438641905784607,0.7429577708244324,0.6676528453826904,0.591215193271637
35,,,5471,0.8606584072113037,0.2129441797733307,,,,,,,,,,,,,
,0.00013191949796170156,0.00013191949796170156,5472,,,,,,,,,,,,,,,
36,,,5479,,,0.02383406274020672,,,,,,,,,,,,
36,,,5499,,,0.444070965051651,,,,,,,,,,,,
36,,,5519,,,0.01721915788948536,,,,,,,,,,,,
36,,,5539,,,0.007041926495730877,,,,,,,,,,,,
36,,,5559,,,0.021133840084075928,,,,,,,,,,,,
36,,,5579,,,0.40246689319610596,,,,,,,,,,,,
36,,,5599,,,0.6368186473846436,,,,,,,,,,,,
36,,,5619,,,0.22456993162631989,,,,,,,,,,,,
36,,,5623,,,,0.6107814908027649,0.8636865615844727,0.6189959049224854,1.2674837112426758,0.655254602432251,0.5067148208618164,0.6396595239639282,0.6143259406089783,0.5647861957550049,0.7923562526702881,0.6495500206947327,0.6107814908027649
36,,,5623,0.8742894530296326,0.19646574556827545,,,,,,,,,,,,,
,0.00012296174432791413,0.00012296174432791413,5624,,,,,,,,,,,,,,,
37,,,5639,,,0.16132330894470215,,,,,,,,,,,,
37,,,5659,,,0.49190759658813477,,,,,,,,,,,,
37,,,5679,,,0.6936339139938354,,,,,,,,,,,,
37,,,5699,,,0.31580913066864014,,,,,,,,,,,,
37,,,5719,,,0.33194848895072937,,,,,,,,,,,,
37,,,5739,,,0.49683502316474915,,,,,,,,,,,,
37,,,5759,,,0.33614110946655273,,,,,,,,,,,,
37,,,5775,,,,0.655911922454834,0.8712383508682251,0.6481726169586182,0.9879754781723022,0.6434094905853271,0.5417107939720154,0.6687618494033813,0.6200287342071533,0.6795048117637634,0.7437322735786438,0.5303720235824585,0.655911922454834
37,,,5775,0.8664658069610596,0.2030731737613678,,,,,,,,,,,,,
,0.00011410265035686637,0.00011410265035686637,5776,,,,,,,,,,,,,,,
38,,,5779,,,0.002425549319013953,,,,,,,,,,,,
38,,,5799,,,0.31294190883636475,,,,,,,,,,,,
38,,,5819,,,0.5083128809928894,,,,,,,,,,,,
38,,,5839,,,0.005490288604050875,,,,,,,,,,,,
38,,,5859,,,0.023449542000889778,,,,,,,,,,,,
38,,,5879,,,0.005719717592000961,,,,,,,,,,,,
38,,,5899,,,0.0012230013962835073,,,,,,,,,,,,
38,,,5919,,,0.29172462224960327,,,,,,,,,,,,
38,,,5927,,,,0.638473629951477,0.8744666576385498,0.6469435095787048,0.9611223936080933,0.6603621244430542,0.5418407917022705,0.6721705794334412,0.5815266370773315,0.6926562786102295,0.731991171836853,0.6352744102478027,0.638473629951477
38,,,5927,0.8751262426376343,0.20273031294345856,,,,,,,,,,,,,
,0.00010537454192171957,0.00010537454192171957,5928,,,,,,,,,,,,,,,
39,,,5939,,,0.00632525235414505,,,,,,,,,,,,
39,,,5959,,,0.31854718923568726,,,,,,,,,,,,
39,,,5979,,,0.01138300821185112,,,,,,,,,,,,
39,,,5999,,,0.009921355172991753,,,,,,,,,,,,
39,,,6019,,,0.0034420746378600597,,,,,,,,,,,,
39,,,6039,,,0.3418443202972412,,,,,,,,,,,,
39,,,6059,,,0.004026659764349461,,,,,,,,,,,,
39,,,6079,,,0.0008851753082126379,,,,,,,,,,,,
39,,,6079,,,,0.6530646085739136,0.8775495290756226,0.6502753496170044,1.0360283851623535,0.6516388654708862,0.5425054430961609,0.6685647964477539,0.593854546546936,0.6561235785484314,0.7847381830215454,0.5718390941619873,0.6530646085739136
39,,,6079,0.8837913870811462,0.1852835714817047,,,,,,,,,,,,,
,9.680926694361964e-05,9.680926694361964e-05,6080,,,,,,,,,,,,,,,
40,,,6099,,,0.334673136472702,,,,,,,,,,,,
40,,,6119,,,0.21846690773963928,,,,,,,,,,,,
40,,,6139,,,0.20232664048671722,,,,,,,,,,,,
40,,,6159,,,0.0038518691435456276,,,,,,,,,,,,
40,,,6179,,,0.010796952992677689,,,,,,,,,,,,
40,,,6199,,,0.348055899143219,,,,,,,,,,,,
40,,,6219,,,0.4087347090244293,,,,,,,,,,,,
40,,,6231,,,,0.5913335084915161,0.8557796478271484,0.5942512154579163,1.1237170696258545,0.6253986358642578,0.48666366934776306,0.625788152217865,0.4690161645412445,0.8309561014175415,0.6968798637390137,0.5047422647476196,0.5913335084915161
40,,,6231,0.8673042058944702,0.2061670571565628,,,,,,,,,,,,,
,8.84380791820865e-05,8.84380791820865e-05,6232,,,,,,,,,,,,,,,
41,,,6239,,,0.2344517558813095,,,,,,,,,,,,
41,,,6259,,,0.30090898275375366,,,,,,,,,,,,
41,,,6279,,,0.0009584086365066469,,,,,,,,,,,,
41,,,6299,,,0.2910606861114502,,,,,,,,,,,,
41,,,6319,,,0.4370429515838623,,,,,,,,,,,,
41,,,6339,,,0.0005654317792505026,,,,,,,,,,,,
41,,,6359,,,0.5766412615776062,,,,,,,,,,,,
41,,,6379,,,0.20432224869728088,,,,,,,,,,,,
41,,,6383,,,,0.656487226486206,0.8718185424804688,0.6242064237594604,0.9666039943695068,0.6414568424224854,0.5355376601219177,0.6529594659805298,0.6646092534065247,0.8032432198524475,0.6901335120201111,0.4078415632247925,0.656487226486206
41,,,6383,0.8774123191833496,0.1901794821023941,,,,,,,,,,,,,
,8.02915241934347e-05,8.02915241934347e-05,6384,,,,,,,,,,,,,,,
42,,,6399,,,0.008739300072193146,,,,,,,,,,,,
42,,,6419,,,0.005189589690417051,,,,,,,,,,,,
42,,,6439,,,0.13812753558158875,,,,,,,,,,,,
42,,,6459,,,0.00551356328651309,,,,,,,,,,,,
42,,,6479,,,0.20196206867694855,,,,,,,,,,,,
42,,,6499,,,0.0007045547245070338,,,,,,,,,,,,
42,,,6519,,,0.012748939916491508,,,,,,,,,,,,
42,,,6535,,,,0.6137581467628479,0.8617651462554932,0.6235902309417725,1.2151607275009155,0.6470903158187866,0.5188260674476624,0.6543781757354736,0.5851336717605591,0.6140611171722412,0.7739289999008179,0.6152375936508179,0.6137581467628479
42,,,6535,0.8705464601516724,0.20170550048351288,,,,,,,,,,,,,
,7.239932787335146e-05,7.239932787335146e-05,6536,,,,,,,,,,,,,,,
43,,,6539,,,0.5052175521850586,,,,,,,,,,,,
43,,,6559,,,0.274017333984375,,,,,,,,,,,,
43,,,6579,,,0.0036123129539191723,,,,,,,,,,,,
43,,,6599,,,0.22808729112148285,,,,,,,,,,,,
43,,,6619,,,0.000694989925250411,,,,,,,,,,,,
43,,,6639,,,0.0035601439885795116,,,,,,,,,,,,
43,,,6659,,,0.3973427414894104,,,,,,,,,,,,
43,,,6679,,,0.0015284003457054496,,,,,,,,,,,,
43,,,6687,,,,0.6385434865951538,0.8690547943115234,0.6386958360671997,0.9502749443054199,0.646364688873291,0.5353917479515076,0.6648998856544495,0.5578612089157104,0.768763542175293,0.698759913444519,0.5600742697715759,0.6385434865951538
43,,,6687,0.8650758266448975,0.2105485051870346,,,,,,,,,,,,,
,6.479028799032664e-05,6.479028799032664e-05,6688,,,,,,,,,,,,,,,
44,,,6699,,,0.002276048297062516,,,,,,,,,,,,
44,,,6719,,,0.0158427432179451,,,,,,,,,,,,
44,,,6739,,,0.3677554130554199,,,,,,,,,,,,
44,,,6759,,,0.004293432459235191,,,,,,,,,,,,
44,,,6779,,,0.3625631332397461,,,,,,,,,,,,
44,,,6799,,,0.004273880273103714,,,,,,,,,,,,
44,,,6819,,,0.5419874787330627,,,,,,,,,,,,
44,,,6839,,,0.0004661608545575291,,,,,,,,,,,,
44,,,6839,,,,0.6654344201087952,0.8805705904960632,0.6658586263656616,0.940608024597168,0.6704341769218445,0.5736047625541687,0.6935687065124512,0.6722642779350281,0.6903901100158691,0.741183340549469,0.5778989195823669,0.6654344201087952
44,,,6839,0.8850027918815613,0.17791402339935303,,,,,,,,,,,,,
,5.7492169105718535e-05,5.7492169105718535e-05,6840,,,,,,,,,,,,,,,
45,,,6859,,,0.0003941890608984977,,,,,,,,,,,,
45,,,6879,,,0.14407935738563538,,,,,,,,,,,,
45,,,6899,,,0.5729148387908936,,,,,,,,,,,,
45,,,6919,,,0.0012060398003086448,,,,,,,,,,,,
45,,,6939,,,0.0004969259025529027,,,,,,,,,,,,
45,,,6959,,,0.002224215306341648,,,,,,,,,,,,
45,,,6979,,,0.0014636717969551682,,,,,,,,,,,,
45,,,6991,,,,0.6384209990501404,0.8681308031082153,0.6380497217178345,1.1965497732162476,0.64165198802948,0.531060516834259,0.661057710647583,0.606867790222168,0.6356022953987122,0.7742509245872498,0.5498870611190796,0.6384209990501404
45,,,6991,0.8740043640136719,0.1987411081790924,,,,,,,,,,,,,
,5.0531601263880747e-05,5.0531601263880747e-05,6992,,,,,,,,,,,,,,,
46,,,6999,,,0.02410496398806572,,,,,,,,,,,,
46,,,7019,,,0.002628467744216323,,,,,,,,,,,,
46,,,7039,,,0.3847055435180664,,,,,,,,,,,,
46,,,7059,,,0.2973308563232422,,,,,,,,,,,,
46,,,7079,,,0.0023604410234838724,,,,,,,,,,,,
46,,,7099,,,0.005974038038402796,,,,,,,,,,,,
46,,,7119,,,0.0017015058547258377,,,,,,,,,,,,
46,,,7139,,,0.22477281093597412,,,,,,,,,,,,
46,,,7143,,,,0.6570566296577454,0.8749381303787231,0.6534648537635803,0.953678548336029,0.65910804271698,0.5652065873146057,0.6860222220420837,0.6592967510223389,0.7359397411346436,0.7087795734405518,0.5324161648750305,0.6570566296577454
46,,,7143,0.8729264736175537,0.1946646273136139,,,,,,,,,,,,,
,4.3933982822017876e-05,4.3933982822017876e-05,7144,,,,,,,,,,,,,,,
47,,,7159,,,0.0034938447643071413,,,,,,,,,,,,
47,,,7179,,,0.0002870362950488925,,,,,,,,,,,,
47,,,7199,,,0.36370915174484253,,,,,,,,,,,,
47,,,7219,,,0.268270879983902,,,,,,,,,,,,
47,,,7239,,,0.30055850744247437,,,,,,,,,,,,
47,,,7259,,,0.26238930225372314,,,,,,,,,,,,
47,,,7279,,,0.5174036622047424,,,,,,,,,,,,
47,,,7295,,,,0.587050199508667,0.8553628921508789,0.6001017093658447,1.268053412437439,0.6547039747238159,0.5043050646781921,0.6444475054740906,0.4945787787437439,0.6940702795982361,0.754570484161377,0.6755964756011963,0.587050199508667
47,,,7295,0.899053156375885,0.15732824802398682,,,,,,,,,,,,,
,3.7723387774334816e-05,3.7723387774334816e-05,7296,,,,,,,,,,,,,,,
48,,,7299,,,0.13333186507225037,,,,,,,,,,,,
48,,,7319,,,0.006737039424479008,,,,,,,,,,,,
48,,,7339,,,0.0015430054627358913,,,,,,,,,,,,
48,,,7359,,,0.2267528772354126,,,,,,,,,,,,
48,,,7379,,,0.010061722248792648,,,,,,,,,,,,
48,,,7399,,,0.002463890705257654,,,,,,,,,,,,
48,,,7419,,,0.002932268427684903,,,,,,,,,,,,
48,,,7439,,,0.0012767184525728226,,,,,,,,,,,,
48,,,7447,,,,0.6128702163696289,0.8649890422821045,0.617824375629425,1.2744702100753784,0.6510205864906311,0.513884425163269,0.6439155340194702,0.6467418670654297,0.5618486404418945,0.7866427302360535,0.6088491678237915,0.6128702163696289
48,,,7447,0.8867260813713074,0.17582888901233673,,,,,,,,,,,,,
,3.192247790864249e-05,3.192247790864249e-05,7448,,,,,,,,,,,,,,,
49,,,7459,,,0.002422656398266554,,,,,,,,,,,,
49,,,7479,,,0.15144367516040802,,,,,,,,,,,,
49,,,7499,,,0.00040964563959278166,,,,,,,,,,,,
49,,,7519,,,0.22401560842990875,,,,,,,,,,,,
49,,,7539,,,0.00041200220584869385,,,,,,,,,,,,
49,,,7559,,,0.29920870065689087,,,,,,,,,,,,
49,,,7579,,,0.04285559803247452,,,,,,,,,,,,
49,,,7599,,,0.00014297448797151446,,,,,,,,,,,,
49,,,7599,,,,0.6767898797988892,0.8790905475616455,0.6471596956253052,1.0636612176895142,0.6582349538803101,0.5655878186225891,0.6782589554786682,0.7246973514556885,0.7412448525428772,0.7239916324615479,0.4430060386657715,0.6767898797988892
49,,,7599,0.906092643737793,0.14446404576301575,,,,,,,,,,,,,
,2.6552420115951544e-05,2.6552420115951544e-05,7600,,,,,,,,,,,,,,,
50,,,7619,,,0.5164941549301147,,,,,,,,,,,,
50,,,7639,,,0.0012787370942533016,,,,,,,,,,,,
50,,,7659,,,0.5113345384597778,,,,,,,,,,,,
50,,,7679,,,0.009562584571540356,,,,,,,,,,,,
50,,,7699,,,0.1427004039287567,,,,,,,,,,,,
50,,,7719,,,0.0003589167899917811,,,,,,,,,,,,
50,,,7739,,,0.00014214552356861532,,,,,,,,,,,,
50,,,7751,,,,0.6358100175857544,0.8681083917617798,0.6266334652900696,1.2271201610565186,0.6473191976547241,0.5199955701828003,0.6462405323982239,0.7007598876953125,0.5619861483573914,0.7845890522003174,0.5419417023658752,0.6358100175857544
50,,,7751,0.89617919921875,0.16133512556552887,,,,,,,,,,,,,
,2.1632809154782886e-05,2.1632809154782886e-05,7752,,,,,,,,,,,,,,,
51,,,7759,,,0.51752769947052,,,,,,,,,,,,
51,,,7779,,,0.00016118311032187194,,,,,,,,,,,,
51,,,7799,,,0.2561257779598236,,,,,,,,,,,,
51,,,7819,,,0.4835965931415558,,,,,,,,,,,,
51,,,7839,,,0.0005844114348292351,,,,,,,,,,,,
51,,,7859,,,0.2608232796192169,,,,,,,,,,,,
51,,,7879,,,0.21310506761074066,,,,,,,,,,,,
51,,,7899,,,0.00022362242452800274,,,,,,,,,,,,
51,,,7903,,,,0.658850371837616,0.8711214661598206,0.6399728655815125,1.1833595037460327,0.6368111371994019,0.5333480834960938,0.6585947275161743,0.6442410945892334,0.6400880813598633,0.7687575817108154,0.4941577911376953,0.658850371837616
51,,,7903,0.9089491367340088,0.14488014578819275,,,,,,,,,,,,,
,1.718159615201853e-05,1.718159615201853e-05,7904,,,,,,,,,,,,,,,
52,,,7919,,,0.45963889360427856,,,,,,,,,,,,
52,,,7939,,,0.0002795121108647436,,,,,,,,,,,,
52,,,7959,,,0.0004678867117036134,,,,,,,,,,,,
52,,,7979,,,0.26124149560928345,,,,,,,,,,,,
52,,,7999,,,0.15337596833705902,,,,,,,,,,,,
52,,,8019,,,0.006271635182201862,,,,,,,,,,,,
52,,,8039,,,0.26787102222442627,,,,,,,,,,,,
52,,,8055,,,,0.6573219299316406,0.8747768402099609,0.652285099029541,1.0401703119277954,0.6491473913192749,0.5507178902626038,0.6759339570999146,0.6083312034606934,0.7002610564231873,0.7467972636222839,0.5412000417709351,0.6573219299316406
52,,,8055,0.886549174785614,0.17581883072853088,,,,,,,,,,,,,
,1.3215023101186489e-05,1.3215023101186489e-05,8056,,,,,,,,,,,,,,,
53,,,8059,,,0.16603636741638184,,,,,,,,,,,,
53,,,8079,,,0.43746742606163025,,,,,,,,,,,,
53,,,8099,,,0.0006030261283740401,,,,,,,,,,,,
53,,,8119,,,8.618304855190217e-05,,,,,,,,,,,,
53,,,8139,,,0.06931306421756744,,,,,,,,,,,,
53,,,8159,,,0.0016409122617915273,,,,,,,,,,,,
53,,,8179,,,0.0026023807004094124,,,,,,,,,,,,
53,,,8199,,,0.35981523990631104,,,,,,,,,,,,
53,,,8207,,,,0.6475160121917725,0.867202639579773,0.6144787669181824,1.084797739982605,0.6445822715759277,0.5329203009605408,0.6498660445213318,0.697228729724884,0.7926920652389526,0.6553794145584106,0.433028906583786,0.6475160121917725
53,,,8207,0.8901501297950745,0.17513935267925262,,,,,,,,,,,,,
,9.747563597187791e-06,9.747563597187791e-06,8208,,,,,,,,,,,,,,,
54,,,8219,,,0.000633375602774322,,,,,,,,,,,,
54,,,8239,,,0.3575112223625183,,,,,,,,,,,,
54,,,8259,,,0.28014910221099854,,,,,,,,,,,,
54,,,8279,,,4.770918167196214e-05,,,,,,,,,,,,
54,,,8299,,,0.0011235098354518414,,,,,,,,,,,,
54,,,8319,,,0.0020448737777769566,,,,,,,,,,,,
54,,,8339,,,0.003502920502796769,,,,,,,,,,,,
54,,,8359,,,0.3867092430591583,,,,,,,,,,,,
54,,,8359,,,,0.5631707906723022,0.8499770760536194,0.5735757946968079,1.0480889081954956,0.6175817251205444,0.47426900267601013,0.6240542531013489,0.4964909851551056,0.7416201233863831,0.6529709696769714,0.5792446136474609,0.5631707906723022
54,,,8359,0.8885617852210999,0.17607344686985016,,,,,,,,,,,,,
,6.79187002371816e-06,6.79187002371816e-06,8360,,,,,,,,,,,,,,,
55,,,8379,,,0.1472446620464325,,,,,,,,,,,,
55,,,8399,,,0.00012176950986031443,,,,,,,,,,,,
55,,,8419,,,0.32226327061653137,,,,,,,,,,,,
55,,,8439,,,0.1729913204908371,,,,,,,,,,,,
55,,,8459,,,0.5366753935813904,,,,,,,,,,,,
55,,,8479,,,0.18365082144737244,,,,,,,,,,,,
55,,,8499,,,0.4948720335960388,,,,,,,,,,,,
55,,,8511,,,,0.6509119868278503,0.8773918151855469,0.6543710231781006,0.9774335622787476,0.6604552268981934,0.5587202310562134,0.683716893196106,0.6210057139396667,0.72091144323349,0.7207744717597961,0.5791293978691101,0.6509119868278503
55,,,8511,0.8986856937408447,0.1556837558746338,,,,,,,,,,,,,
,4.358727386092198e-06,4.358727386092198e-06,8512,,,,,,,,,,,,,,,
56,,,8519,,,0.001913655549287796,,,,,,,,,,,,
56,,,8539,,,0.010538477450609207,,,,,,,,,,,,
56,,,8559,,,0.00042149273212999105,,,,,,,,,,,,
56,,,8579,,,0.0009724752162583172,,,,,,,,,,,,
56,,,8599,,,0.00035579106770455837,,,,,,,,,,,,
56,,,8619,,,0.0011502340203151107,,,,,,,,,,,,
56,,,8639,,,0.002440139651298523,,,,,,,,,,,,
56,,,8659,,,0.0049196709878742695,,,,,,,,,,,,
56,,,8663,,,,0.6365033388137817,0.8735547065734863,0.6410523653030396,1.300777554512024,0.6524302959442139,0.530177116394043,0.6601316332817078,0.5492509007453918,0.6833073496818542,0.7719516158103943,0.6052113175392151,0.6365033388137817
56,,,8663,0.9172556400299072,0.1284426599740982,,,,,,,,,,,,,
,2.457013957928472e-06,2.457013957928472e-06,8664,,,,,,,,,,,,,,,
57,,,8679,,,0.004322333261370659,,,,,,,,,,,,
57,,,8699,,,0.00045432389015331864,,,,,,,,,,,,
57,,,8719,,,0.2281259149312973,,,,,,,,,,,,
57,,,8739,,,0.6925800442695618,,,,,,,,,,,,
57,,,8759,,,0.21425464749336243,,,,,,,,,,,,
57,,,8779,,,0.2112017273902893,,,,,,,,,,,,
57,,,8799,,,0.5473595261573792,,,,,,,,,,,,
57,,,8815,,,,0.6543577909469604,0.8752877712249756,0.6488035321235657,1.1707308292388916,0.6507331728935242,0.5404444336891174,0.6661018133163452,0.6436258554458618,0.622225821018219,0.7813210487365723,0.5557599067687988,0.6543577909469604
57,,,8815,0.8977086544036865,0.16002953052520752,,,,,,,,,,,,,
,1.093668885291904e-06,1.093668885291904e-06,8816,,,,,,,,,,,,,,,
58,,,8819,,,0.43673276901245117,,,,,,,,,,,,
58,,,8839,,,0.02690686099231243,,,,,,,,,,,,
58,,,8859,,,0.2810661196708679,,,,,,,,,,,,
58,,,8879,,,0.0015156172448769212,,,,,,,,,,,,
58,,,8899,,,0.00027396873338148,,,,,,,,,,,,
58,,,8919,,,0.39037850499153137,,,,,,,,,,,,
58,,,8939,,,0.279029905796051,,,,,,,,,,,,
58,,,8959,,,0.5122826099395752,,,,,,,,,,,,
58,,,8967,,,,0.571466863155365,0.8593222498893738,0.587266206741333,1.1939359903335571,0.667339026927948,0.4866700768470764,0.6274235248565674,0.44853851199150085,0.7555837631225586,0.741869330406189,0.7233644723892212,0.571466863155365
58,,,8967,0.8865044116973877,0.17700284719467163,,,,,,,,,,,,,
,2.7366686650237556e-07,2.7366686650237556e-07,8968,,,,,,,,,,,,,,,
59,,,8979,,,0.1509832739830017,,,,,,,,,,,,
59,,,8999,,,0.00015145169163588434,,,,,,,,,,,,
59,,,9019,,,0.37997061014175415,,,,,,,,,,,,
59,,,9039,,,0.315272718667984,,,,,,,,,,,,
59,,,9059,,,0.3945968747138977,,,,,,,,,,,,
59,,,9079,,,0.0007731549558229744,,,,,,,,,,,,
59,,,9099,,,0.3028827905654907,,,,,,,,,,,,
59,,,9119,,,0.00035851082066074014,,,,,,,,,,,,
59,,,9119,,,,0.6320146322250366,0.8711096048355103,0.6375914216041565,1.1579521894454956,0.6504649519920349,0.5308706760406494,0.6611956357955933,0.5301382541656494,0.7504162192344666,0.7416545748710632,0.5796507596969604,0.6320146322250366
59,,,9119,0.8932477831840515,0.16484664380550385,,,,,,,,,,,,,
