epoch,lr-AdamW/pg1,lr-AdamW/pg2,step,test/acc,test/auroc,test/f1,test/loss,test/mcc,train/acc,train/loss_epoch,train/loss_step,val/acc,val/f1,val/loss,val/mcc,val/precision
,0.0,0.0,0,,,,,,,,,,,,,
0,,,19,,,,,,,,32.48910140991211,,,,,
0,,,39,,,,,,,,25.485977172851562,,,,,
0,,,59,,,,,,,,19.170455932617188,,,,,
0,,,79,,,,,,,,26.266498565673828,,,,,
0,,,99,,,,,,,,20.678546905517578,,,,,
0,,,119,,,,,,,,12.3351411819458,,,,,
0,,,139,,,,,,,,23.203716278076172,,,,,
0,,,159,,,,,,,,15.324018478393555,,,,,
0,,,179,,,,,,,,22.229028701782227,,,,,
0,,,199,,,,,,,,32.32593536376953,,,,,
0,,,219,,,,,,,,27.9288272857666,,,,,
0,,,239,,,,,,,,21.099258422851562,,,,,
0,,,259,,,,,,,,23.737937927246094,,,,,
0,,,279,,,,,,,,40.18951416015625,,,,,
0,,,299,,,,,,,,19.00468635559082,,,,,
0,,,319,,,,,,,,17.830699920654297,,,,,
0,,,339,,,,,,,,24.36379623413086,,,,,
0,,,359,,,,,,,,17.976806640625,,,,,
0,,,379,,,,,,,,23.05109405517578,,,,,
0,,,399,,,,,,,,22.182369232177734,,,,,
0,,,419,,,,,,,,24.50670051574707,,,,,
0,,,439,,,,,,,,19.70555877685547,,,,,
0,,,459,,,,,,,,18.79416847229004,,,,,
0,,,479,,,,,,,,31.034034729003906,,,,,
0,,,499,,,,,,,,20.24942398071289,,,,,
0,,,519,,,,,,,,23.084131240844727,,,,,
0,,,539,,,,,,,,22.954126358032227,,,,,
0,,,559,,,,,,,,15.81847858428955,,,,,
0,,,579,,,,,,,,25.818328857421875,,,,,
0,,,599,,,,,,,,21.150503158569336,,,,,
0,,,619,,,,,,,,22.645057678222656,,,,,
0,,,639,,,,,,,,27.742740631103516,,,,,
0,,,659,,,,,,,,20.403461456298828,,,,,
0,,,679,,,,,,,,17.774295806884766,,,,,
0,,,699,,,,,,,,20.324228286743164,,,,,
0,,,719,,,,,,,,25.376174926757812,,,,,
0,,,739,,,,,,,,20.881107330322266,,,,,
0,,,759,,,,,,,,20.40363121032715,,,,,
0,,,779,,,,,,,,26.994625091552734,,,,,
0,,,799,,,,,,,,16.24204444885254,,,,,
0,,,819,,,,,,,,18.150962829589844,,,,,
0,,,839,,,,,,,,22.707117080688477,,,,,
0,,,859,,,,,,,,7.69010591506958,,,,,
0,,,879,,,,,,,,36.754905700683594,,,,,
0,,,899,,,,,,,,24.659069061279297,,,,,
0,,,919,,,,,,,,29.48735809326172,,,,,
0,,,939,,,,,,,,22.250782012939453,,,,,
0,,,959,,,,,,,,31.737455368041992,,,,,
0,,,979,,,,,,,,9.827179908752441,,,,,
0,,,999,,,,,,,,15.574941635131836,,,,,
0,,,1019,,,,,,,,18.93157958984375,,,,,
0,,,1039,,,,,,,,34.184410095214844,,,,,
0,,,1059,,,,,,,,27.46445655822754,,,,,
0,,,1079,,,,,,,,14.628045082092285,,,,,
0,,,1099,,,,,,,,18.21260643005371,,,,,
0,,,1119,,,,,,,,19.40766716003418,,,,,
0,,,1139,,,,,,,,22.325908660888672,,,,,
0,,,1159,,,,,,,,24.581775665283203,,,,,
0,,,1179,,,,,,,,15.469317436218262,,,,,
0,,,1199,,,,,,,,22.334367752075195,,,,,
0,,,1219,,,,,,,,10.88864517211914,,,,,
0,,,1239,,,,,,,,20.056251525878906,,,,,
0,,,1259,,,,,,,,18.307369232177734,,,,,
0,,,1279,,,,,,,,22.634418487548828,,,,,
0,,,1299,,,,,,,,20.06149673461914,,,,,
0,,,1319,,,,,,,,26.207107543945312,,,,,
0,,,1339,,,,,,,,17.853721618652344,,,,,
0,,,1359,,,,,,,,19.506420135498047,,,,,
0,,,1379,,,,,,,,19.7423038482666,,,,,
0,,,1399,,,,,,,,19.450454711914062,,,,,
0,,,1419,,,,,,,,29.758941650390625,,,,,
0,,,1434,,,,,,,,,0.21792301535606384,0.13154911994934082,19.232500076293945,-0.0675092339515686,0.1953144073486328
0,,,1434,,,,,,0.24882081151008606,23.035308837890625,,,,,,
,3.9618677904065835e-05,3.9618677904065835e-05,1435,,,,,,,,,,,,,
1,,,1439,,,,,,,,19.493392944335938,,,,,
1,,,1459,,,,,,,,22.869434356689453,,,,,
1,,,1479,,,,,,,,15.924757957458496,,,,,
1,,,1499,,,,,,,,13.1182279586792,,,,,
1,,,1519,,,,,,,,24.003562927246094,,,,,
1,,,1539,,,,,,,,17.008281707763672,,,,,
1,,,1559,,,,,,,,9.119402885437012,,,,,
1,,,1579,,,,,,,,15.610918045043945,,,,,
1,,,1599,,,,,,,,9.764452934265137,,,,,
1,,,1619,,,,,,,,8.911086082458496,,,,,
1,,,1639,,,,,,,,13.785470962524414,,,,,
1,,,1659,,,,,,,,5.842073440551758,,,,,
1,,,1679,,,,,,,,14.336406707763672,,,,,
1,,,1699,,,,,,,,11.393348693847656,,,,,
1,,,1719,,,,,,,,5.126706600189209,,,,,
1,,,1739,,,,,,,,6.123165607452393,,,,,
1,,,1759,,,,,,,,11.822486877441406,,,,,
1,,,1779,,,,,,,,7.556844711303711,,,,,
1,,,1799,,,,,,,,11.151342391967773,,,,,
1,,,1819,,,,,,,,13.860848426818848,,,,,
1,,,1839,,,,,,,,10.107208251953125,,,,,
1,,,1859,,,,,,,,10.106193542480469,,,,,
1,,,1879,,,,,,,,15.08400821685791,,,,,
1,,,1899,,,,,,,,5.329301357269287,,,,,
1,,,1919,,,,,,,,5.549331188201904,,,,,
1,,,1939,,,,,,,,4.633230686187744,,,,,
1,,,1959,,,,,,,,8.411463737487793,,,,,
1,,,1979,,,,,,,,6.770992279052734,,,,,
1,,,1999,,,,,,,,6.42850399017334,,,,,
1,,,2019,,,,,,,,6.279212474822998,,,,,
1,,,2039,,,,,,,,4.995997905731201,,,,,
1,,,2059,,,,,,,,4.853477478027344,,,,,
1,,,2079,,,,,,,,12.317617416381836,,,,,
1,,,2099,,,,,,,,7.326079845428467,,,,,
1,,,2119,,,,,,,,6.302362442016602,,,,,
1,,,2139,,,,,,,,5.9164719581604,,,,,
1,,,2159,,,,,,,,9.650321960449219,,,,,
1,,,2179,,,,,,,,7.072888374328613,,,,,
1,,,2199,,,,,,,,5.469834327697754,,,,,
1,,,2219,,,,,,,,5.810717582702637,,,,,
1,,,2239,,,,,,,,3.757634162902832,,,,,
1,,,2259,,,,,,,,6.586321830749512,,,,,
1,,,2279,,,,,,,,6.529824256896973,,,,,
1,,,2299,,,,,,,,4.733343124389648,,,,,
1,,,2319,,,,,,,,5.777979850769043,,,,,
1,,,2339,,,,,,,,5.988821506500244,,,,,
1,,,2359,,,,,,,,4.893569469451904,,,,,
1,,,2379,,,,,,,,4.7690582275390625,,,,,
1,,,2399,,,,,,,,5.930224895477295,,,,,
1,,,2419,,,,,,,,5.646939754486084,,,,,
1,,,2439,,,,,,,,5.800423622131348,,,,,
1,,,2459,,,,,,,,4.998037815093994,,,,,
1,,,2479,,,,,,,,4.468475818634033,,,,,
1,,,2499,,,,,,,,5.464798927307129,,,,,
1,,,2519,,,,,,,,4.701543807983398,,,,,
1,,,2539,,,,,,,,4.230646133422852,,,,,
1,,,2559,,,,,,,,3.9212019443511963,,,,,
1,,,2579,,,,,,,,5.078132152557373,,,,,
1,,,2599,,,,,,,,4.488788604736328,,,,,
1,,,2619,,,,,,,,4.53586483001709,,,,,
1,,,2639,,,,,,,,4.867913246154785,,,,,
1,,,2659,,,,,,,,5.533779621124268,,,,,
1,,,2679,,,,,,,,3.8632099628448486,,,,,
1,,,2699,,,,,,,,5.349176406860352,,,,,
1,,,2719,,,,,,,,4.428061008453369,,,,,
1,,,2739,,,,,,,,4.1125617027282715,,,,,
1,,,2759,,,,,,,,4.2843122482299805,,,,,
1,,,2779,,,,,,,,4.29372501373291,,,,,
1,,,2799,,,,,,,,5.002143383026123,,,,,
1,,,2819,,,,,,,,4.172593593597412,,,,,
1,,,2839,,,,,,,,4.225709438323975,,,,,
1,,,2859,,,,,,,,4.016088485717773,,,,,
1,,,2869,,,,,,,,,0.24997878074645996,0.08084583282470703,5.065492153167725,0.0007903000805526972,0.16096460819244385
1,,,2869,,,,,,0.2563796043395996,7.402174949645996,,,,,,
,7.923735580813167e-05,7.923735580813167e-05,2870,,,,,,,,,,,,,
2,,,2879,,,,,,,,4.488501071929932,,,,,
2,,,2899,,,,,,,,4.235227584838867,,,,,
2,,,2919,,,,,,,,3.1163768768310547,,,,,
2,,,2939,,,,,,,,3.6657145023345947,,,,,
2,,,2959,,,,,,,,4.9937872886657715,,,,,
2,,,2979,,,,,,,,4.186220169067383,,,,,
2,,,2999,,,,,,,,4.480686187744141,,,,,
2,,,3019,,,,,,,,5.55555534362793,,,,,
2,,,3039,,,,,,,,3.895385980606079,,,,,
2,,,3059,,,,,,,,3.952810764312744,,,,,
2,,,3079,,,,,,,,4.762543201446533,,,,,
2,,,3099,,,,,,,,4.30617618560791,,,,,
2,,,3119,,,,,,,,3.9717931747436523,,,,,
2,,,3139,,,,,,,,3.582465648651123,,,,,
2,,,3159,,,,,,,,3.5400824546813965,,,,,
2,,,3179,,,,,,,,4.605122089385986,,,,,
2,,,3199,,,,,,,,4.041691780090332,,,,,
2,,,3219,,,,,,,,3.3767216205596924,,,,,
2,,,3239,,,,,,,,4.372086524963379,,,,,
2,,,3259,,,,,,,,4.019447326660156,,,,,
2,,,3279,,,,,,,,5.233762741088867,,,,,
2,,,3299,,,,,,,,4.0406036376953125,,,,,
2,,,3319,,,,,,,,5.567438125610352,,,,,
2,,,3339,,,,,,,,4.240604877471924,,,,,
2,,,3359,,,,,,,,3.505730390548706,,,,,
2,,,3379,,,,,,,,3.3558454513549805,,,,,
2,,,3399,,,,,,,,4.007621765136719,,,,,
2,,,3419,,,,,,,,5.067909240722656,,,,,
2,,,3439,,,,,,,,4.9758734703063965,,,,,
2,,,3459,,,,,,,,4.207035541534424,,,,,
2,,,3479,,,,,,,,4.505645275115967,,,,,
2,,,3499,,,,,,,,3.1566030979156494,,,,,
2,,,3519,,,,,,,,2.818328380584717,,,,,
2,,,3539,,,,,,,,4.097905158996582,,,,,
2,,,3559,,,,,,,,4.294159412384033,,,,,
2,,,3579,,,,,,,,2.901587724685669,,,,,
2,,,3599,,,,,,,,4.125055313110352,,,,,
2,,,3619,,,,,,,,4.223426818847656,,,,,
2,,,3639,,,,,,,,4.781493663787842,,,,,
2,,,3659,,,,,,,,3.4224584102630615,,,,,
2,,,3679,,,,,,,,4.255341529846191,,,,,
2,,,3699,,,,,,,,4.5601325035095215,,,,,
2,,,3719,,,,,,,,4.399753093719482,,,,,
2,,,3739,,,,,,,,4.71190071105957,,,,,
2,,,3759,,,,,,,,5.835959434509277,,,,,
2,,,3779,,,,,,,,3.5876235961914062,,,,,
2,,,3799,,,,,,,,4.968050956726074,,,,,
2,,,3819,,,,,,,,2.989011764526367,,,,,
2,,,3839,,,,,,,,3.8093626499176025,,,,,
2,,,3859,,,,,,,,4.249951362609863,,,,,
2,,,3879,,,,,,,,4.509617805480957,,,,,
2,,,3899,,,,,,,,3.9654455184936523,,,,,
2,,,3919,,,,,,,,4.6052751541137695,,,,,
2,,,3939,,,,,,,,4.900386333465576,,,,,
2,,,3959,,,,,,,,3.9859092235565186,,,,,
2,,,3979,,,,,,,,4.145981311798096,,,,,
2,,,3999,,,,,,,,3.3638980388641357,,,,,
2,,,4019,,,,,,,,2.710588216781616,,,,,
2,,,4039,,,,,,,,4.561897277832031,,,,,
2,,,4059,,,,,,,,4.622648239135742,,,,,
2,,,4079,,,,,,,,3.223513603210449,,,,,
2,,,4099,,,,,,,,3.2824740409851074,,,,,
2,,,4119,,,,,,,,3.6990110874176025,,,,,
2,,,4139,,,,,,,,3.912750720977783,,,,,
2,,,4159,,,,,,,,2.9108128547668457,,,,,
2,,,4179,,,,,,,,4.227071762084961,,,,,
2,,,4199,,,,,,,,3.44205641746521,,,,,
2,,,4219,,,,,,,,5.74428653717041,,,,,
2,,,4239,,,,,,,,4.270786285400391,,,,,
2,,,4259,,,,,,,,4.9338059425354,,,,,
2,,,4279,,,,,,,,2.853098154067993,,,,,
2,,,4299,,,,,,,,2.6741247177124023,,,,,
2,,,4304,,,,,,,,,0.2514767646789551,0.09165601432323456,6.458846569061279,0.014396417886018753,0.28959745168685913
2,,,4304,,,,,,0.2545730471611023,4.145200729370117,,,,,,
,0.0001188560337121975,0.0001188560337121975,4305,,,,,,,,,,,,,
3,,,4319,,,,,,,,4.4290547370910645,,,,,
3,,,4339,,,,,,,,4.628724098205566,,,,,
3,,,4359,,,,,,,,4.042838096618652,,,,,
3,,,4379,,,,,,,,3.589484214782715,,,,,
3,,,4399,,,,,,,,3.4470977783203125,,,,,
3,,,4419,,,,,,,,4.240906715393066,,,,,
3,,,4439,,,,,,,,4.514764308929443,,,,,
3,,,4459,,,,,,,,3.8916187286376953,,,,,
3,,,4479,,,,,,,,4.758396625518799,,,,,
3,,,4499,,,,,,,,4.349764823913574,,,,,
3,,,4519,,,,,,,,4.139274597167969,,,,,
3,,,4539,,,,,,,,3.1757824420928955,,,,,
3,,,4559,,,,,,,,4.031754493713379,,,,,
3,,,4579,,,,,,,,3.717555284500122,,,,,
3,,,4599,,,,,,,,4.1147308349609375,,,,,
3,,,4619,,,,,,,,3.164332866668701,,,,,
3,,,4639,,,,,,,,5.028634071350098,,,,,
3,,,4659,,,,,,,,3.721407651901245,,,,,
3,,,4679,,,,,,,,4.7464680671691895,,,,,
3,,,4699,,,,,,,,2.9523046016693115,,,,,
3,,,4719,,,,,,,,4.992123126983643,,,,,
3,,,4739,,,,,,,,4.66473388671875,,,,,
3,,,4759,,,,,,,,4.624631881713867,,,,,
3,,,4779,,,,,,,,3.754277229309082,,,,,
3,,,4799,,,,,,,,4.074103355407715,,,,,
3,,,4819,,,,,,,,3.2011852264404297,,,,,
3,,,4839,,,,,,,,2.434382915496826,,,,,
3,,,4859,,,,,,,,4.755496025085449,,,,,
3,,,4879,,,,,,,,3.9288620948791504,,,,,
3,,,4899,,,,,,,,3.6982834339141846,,,,,
3,,,4919,,,,,,,,5.2805352210998535,,,,,
3,,,4939,,,,,,,,4.82295036315918,,,,,
3,,,4959,,,,,,,,3.0948028564453125,,,,,
3,,,4979,,,,,,,,4.723799705505371,,,,,
3,,,4999,,,,,,,,2.604326009750366,,,,,
3,,,5019,,,,,,,,3.8707594871520996,,,,,
3,,,5039,,,,,,,,3.4375321865081787,,,,,
3,,,5059,,,,,,,,4.764705181121826,,,,,
3,,,5079,,,,,,,,3.2537147998809814,,,,,
3,,,5099,,,,,,,,5.333468437194824,,,,,
3,,,5119,,,,,,,,4.561644077301025,,,,,
3,,,5139,,,,,,,,6.762990951538086,,,,,
3,,,5159,,,,,,,,3.1355502605438232,,,,,
3,,,5179,,,,,,,,3.2816569805145264,,,,,
3,,,5199,,,,,,,,2.8311502933502197,,,,,
3,,,5219,,,,,,,,5.547264099121094,,,,,
3,,,5239,,,,,,,,3.2332611083984375,,,,,
3,,,5259,,,,,,,,5.170077323913574,,,,,
3,,,5279,,,,,,,,3.4712891578674316,,,,,
3,,,5299,,,,,,,,3.342905282974243,,,,,
3,,,5319,,,,,,,,2.8661084175109863,,,,,
3,,,5339,,,,,,,,5.161240100860596,,,,,
3,,,5359,,,,,,,,4.610742568969727,,,,,
3,,,5379,,,,,,,,5.103108882904053,,,,,
3,,,5399,,,,,,,,2.8787600994110107,,,,,
3,,,5419,,,,,,,,3.104264736175537,,,,,
3,,,5439,,,,,,,,2.91685152053833,,,,,
3,,,5459,,,,,,,,3.7473342418670654,,,,,
3,,,5479,,,,,,,,4.439988613128662,,,,,
3,,,5499,,,,,,,,2.9279401302337646,,,,,
3,,,5519,,,,,,,,3.396928548812866,,,,,
3,,,5539,,,,,,,,4.44378662109375,,,,,
3,,,5559,,,,,,,,2.90256667137146,,,,,
3,,,5579,,,,,,,,3.412757635116577,,,,,
3,,,5599,,,,,,,,3.0571019649505615,,,,,
3,,,5619,,,,,,,,4.019409656524658,,,,,
3,,,5639,,,,,,,,3.6216318607330322,,,,,
3,,,5659,,,,,,,,4.306121826171875,,,,,
3,,,5679,,,,,,,,3.801970958709717,,,,,
3,,,5699,,,,,,,,4.915556907653809,,,,,
3,,,5719,,,,,,,,4.380612373352051,,,,,
3,,,5739,,,,,,,,4.650007247924805,,,,,
3,,,5739,,,,,,,,,0.24768809974193573,0.08809827268123627,7.161288738250732,-0.008548128418624401,0.22484076023101807
3,,,5739,,,,,,0.26010507345199585,3.855478525161743,,,,,,
,0.00015847471161626334,0.00015847471161626334,5740,,,,,,,,,,,,,
4,,,5759,,,,,,,,3.8445658683776855,,,,,
4,,,5779,,,,,,,,3.6093039512634277,,,,,
4,,,5799,,,,,,,,3.525115489959717,,,,,
4,,,5819,,,,,,,,3.3703482151031494,,,,,
4,,,5839,,,,,,,,2.2883365154266357,,,,,
4,,,5859,,,,,,,,3.9653825759887695,,,,,
4,,,5879,,,,,,,,3.838716983795166,,,,,
4,,,5899,,,,,,,,3.296184539794922,,,,,
4,,,5919,,,,,,,,3.9561641216278076,,,,,
4,,,5939,,,,,,,,3.66178560256958,,,,,
4,,,5959,,,,,,,,3.266024112701416,,,,,
4,,,5979,,,,,,,,5.613909721374512,,,,,
4,,,5999,,,,,,,,6.267254829406738,,,,,
4,,,6019,,,,,,,,4.689504623413086,,,,,
4,,,6039,,,,,,,,4.035079002380371,,,,,
4,,,6059,,,,,,,,5.566774368286133,,,,,
4,,,6079,,,,,,,,4.571620464324951,,,,,
4,,,6099,,,,,,,,2.6177291870117188,,,,,
4,,,6119,,,,,,,,2.5009303092956543,,,,,
4,,,6139,,,,,,,,5.98515510559082,,,,,
4,,,6159,,,,,,,,2.9532291889190674,,,,,
4,,,6179,,,,,,,,3.27837872505188,,,,,
4,,,6199,,,,,,,,3.4088594913482666,,,,,
4,,,6219,,,,,,,,4.092169761657715,,,,,
4,,,6239,,,,,,,,3.1240234375,,,,,
4,,,6259,,,,,,,,3.6715891361236572,,,,,
4,,,6279,,,,,,,,2.6085519790649414,,,,,
4,,,6299,,,,,,,,3.112415313720703,,,,,
4,,,6319,,,,,,,,3.6755731105804443,,,,,
4,,,6339,,,,,,,,2.538917303085327,,,,,
4,,,6359,,,,,,,,3.4426040649414062,,,,,
4,,,6379,,,,,,,,3.786308526992798,,,,,
4,,,6399,,,,,,,,3.6222453117370605,,,,,
4,,,6419,,,,,,,,6.265793800354004,,,,,
4,,,6439,,,,,,,,3.904097080230713,,,,,
4,,,6459,,,,,,,,3.9352951049804688,,,,,
4,,,6479,,,,,,,,4.802398204803467,,,,,
4,,,6499,,,,,,,,3.9654808044433594,,,,,
4,,,6519,,,,,,,,2.4557836055755615,,,,,
4,,,6539,,,,,,,,2.686781406402588,,,,,
4,,,6559,,,,,,,,3.598255157470703,,,,,
4,,,6579,,,,,,,,5.419302940368652,,,,,
4,,,6599,,,,,,,,2.49074387550354,,,,,
4,,,6619,,,,,,,,4.5484619140625,,,,,
4,,,6639,,,,,,,,7.115550994873047,,,,,
4,,,6659,,,,,,,,3.309515953063965,,,,,
4,,,6679,,,,,,,,3.75009822845459,,,,,
4,,,6699,,,,,,,,3.285390853881836,,,,,
4,,,6719,,,,,,,,2.8885726928710938,,,,,
4,,,6739,,,,,,,,2.7603931427001953,,,,,
4,,,6759,,,,,,,,3.519270420074463,,,,,
4,,,6779,,,,,,,,2.12929630279541,,,,,
4,,,6799,,,,,,,,2.665700912475586,,,,,
4,,,6819,,,,,,,,3.4435770511627197,,,,,
4,,,6839,,,,,,,,2.663973808288574,,,,,
4,,,6859,,,,,,,,3.6335644721984863,,,,,
4,,,6879,,,,,,,,3.1755878925323486,,,,,
4,,,6899,,,,,,,,4.6660003662109375,,,,,
4,,,6919,,,,,,,,3.3217217922210693,,,,,
4,,,6939,,,,,,,,4.107481002807617,,,,,
4,,,6959,,,,,,,,6.061736106872559,,,,,
4,,,6979,,,,,,,,3.3679091930389404,,,,,
4,,,6999,,,,,,,,2.555908441543579,,,,,
4,,,7019,,,,,,,,2.0740535259246826,,,,,
4,,,7039,,,,,,,,3.8223891258239746,,,,,
4,,,7059,,,,,,,,2.917060136795044,,,,,
4,,,7079,,,,,,,,3.047771692276001,,,,,
4,,,7099,,,,,,,,2.3397817611694336,,,,,
4,,,7119,,,,,,,,2.696204662322998,,,,,
4,,,7139,,,,,,,,2.335686445236206,,,,,
4,,,7159,,,,,,,,5.551328182220459,,,,,
4,,,7174,,,,,,,,,0.33722764253616333,0.23402467370033264,12.397815704345703,0.15906637907028198,0.26564183831214905
4,,,7174,,,,,,0.26600381731987,3.675935983657837,,,,,,
,0.00019809338952032917,0.00019809338952032917,7175,,,,,,,,,,,,,
5,,,7179,,,,,,,,3.3703417778015137,,,,,
5,,,7199,,,,,,,,2.9412543773651123,,,,,
5,,,7219,,,,,,,,2.4023079872131348,,,,,
5,,,7239,,,,,,,,3.854854106903076,,,,,
5,,,7259,,,,,,,,5.404426574707031,,,,,
5,,,7279,,,,,,,,3.1127443313598633,,,,,
5,,,7299,,,,,,,,4.964550018310547,,,,,
5,,,7319,,,,,,,,4.054797649383545,,,,,
5,,,7339,,,,,,,,2.314699649810791,,,,,
5,,,7359,,,,,,,,3.6535887718200684,,,,,
5,,,7379,,,,,,,,6.397652626037598,,,,,
5,,,7399,,,,,,,,4.106573104858398,,,,,
5,,,7419,,,,,,,,3.077648878097534,,,,,
5,,,7439,,,,,,,,4.170050144195557,,,,,
5,,,7459,,,,,,,,2.521080493927002,,,,,
5,,,7479,,,,,,,,2.9099857807159424,,,,,
5,,,7499,,,,,,,,4.138301849365234,,,,,
5,,,7519,,,,,,,,3.523627281188965,,,,,
5,,,7539,,,,,,,,2.7889254093170166,,,,,
5,,,7559,,,,,,,,3.9685192108154297,,,,,
5,,,7579,,,,,,,,3.074639320373535,,,,,
5,,,7599,,,,,,,,1.9485747814178467,,,,,
5,,,7619,,,,,,,,2.8724398612976074,,,,,
5,,,7639,,,,,,,,1.9149515628814697,,,,,
5,,,7659,,,,,,,,3.190946578979492,,,,,
5,,,7679,,,,,,,,4.246026039123535,,,,,
5,,,7699,,,,,,,,2.4346134662628174,,,,,
5,,,7719,,,,,,,,3.791917324066162,,,,,
5,,,7739,,,,,,,,3.009091377258301,,,,,
5,,,7759,,,,,,,,4.757596969604492,,,,,
5,,,7779,,,,,,,,2.3425378799438477,,,,,
5,,,7799,,,,,,,,2.7864699363708496,,,,,
5,,,7819,,,,,,,,4.326898574829102,,,,,
5,,,7839,,,,,,,,4.848537445068359,,,,,
5,,,7859,,,,,,,,3.993795394897461,,,,,
5,,,7879,,,,,,,,3.8571434020996094,,,,,
5,,,7899,,,,,,,,3.3658769130706787,,,,,
5,,,7919,,,,,,,,6.131219863891602,,,,,
5,,,7939,,,,,,,,2.6804161071777344,,,,,
5,,,7959,,,,,,,,2.8390369415283203,,,,,
5,,,7979,,,,,,,,3.4417243003845215,,,,,
5,,,7999,,,,,,,,4.300388336181641,,,,,
5,,,8019,,,,,,,,3.0642852783203125,,,,,
5,,,8039,,,,,,,,4.037382125854492,,,,,
5,,,8059,,,,,,,,2.5167205333709717,,,,,
5,,,8079,,,,,,,,3.7017080783843994,,,,,
5,,,8099,,,,,,,,3.778637170791626,,,,,
5,,,8119,,,,,,,,4.72394323348999,,,,,
5,,,8139,,,,,,,,2.6605215072631836,,,,,
5,,,8159,,,,,,,,3.712131977081299,,,,,
5,,,8179,,,,,,,,1.9898734092712402,,,,,
5,,,8199,,,,,,,,3.3269569873809814,,,,,
5,,,8219,,,,,,,,4.575896263122559,,,,,
5,,,8239,,,,,,,,2.007854700088501,,,,,
5,,,8259,,,,,,,,2.132070779800415,,,,,
5,,,8279,,,,,,,,4.25998592376709,,,,,
5,,,8299,,,,,,,,4.548845291137695,,,,,
5,,,8319,,,,,,,,3.104146957397461,,,,,
5,,,8339,,,,,,,,3.997082471847534,,,,,
5,,,8359,,,,,,,,2.349191427230835,,,,,
5,,,8379,,,,,,,,2.3992388248443604,,,,,
5,,,8399,,,,,,,,5.26950216293335,,,,,
5,,,8419,,,,,,,,4.1303791999816895,,,,,
5,,,8439,,,,,,,,3.9756665229797363,,,,,
5,,,8459,,,,,,,,4.0315656661987305,,,,,
5,,,8479,,,,,,,,2.4545364379882812,,,,,
5,,,8499,,,,,,,,3.8619048595428467,,,,,
5,,,8519,,,,,,,,5.372068405151367,,,,,
5,,,8539,,,,,,,,2.4804961681365967,,,,,
5,,,8559,,,,,,,,3.887254238128662,,,,,
5,,,8579,,,,,,,,4.731291770935059,,,,,
5,,,8599,,,,,,,,3.544511079788208,,,,,
5,,,8609,,,,,,,,,0.25871163606643677,0.12264129519462585,7.783857822418213,0.04228498786687851,0.2981264293193817
5,,,8609,,,,,,0.2754560708999634,3.4704718589782715,,,,,,
,0.000237712067424395,0.000237712067424395,8610,,,,,,,,,,,,,
6,,,8619,,,,,,,,2.9404165744781494,,,,,
6,,,8639,,,,,,,,4.84033203125,,,,,
6,,,8659,,,,,,,,3.7428300380706787,,,,,
6,,,8679,,,,,,,,2.195197343826294,,,,,
6,,,8699,,,,,,,,3.3275961875915527,,,,,
6,,,8719,,,,,,,,2.8706157207489014,,,,,
6,,,8739,,,,,,,,2.0866174697875977,,,,,
6,,,8759,,,,,,,,3.3547415733337402,,,,,
6,,,8779,,,,,,,,3.4756405353546143,,,,,
6,,,8799,,,,,,,,5.002574920654297,,,,,
6,,,8819,,,,,,,,3.306251287460327,,,,,
6,,,8839,,,,,,,,3.2453935146331787,,,,,
6,,,8859,,,,,,,,3.9725122451782227,,,,,
6,,,8879,,,,,,,,2.2523691654205322,,,,,
6,,,8899,,,,,,,,3.958566904067993,,,,,
6,,,8919,,,,,,,,4.803130149841309,,,,,
6,,,8939,,,,,,,,2.7611165046691895,,,,,
6,,,8959,,,,,,,,3.1324775218963623,,,,,
6,,,8979,,,,,,,,5.669671535491943,,,,,
6,,,8999,,,,,,,,3.57517147064209,,,,,
6,,,9019,,,,,,,,2.913985252380371,,,,,
6,,,9039,,,,,,,,6.147125244140625,,,,,
6,,,9059,,,,,,,,4.475642681121826,,,,,
6,,,9079,,,,,,,,2.4272103309631348,,,,,
6,,,9099,,,,,,,,3.1242008209228516,,,,,
6,,,9119,,,,,,,,4.299821853637695,,,,,
6,,,9139,,,,,,,,2.7770984172821045,,,,,
6,,,9159,,,,,,,,6.0819549560546875,,,,,
6,,,9179,,,,,,,,3.9593424797058105,,,,,
6,,,9199,,,,,,,,3.216776132583618,,,,,
6,,,9219,,,,,,,,2.7367074489593506,,,,,
6,,,9239,,,,,,,,2.320145606994629,,,,,
6,,,9259,,,,,,,,2.811992645263672,,,,,
6,,,9279,,,,,,,,4.621593475341797,,,,,
6,,,9299,,,,,,,,4.201865196228027,,,,,
6,,,9319,,,,,,,,3.106860399246216,,,,,
6,,,9339,,,,,,,,3.0170376300811768,,,,,
6,,,9359,,,,,,,,3.6039929389953613,,,,,
6,,,9379,,,,,,,,2.3239521980285645,,,,,
6,,,9399,,,,,,,,3.4976439476013184,,,,,
6,,,9419,,,,,,,,3.351513385772705,,,,,
6,,,9439,,,,,,,,2.4478952884674072,,,,,
6,,,9459,,,,,,,,3.0029125213623047,,,,,
6,,,9479,,,,,,,,2.043954849243164,,,,,
6,,,9499,,,,,,,,3.4447121620178223,,,,,
6,,,9519,,,,,,,,3.1220645904541016,,,,,
6,,,9539,,,,,,,,4.444956302642822,,,,,
6,,,9559,,,,,,,,2.3260910511016846,,,,,
6,,,9579,,,,,,,,4.763069152832031,,,,,
6,,,9599,,,,,,,,4.2830891609191895,,,,,
6,,,9619,,,,,,,,2.0171051025390625,,,,,
6,,,9639,,,,,,,,2.539329767227173,,,,,
6,,,9659,,,,,,,,2.7308924198150635,,,,,
6,,,9679,,,,,,,,2.3004322052001953,,,,,
6,,,9699,,,,,,,,3.751412868499756,,,,,
6,,,9719,,,,,,,,2.1191952228546143,,,,,
6,,,9739,,,,,,,,1.8235061168670654,,,,,
6,,,9759,,,,,,,,4.572092533111572,,,,,
6,,,9779,,,,,,,,3.0660881996154785,,,,,
6,,,9799,,,,,,,,3.4673640727996826,,,,,
6,,,9819,,,,,,,,2.2242064476013184,,,,,
6,,,9839,,,,,,,,2.926715850830078,,,,,
6,,,9859,,,,,,,,3.7802538871765137,,,,,
6,,,9879,,,,,,,,2.4366438388824463,,,,,
6,,,9899,,,,,,,,2.624131202697754,,,,,
6,,,9919,,,,,,,,3.5827596187591553,,,,,
6,,,9939,,,,,,,,3.0774173736572266,,,,,
6,,,9959,,,,,,,,4.600915908813477,,,,,
6,,,9979,,,,,,,,2.7842941284179688,,,,,
6,,,9999,,,,,,,,2.2738194465637207,,,,,
6,,,10019,,,,,,,,3.308100938796997,,,,,
6,,,10039,,,,,,,,3.7960448265075684,,,,,
6,,,10044,,,,,,,,,0.2600255608558655,0.11111684143543243,7.063251495361328,0.05577521026134491,0.4111262261867523
6,,,10044,,,,,,0.28070876002311707,3.347505569458008,,,,,,
,0.00027733074532846084,0.00027733074532846084,10045,,,,,,,,,,,,,
7,,,10059,,,,,,,,3.755582332611084,,,,,
7,,,10079,,,,,,,,3.2242088317871094,,,,,
7,,,10099,,,,,,,,1.7086892127990723,,,,,
7,,,10119,,,,,,,,3.514176607131958,,,,,
7,,,10139,,,,,,,,3.229329824447632,,,,,
7,,,10159,,,,,,,,2.274639844894409,,,,,
7,,,10179,,,,,,,,1.9705395698547363,,,,,
7,,,10199,,,,,,,,3.6716036796569824,,,,,
7,,,10219,,,,,,,,2.304842472076416,,,,,
7,,,10239,,,,,,,,4.655262470245361,,,,,
7,,,10259,,,,,,,,4.530298233032227,,,,,
7,,,10279,,,,,,,,3.4536519050598145,,,,,
7,,,10299,,,,,,,,1.687383770942688,,,,,
7,,,10319,,,,,,,,3.4331772327423096,,,,,
7,,,10339,,,,,,,,4.505518436431885,,,,,
7,,,10359,,,,,,,,2.5828826427459717,,,,,
7,,,10379,,,,,,,,3.262122631072998,,,,,
7,,,10399,,,,,,,,3.675567150115967,,,,,
7,,,10419,,,,,,,,4.164676666259766,,,,,
7,,,10439,,,,,,,,3.9660720825195312,,,,,
7,,,10459,,,,,,,,3.9062891006469727,,,,,
7,,,10479,,,,,,,,4.173475742340088,,,,,
7,,,10499,,,,,,,,3.321280002593994,,,,,
7,,,10519,,,,,,,,3.4052066802978516,,,,,
7,,,10539,,,,,,,,1.4686754941940308,,,,,
7,,,10559,,,,,,,,2.8785791397094727,,,,,
7,,,10579,,,,,,,,3.0255613327026367,,,,,
7,,,10599,,,,,,,,3.162687301635742,,,,,
7,,,10619,,,,,,,,1.3760027885437012,,,,,
7,,,10639,,,,,,,,2.853694438934326,,,,,
7,,,10659,,,,,,,,1.6297134160995483,,,,,
7,,,10679,,,,,,,,3.8057477474212646,,,,,
7,,,10699,,,,,,,,4.245875835418701,,,,,
7,,,10719,,,,,,,,2.9097046852111816,,,,,
7,,,10739,,,,,,,,2.154341697692871,,,,,
7,,,10759,,,,,,,,2.696296215057373,,,,,
7,,,10779,,,,,,,,1.9021538496017456,,,,,
7,,,10799,,,,,,,,3.1827497482299805,,,,,
7,,,10819,,,,,,,,2.4087085723876953,,,,,
7,,,10839,,,,,,,,2.264408826828003,,,,,
7,,,10859,,,,,,,,3.0213632583618164,,,,,
7,,,10879,,,,,,,,2.6687612533569336,,,,,
7,,,10899,,,,,,,,2.7352724075317383,,,,,
7,,,10919,,,,,,,,2.166123867034912,,,,,
7,,,10939,,,,,,,,4.053436756134033,,,,,
7,,,10959,,,,,,,,2.140955924987793,,,,,
7,,,10979,,,,,,,,2.6137237548828125,,,,,
7,,,10999,,,,,,,,1.84063720703125,,,,,
7,,,11019,,,,,,,,4.443183898925781,,,,,
7,,,11039,,,,,,,,3.8178586959838867,,,,,
7,,,11059,,,,,,,,1.9702110290527344,,,,,
7,,,11079,,,,,,,,2.0271925926208496,,,,,
7,,,11099,,,,,,,,2.7857491970062256,,,,,
7,,,11119,,,,,,,,4.094095230102539,,,,,
7,,,11139,,,,,,,,3.800496816635132,,,,,
7,,,11159,,,,,,,,3.72859787940979,,,,,
7,,,11179,,,,,,,,2.894796371459961,,,,,
7,,,11199,,,,,,,,4.757510185241699,,,,,
7,,,11219,,,,,,,,2.7728843688964844,,,,,
7,,,11239,,,,,,,,3.484886884689331,,,,,
7,,,11259,,,,,,,,2.4790546894073486,,,,,
7,,,11279,,,,,,,,5.275822639465332,,,,,
7,,,11299,,,,,,,,1.8313655853271484,,,,,
7,,,11319,,,,,,,,1.7384138107299805,,,,,
7,,,11339,,,,,,,,3.164668083190918,,,,,
7,,,11359,,,,,,,,4.143793106079102,,,,,
7,,,11379,,,,,,,,2.8988654613494873,,,,,
7,,,11399,,,,,,,,2.0568909645080566,,,,,
7,,,11419,,,,,,,,2.3710615634918213,,,,,
7,,,11439,,,,,,,,2.2081496715545654,,,,,
7,,,11459,,,,,,,,1.526607632637024,,,,,
7,,,11479,,,,,,,,1.8637269735336304,,,,,
7,,,11479,,,,,,,,,0.34465843439102173,0.2204018235206604,10.548038482666016,0.1794310212135315,0.3986261785030365
7,,,11479,,,,,,0.2920255959033966,3.2042407989501953,,,,,,
,0.0003169494232325267,0.0003169494232325267,11480,,,,,,,,,,,,,
8,,,11499,,,,,,,,4.607046127319336,,,,,
8,,,11519,,,,,,,,1.9489473104476929,,,,,
8,,,11539,,,,,,,,5.68339729309082,,,,,
8,,,11559,,,,,,,,2.381913900375366,,,,,
8,,,11579,,,,,,,,3.249703884124756,,,,,
8,,,11599,,,,,,,,3.512813091278076,,,,,
8,,,11619,,,,,,,,4.641253471374512,,,,,
8,,,11639,,,,,,,,3.5156474113464355,,,,,
8,,,11659,,,,,,,,5.2373127937316895,,,,,
8,,,11679,,,,,,,,4.723172187805176,,,,,
8,,,11699,,,,,,,,3.7907450199127197,,,,,
8,,,11719,,,,,,,,2.6430587768554688,,,,,
8,,,11739,,,,,,,,4.466032028198242,,,,,
8,,,11759,,,,,,,,3.9753875732421875,,,,,
8,,,11779,,,,,,,,2.6323256492614746,,,,,
8,,,11799,,,,,,,,2.7058544158935547,,,,,
8,,,11819,,,,,,,,3.645186424255371,,,,,
8,,,11839,,,,,,,,2.428981304168701,,,,,
8,,,11859,,,,,,,,4.2031755447387695,,,,,
8,,,11879,,,,,,,,2.9696555137634277,,,,,
8,,,11899,,,,,,,,2.089886426925659,,,,,
8,,,11919,,,,,,,,3.00154185295105,,,,,
8,,,11939,,,,,,,,2.0090785026550293,,,,,
8,,,11959,,,,,,,,2.154289960861206,,,,,
8,,,11979,,,,,,,,4.264881134033203,,,,,
8,,,11999,,,,,,,,3.3533411026000977,,,,,
8,,,12019,,,,,,,,3.693006753921509,,,,,
8,,,12039,,,,,,,,3.6766767501831055,,,,,
8,,,12059,,,,,,,,3.896249532699585,,,,,
8,,,12079,,,,,,,,2.647203207015991,,,,,
8,,,12099,,,,,,,,2.7247731685638428,,,,,
8,,,12119,,,,,,,,5.728693008422852,,,,,
8,,,12139,,,,,,,,2.2418484687805176,,,,,
8,,,12159,,,,,,,,4.277660846710205,,,,,
8,,,12179,,,,,,,,1.9689109325408936,,,,,
8,,,12199,,,,,,,,2.6848621368408203,,,,,
8,,,12219,,,,,,,,2.1947426795959473,,,,,
8,,,12239,,,,,,,,3.8220300674438477,,,,,
8,,,12259,,,,,,,,1.801085114479065,,,,,
8,,,12279,,,,,,,,2.6349728107452393,,,,,
8,,,12299,,,,,,,,2.417240619659424,,,,,
8,,,12319,,,,,,,,2.6980040073394775,,,,,
8,,,12339,,,,,,,,1.8753430843353271,,,,,
8,,,12359,,,,,,,,2.3006796836853027,,,,,
8,,,12379,,,,,,,,4.911312103271484,,,,,
8,,,12399,,,,,,,,3.5851223468780518,,,,,
8,,,12419,,,,,,,,2.417306661605835,,,,,
8,,,12439,,,,,,,,4.177712440490723,,,,,
8,,,12459,,,,,,,,2.411670207977295,,,,,
8,,,12479,,,,,,,,3.0469727516174316,,,,,
8,,,12499,,,,,,,,1.3566830158233643,,,,,
8,,,12519,,,,,,,,1.8846075534820557,,,,,
8,,,12539,,,,,,,,3.8296847343444824,,,,,
8,,,12559,,,,,,,,2.119225025177002,,,,,
8,,,12579,,,,,,,,3.4106006622314453,,,,,
8,,,12599,,,,,,,,2.915133237838745,,,,,
8,,,12619,,,,,,,,4.4498491287231445,,,,,
8,,,12639,,,,,,,,2.677640914916992,,,,,
8,,,12659,,,,,,,,2.7993602752685547,,,,,
8,,,12679,,,,,,,,2.758049964904785,,,,,
8,,,12699,,,,,,,,3.075719118118286,,,,,
8,,,12719,,,,,,,,1.9515899419784546,,,,,
8,,,12739,,,,,,,,4.894659042358398,,,,,
8,,,12759,,,,,,,,4.2018585205078125,,,,,
8,,,12779,,,,,,,,4.195282459259033,,,,,
8,,,12799,,,,,,,,2.2301487922668457,,,,,
8,,,12819,,,,,,,,2.756418228149414,,,,,
8,,,12839,,,,,,,,1.7698841094970703,,,,,
8,,,12859,,,,,,,,1.9572827816009521,,,,,
8,,,12879,,,,,,,,3.7615394592285156,,,,,
8,,,12899,,,,,,,,2.0347702503204346,,,,,
8,,,12914,,,,,,,,,0.2501044273376465,0.08115120232105255,6.3150458335876465,0.0024377868976444006,0.13947568833827972
8,,,12914,,,,,,0.28886905312538147,3.190734624862671,,,,,,
,0.0003565681011365925,0.0003565681011365925,12915,,,,,,,,,,,,,
9,,,12919,,,,,,,,2.250603437423706,,,,,
9,,,12939,,,,,,,,1.7523645162582397,,,,,
9,,,12959,,,,,,,,2.235966920852661,,,,,
9,,,12979,,,,,,,,2.694613456726074,,,,,
9,,,12999,,,,,,,,2.7830257415771484,,,,,
9,,,13019,,,,,,,,3.700435161590576,,,,,
9,,,13039,,,,,,,,3.972628355026245,,,,,
9,,,13059,,,,,,,,4.044952869415283,,,,,
9,,,13079,,,,,,,,5.21401834487915,,,,,
9,,,13099,,,,,,,,2.6115493774414062,,,,,
9,,,13119,,,,,,,,4.128734588623047,,,,,
9,,,13139,,,,,,,,2.4638757705688477,,,,,
9,,,13159,,,,,,,,8.038627624511719,,,,,
9,,,13179,,,,,,,,2.182203769683838,,,,,
9,,,13199,,,,,,,,1.5585596561431885,,,,,
9,,,13219,,,,,,,,1.7112789154052734,,,,,
9,,,13239,,,,,,,,2.0394797325134277,,,,,
9,,,13259,,,,,,,,3.357945442199707,,,,,
9,,,13279,,,,,,,,3.9809556007385254,,,,,
9,,,13299,,,,,,,,5.642035484313965,,,,,
9,,,13319,,,,,,,,2.022296905517578,,,,,
9,,,13339,,,,,,,,2.151303768157959,,,,,
9,,,13359,,,,,,,,2.1096832752227783,,,,,
9,,,13379,,,,,,,,3.4775280952453613,,,,,
9,,,13399,,,,,,,,2.7468318939208984,,,,,
9,,,13419,,,,,,,,3.3734049797058105,,,,,
9,,,13439,,,,,,,,2.390881299972534,,,,,
9,,,13459,,,,,,,,2.4846224784851074,,,,,
9,,,13479,,,,,,,,5.052791595458984,,,,,
9,,,13499,,,,,,,,1.7666804790496826,,,,,
9,,,13519,,,,,,,,4.0892534255981445,,,,,
9,,,13539,,,,,,,,3.2479734420776367,,,,,
9,,,13559,,,,,,,,1.7147859334945679,,,,,
9,,,13579,,,,,,,,3.1867244243621826,,,,,
9,,,13599,,,,,,,,1.4158815145492554,,,,,
9,,,13619,,,,,,,,2.4828875064849854,,,,,
9,,,13639,,,,,,,,1.5035792589187622,,,,,
9,,,13659,,,,,,,,2.572028875350952,,,,,
9,,,13679,,,,,,,,3.4729034900665283,,,,,
9,,,13699,,,,,,,,2.2360029220581055,,,,,
9,,,13719,,,,,,,,2.5186707973480225,,,,,
9,,,13739,,,,,,,,1.641526222229004,,,,,
9,,,13759,,,,,,,,4.9914093017578125,,,,,
9,,,13779,,,,,,,,1.6158809661865234,,,,,
9,,,13799,,,,,,,,2.6396067142486572,,,,,
9,,,13819,,,,,,,,1.8839905261993408,,,,,
9,,,13839,,,,,,,,4.1938371658325195,,,,,
9,,,13859,,,,,,,,2.627777099609375,,,,,
9,,,13879,,,,,,,,6.696593284606934,,,,,
9,,,13899,,,,,,,,5.372502326965332,,,,,
9,,,13919,,,,,,,,1.8659067153930664,,,,,
9,,,13939,,,,,,,,2.845155715942383,,,,,
9,,,13959,,,,,,,,1.7999141216278076,,,,,
9,,,13979,,,,,,,,1.876908779144287,,,,,
9,,,13999,,,,,,,,1.8983794450759888,,,,,
9,,,14019,,,,,,,,3.311159372329712,,,,,
9,,,14039,,,,,,,,3.8741140365600586,,,,,
9,,,14059,,,,,,,,4.187105655670166,,,,,
9,,,14079,,,,,,,,2.276106834411621,,,,,
9,,,14099,,,,,,,,2.4452011585235596,,,,,
9,,,14119,,,,,,,,2.5582468509674072,,,,,
9,,,14139,,,,,,,,1.8658874034881592,,,,,
9,,,14159,,,,,,,,4.617212295532227,,,,,
9,,,14179,,,,,,,,4.387243747711182,,,,,
9,,,14199,,,,,,,,3.850557565689087,,,,,
9,,,14219,,,,,,,,2.550659418106079,,,,,
9,,,14239,,,,,,,,2.910590171813965,,,,,
9,,,14259,,,,,,,,3.2438786029815674,,,,,
9,,,14279,,,,,,,,3.9123058319091797,,,,,
9,,,14299,,,,,,,,2.798063039779663,,,,,
9,,,14319,,,,,,,,2.2083165645599365,,,,,
9,,,14339,,,,,,,,4.058277606964111,,,,,
9,,,14349,,,,,,,,,0.37360966205596924,0.2490423023700714,8.315119743347168,0.22010929882526398,0.449815958738327
9,,,14349,,,,,,0.30341267585754395,3.0654726028442383,,,,,,
,0.00039618677904065835,0.00039618677904065835,14350,,,,,,,,,,,,,
10,,,14359,,,,,,,,5.6904168128967285,,,,,
10,,,14379,,,,,,,,2.375441551208496,,,,,
10,,,14399,,,,,,,,3.191023349761963,,,,,
10,,,14419,,,,,,,,1.9057284593582153,,,,,
10,,,14439,,,,,,,,2.1128268241882324,,,,,
10,,,14459,,,,,,,,1.3817347288131714,,,,,
10,,,14479,,,,,,,,2.7247793674468994,,,,,
10,,,14499,,,,,,,,5.9833831787109375,,,,,
10,,,14519,,,,,,,,4.598122596740723,,,,,
10,,,14539,,,,,,,,5.09754753112793,,,,,
10,,,14559,,,,,,,,2.4270479679107666,,,,,
10,,,14579,,,,,,,,3.1613197326660156,,,,,
10,,,14599,,,,,,,,2.13672137260437,,,,,
10,,,14619,,,,,,,,2.769320249557495,,,,,
10,,,14639,,,,,,,,2.447763204574585,,,,,
10,,,14659,,,,,,,,2.4079878330230713,,,,,
10,,,14679,,,,,,,,1.7815406322479248,,,,,
10,,,14699,,,,,,,,3.869335651397705,,,,,
10,,,14719,,,,,,,,1.6571787595748901,,,,,
10,,,14739,,,,,,,,1.7029833793640137,,,,,
10,,,14759,,,,,,,,4.30867338180542,,,,,
10,,,14779,,,,,,,,2.016160249710083,,,,,
10,,,14799,,,,,,,,2.8728761672973633,,,,,
10,,,14819,,,,,,,,1.7716922760009766,,,,,
10,,,14839,,,,,,,,2.742180109024048,,,,,
10,,,14859,,,,,,,,3.1509413719177246,,,,,
10,,,14879,,,,,,,,2.0982565879821777,,,,,
10,,,14899,,,,,,,,4.277948379516602,,,,,
10,,,14919,,,,,,,,2.4890530109405518,,,,,
10,,,14939,,,,,,,,2.3058362007141113,,,,,
10,,,14959,,,,,,,,3.822345733642578,,,,,
10,,,14979,,,,,,,,2.0940499305725098,,,,,
10,,,14999,,,,,,,,5.628674507141113,,,,,
10,,,15019,,,,,,,,1.9215424060821533,,,,,
10,,,15039,,,,,,,,1.78854238986969,,,,,
10,,,15059,,,,,,,,2.604759931564331,,,,,
10,,,15079,,,,,,,,1.8535737991333008,,,,,
10,,,15099,,,,,,,,3.2629570960998535,,,,,
10,,,15119,,,,,,,,2.7439701557159424,,,,,
10,,,15139,,,,,,,,2.278177261352539,,,,,
10,,,15159,,,,,,,,1.7160097360610962,,,,,
10,,,15179,,,,,,,,3.347414255142212,,,,,
10,,,15199,,,,,,,,4.0146803855896,,,,,
10,,,15219,,,,,,,,3.300537586212158,,,,,
10,,,15239,,,,,,,,1.8050457239151,,,,,
10,,,15259,,,,,,,,2.038181781768799,,,,,
10,,,15279,,,,,,,,2.1863648891448975,,,,,
10,,,15299,,,,,,,,4.95607328414917,,,,,
10,,,15319,,,,,,,,1.7739044427871704,,,,,
10,,,15339,,,,,,,,6.222682952880859,,,,,
10,,,15359,,,,,,,,2.350860595703125,,,,,
10,,,15379,,,,,,,,3.169351577758789,,,,,
10,,,15399,,,,,,,,1.5117894411087036,,,,,
10,,,15419,,,,,,,,3.119396924972534,,,,,
10,,,15439,,,,,,,,2.0491392612457275,,,,,
10,,,15459,,,,,,,,2.2442445755004883,,,,,
10,,,15479,,,,,,,,1.4979246854782104,,,,,
10,,,15499,,,,,,,,2.4157328605651855,,,,,
10,,,15519,,,,,,,,2.2847650051116943,,,,,
10,,,15539,,,,,,,,1.7884362936019897,,,,,
10,,,15559,,,,,,,,3.9814112186431885,,,,,
10,,,15579,,,,,,,,5.970663547515869,,,,,
10,,,15599,,,,,,,,1.9518870115280151,,,,,
10,,,15619,,,,,,,,1.5586341619491577,,,,,
10,,,15639,,,,,,,,4.25232458114624,,,,,
10,,,15659,,,,,,,,2.256537437438965,,,,,
10,,,15679,,,,,,,,3.661755084991455,,,,,
10,,,15699,,,,,,,,3.734050989151001,,,,,
10,,,15719,,,,,,,,1.8022159337997437,,,,,
10,,,15739,,,,,,,,1.5391430854797363,,,,,
10,,,15759,,,,,,,,1.3617501258850098,,,,,
10,,,15779,,,,,,,,2.3059189319610596,,,,,
10,,,15784,,,,,,,,,0.2798878848552704,0.15899717807769775,6.488429546356201,0.09444199502468109,0.45562776923179626
10,,,15784,,,,,,0.29972296953201294,3.0415334701538086,,,,,,
,0.00039606610590006686,0.00039606610590006686,15785,,,,,,,,,,,,,
11,,,15799,,,,,,,,5.495873928070068,,,,,
11,,,15819,,,,,,,,2.894033670425415,,,,,
11,,,15839,,,,,,,,2.452920436859131,,,,,
11,,,15859,,,,,,,,4.365607738494873,,,,,
11,,,15879,,,,,,,,3.199882984161377,,,,,
11,,,15899,,,,,,,,1.8774052858352661,,,,,
11,,,15919,,,,,,,,1.6810094118118286,,,,,
11,,,15939,,,,,,,,3.893876314163208,,,,,
11,,,15959,,,,,,,,3.74428653717041,,,,,
11,,,15979,,,,,,,,2.4428937435150146,,,,,
11,,,15999,,,,,,,,2.287748336791992,,,,,
11,,,16019,,,,,,,,2.5761709213256836,,,,,
11,,,16039,,,,,,,,2.5097382068634033,,,,,
11,,,16059,,,,,,,,2.0015792846679688,,,,,
11,,,16079,,,,,,,,3.442014694213867,,,,,
11,,,16099,,,,,,,,4.010429859161377,,,,,
11,,,16119,,,,,,,,5.3354692459106445,,,,,
11,,,16139,,,,,,,,2.1198179721832275,,,,,
11,,,16159,,,,,,,,5.074693202972412,,,,,
11,,,16179,,,,,,,,1.8551355600357056,,,,,
11,,,16199,,,,,,,,2.7573912143707275,,,,,
11,,,16219,,,,,,,,4.917044639587402,,,,,
11,,,16239,,,,,,,,2.19748854637146,,,,,
11,,,16259,,,,,,,,2.479858636856079,,,,,
11,,,16279,,,,,,,,4.179883003234863,,,,,
11,,,16299,,,,,,,,3.169156789779663,,,,,
11,,,16319,,,,,,,,2.7107808589935303,,,,,
11,,,16339,,,,,,,,1.8214468955993652,,,,,
11,,,16359,,,,,,,,5.122278690338135,,,,,
11,,,16379,,,,,,,,2.5840892791748047,,,,,
11,,,16399,,,,,,,,1.6075495481491089,,,,,
11,,,16419,,,,,,,,3.9879374504089355,,,,,
11,,,16439,,,,,,,,4.74735164642334,,,,,
11,,,16459,,,,,,,,4.367112159729004,,,,,
11,,,16479,,,,,,,,2.1082053184509277,,,,,
11,,,16499,,,,,,,,1.907377004623413,,,,,
11,,,16519,,,,,,,,4.015505790710449,,,,,
11,,,16539,,,,,,,,2.0752687454223633,,,,,
11,,,16559,,,,,,,,2.9658656120300293,,,,,
11,,,16579,,,,,,,,4.285393238067627,,,,,
11,,,16599,,,,,,,,1.3306556940078735,,,,,
11,,,16619,,,,,,,,1.8194317817687988,,,,,
11,,,16639,,,,,,,,3.084474563598633,,,,,
11,,,16659,,,,,,,,1.8947820663452148,,,,,
11,,,16679,,,,,,,,3.0682504177093506,,,,,
11,,,16699,,,,,,,,3.0388994216918945,,,,,
11,,,16719,,,,,,,,3.667503833770752,,,,,
11,,,16739,,,,,,,,1.7041730880737305,,,,,
11,,,16759,,,,,,,,2.8263731002807617,,,,,
11,,,16779,,,,,,,,4.132252216339111,,,,,
11,,,16799,,,,,,,,2.1229820251464844,,,,,
11,,,16819,,,,,,,,2.5228195190429688,,,,,
11,,,16839,,,,,,,,2.734081506729126,,,,,
11,,,16859,,,,,,,,5.6268744468688965,,,,,
11,,,16879,,,,,,,,4.1673197746276855,,,,,
11,,,16899,,,,,,,,3.6691715717315674,,,,,
11,,,16919,,,,,,,,4.153383255004883,,,,,
11,,,16939,,,,,,,,1.8194243907928467,,,,,
11,,,16959,,,,,,,,2.731281042098999,,,,,
11,,,16979,,,,,,,,2.101261615753174,,,,,
11,,,16999,,,,,,,,3.200568199157715,,,,,
11,,,17019,,,,,,,,1.8137274980545044,,,,,
11,,,17039,,,,,,,,1.4466273784637451,,,,,
11,,,17059,,,,,,,,2.2733325958251953,,,,,
11,,,17079,,,,,,,,3.015707492828369,,,,,
11,,,17099,,,,,,,,5.528312683105469,,,,,
11,,,17119,,,,,,,,2.8020076751708984,,,,,
11,,,17139,,,,,,,,1.527335524559021,,,,,
11,,,17159,,,,,,,,1.8990532159805298,,,,,
11,,,17179,,,,,,,,3.3578732013702393,,,,,
11,,,17199,,,,,,,,3.959139347076416,,,,,
11,,,17219,,,,,,,,1.7858672142028809,,,,,
11,,,17219,,,,,,,,,0.3856995701789856,0.25550317764282227,8.022662162780762,0.23591476678848267,0.37166351079940796
11,,,17219,,,,,,0.31397926807403564,2.960634231567383,,,,,,
,0.00039570423349992575,0.00039570423349992575,17220,,,,,,,,,,,,,
12,,,17239,,,,,,,,2.612743854522705,,,,,
12,,,17259,,,,,,,,1.7720634937286377,,,,,
12,,,17279,,,,,,,,2.2500431537628174,,,,,
12,,,17299,,,,,,,,3.274259567260742,,,,,
12,,,17319,,,,,,,,3.3686773777008057,,,,,
12,,,17339,,,,,,,,2.8117988109588623,,,,,
12,,,17359,,,,,,,,3.6881799697875977,,,,,
12,,,17379,,,,,,,,2.729795217514038,,,,,
12,,,17399,,,,,,,,2.116403102874756,,,,,
12,,,17419,,,,,,,,6.9769134521484375,,,,,
12,,,17439,,,,,,,,1.3972095251083374,,,,,
12,,,17459,,,,,,,,1.6080501079559326,,,,,
12,,,17479,,,,,,,,6.475338459014893,,,,,
12,,,17499,,,,,,,,1.842332124710083,,,,,
12,,,17519,,,,,,,,1.3512941598892212,,,,,
12,,,17539,,,,,,,,5.33622407913208,,,,,
12,,,17559,,,,,,,,2.2041826248168945,,,,,
12,,,17579,,,,,,,,2.491272449493408,,,,,
12,,,17599,,,,,,,,1.3870750665664673,,,,,
12,,,17619,,,,,,,,1.9139388799667358,,,,,
12,,,17639,,,,,,,,2.458221673965454,,,,,
12,,,17659,,,,,,,,3.722867965698242,,,,,
12,,,17679,,,,,,,,2.1122255325317383,,,,,
12,,,17699,,,,,,,,3.3127193450927734,,,,,
12,,,17719,,,,,,,,1.7039486169815063,,,,,
12,,,17739,,,,,,,,2.404989004135132,,,,,
12,,,17759,,,,,,,,1.9570257663726807,,,,,
12,,,17779,,,,,,,,1.3853979110717773,,,,,
12,,,17799,,,,,,,,2.187175750732422,,,,,
12,,,17819,,,,,,,,1.9136114120483398,,,,,
12,,,17839,,,,,,,,2.8775687217712402,,,,,
12,,,17859,,,,,,,,2.2452924251556396,,,,,
12,,,17879,,,,,,,,2.2763357162475586,,,,,
12,,,17899,,,,,,,,5.819175720214844,,,,,
12,,,17919,,,,,,,,4.061275959014893,,,,,
12,,,17939,,,,,,,,2.3586134910583496,,,,,
12,,,17959,,,,,,,,4.881501197814941,,,,,
12,,,17979,,,,,,,,2.5481762886047363,,,,,
12,,,17999,,,,,,,,2.0956106185913086,,,,,
12,,,18019,,,,,,,,2.3803937435150146,,,,,
12,,,18039,,,,,,,,1.7551907300949097,,,,,
12,,,18059,,,,,,,,1.6113340854644775,,,,,
12,,,18079,,,,,,,,3.2083702087402344,,,,,
12,,,18099,,,,,,,,2.018083333969116,,,,,
12,,,18119,,,,,,,,2.2847096920013428,,,,,
12,,,18139,,,,,,,,1.2550607919692993,,,,,
12,,,18159,,,,,,,,5.388427734375,,,,,
12,,,18179,,,,,,,,5.513533592224121,,,,,
12,,,18199,,,,,,,,2.2469537258148193,,,,,
12,,,18219,,,,,,,,1.928928256034851,,,,,
12,,,18239,,,,,,,,1.6545536518096924,,,,,
12,,,18259,,,,,,,,4.407698631286621,,,,,
12,,,18279,,,,,,,,2.4272921085357666,,,,,
12,,,18299,,,,,,,,2.588366746902466,,,,,
12,,,18319,,,,,,,,3.123396396636963,,,,,
12,,,18339,,,,,,,,1.5966761112213135,,,,,
12,,,18359,,,,,,,,2.1619091033935547,,,,,
12,,,18379,,,,,,,,3.5471346378326416,,,,,
12,,,18399,,,,,,,,3.1762163639068604,,,,,
12,,,18419,,,,,,,,3.1952128410339355,,,,,
12,,,18439,,,,,,,,1.5054824352264404,,,,,
12,,,18459,,,,,,,,4.597456455230713,,,,,
12,,,18479,,,,,,,,6.003159999847412,,,,,
12,,,18499,,,,,,,,4.533048629760742,,,,,
12,,,18519,,,,,,,,1.911423683166504,,,,,
12,,,18539,,,,,,,,1.7099342346191406,,,,,
12,,,18559,,,,,,,,1.936832308769226,,,,,
12,,,18579,,,,,,,,1.9589927196502686,,,,,
12,,,18599,,,,,,,,5.96668815612793,,,,,
12,,,18619,,,,,,,,2.680129051208496,,,,,
12,,,18639,,,,,,,,5.333216667175293,,,,,
12,,,18654,,,,,,,,,0.3974098861217499,0.2645019292831421,8.686985969543457,0.2524549067020416,0.3004353642463684
12,,,18654,,,,,,0.31761273741722107,2.8857359886169434,,,,,,
,0.00039510160272601257,0.00039510160272601257,18655,,,,,,,,,,,,,
13,,,18659,,,,,,,,4.036880970001221,,,,,
13,,,18679,,,,,,,,2.2970547676086426,,,,,
13,,,18699,,,,,,,,1.3262883424758911,,,,,
13,,,18719,,,,,,,,4.02414608001709,,,,,
13,,,18739,,,,,,,,7.372235298156738,,,,,
13,,,18759,,,,,,,,1.6084126234054565,,,,,
13,,,18779,,,,,,,,3.8196964263916016,,,,,
13,,,18799,,,,,,,,1.4342601299285889,,,,,
13,,,18819,,,,,,,,4.459367752075195,,,,,
13,,,18839,,,,,,,,1.5442698001861572,,,,,
13,,,18859,,,,,,,,1.3851388692855835,,,,,
13,,,18879,,,,,,,,3.8808326721191406,,,,,
13,,,18899,,,,,,,,3.622446298599243,,,,,
13,,,18919,,,,,,,,2.8104517459869385,,,,,
13,,,18939,,,,,,,,1.9226809740066528,,,,,
13,,,18959,,,,,,,,1.91993248462677,,,,,
13,,,18979,,,,,,,,7.08626651763916,,,,,
13,,,18999,,,,,,,,2.466765880584717,,,,,
13,,,19019,,,,,,,,2.256072521209717,,,,,
13,,,19039,,,,,,,,1.4176701307296753,,,,,
13,,,19059,,,,,,,,1.6931246519088745,,,,,
13,,,19079,,,,,,,,1.739528775215149,,,,,
13,,,19099,,,,,,,,3.7147979736328125,,,,,
13,,,19119,,,,,,,,1.8555792570114136,,,,,
13,,,19139,,,,,,,,1.9548861980438232,,,,,
13,,,19159,,,,,,,,2.247218132019043,,,,,
13,,,19179,,,,,,,,2.81256103515625,,,,,
13,,,19199,,,,,,,,5.057860374450684,,,,,
13,,,19219,,,,,,,,1.5998286008834839,,,,,
13,,,19239,,,,,,,,1.801964521408081,,,,,
13,,,19259,,,,,,,,1.9457042217254639,,,,,
13,,,19279,,,,,,,,1.607954740524292,,,,,
13,,,19299,,,,,,,,1.9187955856323242,,,,,
13,,,19319,,,,,,,,2.4080591201782227,,,,,
13,,,19339,,,,,,,,3.8974037170410156,,,,,
13,,,19359,,,,,,,,2.9790523052215576,,,,,
13,,,19379,,,,,,,,3.8024039268493652,,,,,
13,,,19399,,,,,,,,1.669633150100708,,,,,
13,,,19419,,,,,,,,2.0268847942352295,,,,,
13,,,19439,,,,,,,,1.8045213222503662,,,,,
13,,,19459,,,,,,,,2.805147171020508,,,,,
13,,,19479,,,,,,,,1.687332034111023,,,,,
13,,,19499,,,,,,,,1.329024076461792,,,,,
13,,,19519,,,,,,,,1.9729435443878174,,,,,
13,,,19539,,,,,,,,1.6217573881149292,,,,,
13,,,19559,,,,,,,,3.3299753665924072,,,,,
13,,,19579,,,,,,,,3.0370521545410156,,,,,
13,,,19599,,,,,,,,1.868494987487793,,,,,
13,,,19619,,,,,,,,1.0894763469696045,,,,,
13,,,19639,,,,,,,,1.7908897399902344,,,,,
13,,,19659,,,,,,,,3.136712074279785,,,,,
13,,,19679,,,,,,,,3.4389772415161133,,,,,
13,,,19699,,,,,,,,1.6614162921905518,,,,,
13,,,19719,,,,,,,,4.75839900970459,,,,,
13,,,19739,,,,,,,,1.7322943210601807,,,,,
13,,,19759,,,,,,,,4.399200439453125,,,,,
13,,,19779,,,,,,,,4.210848808288574,,,,,
13,,,19799,,,,,,,,5.054129123687744,,,,,
13,,,19819,,,,,,,,1.6524295806884766,,,,,
13,,,19839,,,,,,,,2.1887893676757812,,,,,
13,,,19859,,,,,,,,1.7351926565170288,,,,,
13,,,19879,,,,,,,,1.7350976467132568,,,,,
13,,,19899,,,,,,,,2.379908800125122,,,,,
13,,,19919,,,,,,,,1.880681037902832,,,,,
13,,,19939,,,,,,,,1.7883739471435547,,,,,
13,,,19959,,,,,,,,1.3797554969787598,,,,,
13,,,19979,,,,,,,,4.1038408279418945,,,,,
13,,,19999,,,,,,,,1.7117135524749756,,,,,
13,,,20019,,,,,,,,2.7423691749572754,,,,,
13,,,20039,,,,,,,,2.726914405822754,,,,,
13,,,20059,,,,,,,,4.0054545402526855,,,,,
13,,,20079,,,,,,,,2.8203048706054688,,,,,
13,,,20089,,,,,,,,,0.38730236887931824,0.2565063536167145,8.792572021484375,0.23589089512825012,0.37667015194892883
13,,,20089,,,,,,0.3212108016014099,2.8212850093841553,,,,,,
,0.00039425894779109716,0.00039425894779109716,20090,,,,,,,,,,,,,
14,,,20099,,,,,,,,4.626706600189209,,,,,
14,,,20119,,,,,,,,3.1537232398986816,,,,,
14,,,20139,,,,,,,,3.671297550201416,,,,,
14,,,20159,,,,,,,,3.0705318450927734,,,,,
14,,,20179,,,,,,,,1.6309521198272705,,,,,
14,,,20199,,,,,,,,1.3569713830947876,,,,,
14,,,20219,,,,,,,,2.172480344772339,,,,,
14,,,20239,,,,,,,,3.747478485107422,,,,,
14,,,20259,,,,,,,,2.36350679397583,,,,,
14,,,20279,,,,,,,,1.4652031660079956,,,,,
14,,,20299,,,,,,,,3.430238723754883,,,,,
14,,,20319,,,,,,,,1.407983660697937,,,,,
14,,,20339,,,,,,,,5.4189910888671875,,,,,
14,,,20359,,,,,,,,1.9472243785858154,,,,,
14,,,20379,,,,,,,,2.4928319454193115,,,,,
14,,,20399,,,,,,,,1.9061083793640137,,,,,
14,,,20419,,,,,,,,2.1955201625823975,,,,,
14,,,20439,,,,,,,,4.777841567993164,,,,,
14,,,20459,,,,,,,,1.4843143224716187,,,,,
14,,,20479,,,,,,,,1.864386796951294,,,,,
14,,,20499,,,,,,,,2.1607651710510254,,,,,
14,,,20519,,,,,,,,4.857585430145264,,,,,
14,,,20539,,,,,,,,1.6313650608062744,,,,,
14,,,20559,,,,,,,,1.7000242471694946,,,,,
14,,,20579,,,,,,,,2.075596332550049,,,,,
14,,,20599,,,,,,,,3.0839333534240723,,,,,
14,,,20619,,,,,,,,1.5090330839157104,,,,,
14,,,20639,,,,,,,,2.4969542026519775,,,,,
14,,,20659,,,,,,,,1.5052753686904907,,,,,
14,,,20679,,,,,,,,1.5927308797836304,,,,,
14,,,20699,,,,,,,,1.3641459941864014,,,,,
14,,,20719,,,,,,,,4.986591815948486,,,,,
14,,,20739,,,,,,,,1.6507000923156738,,,,,
14,,,20759,,,,,,,,3.620100259780884,,,,,
14,,,20779,,,,,,,,2.287909984588623,,,,,
14,,,20799,,,,,,,,4.128613471984863,,,,,
14,,,20819,,,,,,,,1.7893779277801514,,,,,
14,,,20839,,,,,,,,1.9559792280197144,,,,,
14,,,20859,,,,,,,,1.1593546867370605,,,,,
14,,,20879,,,,,,,,1.5888389348983765,,,,,
14,,,20899,,,,,,,,4.671656608581543,,,,,
14,,,20919,,,,,,,,1.7790929079055786,,,,,
14,,,20939,,,,,,,,2.0902862548828125,,,,,
14,,,20959,,,,,,,,1.9440891742706299,,,,,
14,,,20979,,,,,,,,1.540619134902954,,,,,
14,,,20999,,,,,,,,2.0124499797821045,,,,,
14,,,21019,,,,,,,,4.262935161590576,,,,,
14,,,21039,,,,,,,,5.012357234954834,,,,,
14,,,21059,,,,,,,,2.115058183670044,,,,,
14,,,21079,,,,,,,,1.622743010520935,,,,,
14,,,21099,,,,,,,,5.318990707397461,,,,,
14,,,21119,,,,,,,,3.3730649948120117,,,,,
14,,,21139,,,,,,,,2.4056081771850586,,,,,
14,,,21159,,,,,,,,2.133399724960327,,,,,
14,,,21179,,,,,,,,3.348618984222412,,,,,
14,,,21199,,,,,,,,3.8539323806762695,,,,,
14,,,21219,,,,,,,,4.913793087005615,,,,,
14,,,21239,,,,,,,,7.4986371994018555,,,,,
14,,,21259,,,,,,,,3.0910277366638184,,,,,
14,,,21279,,,,,,,,1.531084418296814,,,,,
14,,,21299,,,,,,,,2.0742321014404297,,,,,
14,,,21319,,,,,,,,4.656247138977051,,,,,
14,,,21339,,,,,,,,2.903855085372925,,,,,
14,,,21359,,,,,,,,2.8874247074127197,,,,,
14,,,21379,,,,,,,,3.252565383911133,,,,,
14,,,21399,,,,,,,,4.737797260284424,,,,,
14,,,21419,,,,,,,,2.1487953662872314,,,,,
14,,,21439,,,,,,,,2.005642890930176,,,,,
14,,,21459,,,,,,,,1.752031683921814,,,,,
14,,,21479,,,,,,,,2.306157350540161,,,,,
14,,,21499,,,,,,,,2.3298771381378174,,,,,
14,,,21519,,,,,,,,2.8117964267730713,,,,,
14,,,21524,,,,,,,,,0.29534274339675903,0.1760483682155609,7.904664039611816,0.12287455797195435,0.2474483847618103
14,,,21524,,,,,,0.31633424758911133,2.8141844272613525,,,,,,
,0.00039317729534041665,0.00039317729534041665,21525,,,,,,,,,,,,,
15,,,21539,,,,,,,,4.367015838623047,,,,,
15,,,21559,,,,,,,,2.3984875679016113,,,,,
15,,,21579,,,,,,,,2.0654335021972656,,,,,
15,,,21599,,,,,,,,2.724381923675537,,,,,
15,,,21619,,,,,,,,1.97610342502594,,,,,
15,,,21639,,,,,,,,4.5068159103393555,,,,,
15,,,21659,,,,,,,,2.578596591949463,,,,,
15,,,21679,,,,,,,,2.8756535053253174,,,,,
15,,,21699,,,,,,,,4.328641891479492,,,,,
15,,,21719,,,,,,,,3.07810115814209,,,,,
15,,,21739,,,,,,,,2.5341646671295166,,,,,
15,,,21759,,,,,,,,4.391716003417969,,,,,
15,,,21779,,,,,,,,4.648058891296387,,,,,
15,,,21799,,,,,,,,3.7908968925476074,,,,,
15,,,21819,,,,,,,,1.5027847290039062,,,,,
15,,,21839,,,,,,,,4.669975280761719,,,,,
15,,,21859,,,,,,,,3.431187629699707,,,,,
15,,,21879,,,,,,,,3.307234764099121,,,,,
15,,,21899,,,,,,,,1.918418288230896,,,,,
15,,,21919,,,,,,,,3.8145833015441895,,,,,
15,,,21939,,,,,,,,3.7367379665374756,,,,,
15,,,21959,,,,,,,,3.787290334701538,,,,,
15,,,21979,,,,,,,,2.6278977394104004,,,,,
15,,,21999,,,,,,,,2.8031787872314453,,,,,
15,,,22019,,,,,,,,2.9525885581970215,,,,,
15,,,22039,,,,,,,,2.5162198543548584,,,,,
15,,,22059,,,,,,,,4.632652282714844,,,,,
15,,,22079,,,,,,,,4.041507720947266,,,,,
15,,,22099,,,,,,,,2.623835563659668,,,,,
15,,,22119,,,,,,,,1.691624641418457,,,,,
15,,,22139,,,,,,,,3.2739102840423584,,,,,
15,,,22159,,,,,,,,4.069528579711914,,,,,
15,,,22179,,,,,,,,2.1914141178131104,,,,,
15,,,22199,,,,,,,,1.5664732456207275,,,,,
15,,,22219,,,,,,,,4.006251335144043,,,,,
15,,,22239,,,,,,,,1.4572681188583374,,,,,
15,,,22259,,,,,,,,3.1087779998779297,,,,,
15,,,22279,,,,,,,,1.8822001218795776,,,,,
15,,,22299,,,,,,,,2.0255584716796875,,,,,
15,,,22319,,,,,,,,1.1919184923171997,,,,,
15,,,22339,,,,,,,,1.7095091342926025,,,,,
15,,,22359,,,,,,,,7.786519527435303,,,,,
15,,,22379,,,,,,,,1.5663481950759888,,,,,
15,,,22399,,,,,,,,1.5552051067352295,,,,,
15,,,22419,,,,,,,,3.807896614074707,,,,,
15,,,22439,,,,,,,,5.97349214553833,,,,,
15,,,22459,,,,,,,,1.6256026029586792,,,,,
15,,,22479,,,,,,,,5.6608171463012695,,,,,
15,,,22499,,,,,,,,5.810591697692871,,,,,
15,,,22519,,,,,,,,3.630801200866699,,,,,
15,,,22539,,,,,,,,3.876676082611084,,,,,
15,,,22559,,,,,,,,2.0043885707855225,,,,,
15,,,22579,,,,,,,,1.1169596910476685,,,,,
15,,,22599,,,,,,,,6.156985759735107,,,,,
15,,,22619,,,,,,,,6.108022689819336,,,,,
15,,,22639,,,,,,,,1.8780713081359863,,,,,
15,,,22659,,,,,,,,1.6224883794784546,,,,,
15,,,22679,,,,,,,,1.220474362373352,,,,,
15,,,22699,,,,,,,,1.2694745063781738,,,,,
15,,,22719,,,,,,,,1.4850603342056274,,,,,
15,,,22739,,,,,,,,1.4017932415008545,,,,,
15,,,22759,,,,,,,,2.7205357551574707,,,,,
15,,,22779,,,,,,,,1.560207724571228,,,,,
15,,,22799,,,,,,,,2.1999406814575195,,,,,
15,,,22819,,,,,,,,1.3699266910552979,,,,,
15,,,22839,,,,,,,,1.526987075805664,,,,,
15,,,22859,,,,,,,,4.727252006530762,,,,,
15,,,22879,,,,,,,,1.9757577180862427,,,,,
15,,,22899,,,,,,,,6.72628927230835,,,,,
15,,,22919,,,,,,,,3.1727004051208496,,,,,
15,,,22939,,,,,,,,2.1258203983306885,,,,,
15,,,22959,,,,,,,,6.019466400146484,,,,,
15,,,22959,,,,,,,,,0.3573867678642273,0.23577624559402466,10.744148254394531,0.18842975795269012,0.29328465461730957
15,,,22959,,,,,,0.3226476013660431,2.7734525203704834,,,,,,
,0.00039185796320086636,0.00039185796320086636,22960,,,,,,,,,,,,,
16,,,22979,,,,,,,,6.233830451965332,,,,,
16,,,22999,,,,,,,,2.286120653152466,,,,,
16,,,23019,,,,,,,,2.267390727996826,,,,,
16,,,23039,,,,,,,,3.613706111907959,,,,,
16,,,23059,,,,,,,,3.687701463699341,,,,,
16,,,23079,,,,,,,,2.486879348754883,,,,,
16,,,23099,,,,,,,,3.4207847118377686,,,,,
16,,,23119,,,,,,,,1.2634183168411255,,,,,
16,,,23139,,,,,,,,4.309893608093262,,,,,
16,,,23159,,,,,,,,2.5226025581359863,,,,,
16,,,23179,,,,,,,,4.314633369445801,,,,,
16,,,23199,,,,,,,,1.813706398010254,,,,,
16,,,23219,,,,,,,,2.2234249114990234,,,,,
16,,,23239,,,,,,,,2.147969961166382,,,,,
16,,,23259,,,,,,,,1.907894253730774,,,,,
16,,,23279,,,,,,,,1.286684513092041,,,,,
16,,,23299,,,,,,,,6.510371208190918,,,,,
16,,,23319,,,,,,,,2.696676254272461,,,,,
16,,,23339,,,,,,,,1.550909161567688,,,,,
16,,,23359,,,,,,,,1.976690411567688,,,,,
16,,,23379,,,,,,,,3.3486430644989014,,,,,
16,,,23399,,,,,,,,3.133497714996338,,,,,
16,,,23419,,,,,,,,4.915253639221191,,,,,
16,,,23439,,,,,,,,5.593353271484375,,,,,
16,,,23459,,,,,,,,1.6824591159820557,,,,,
16,,,23479,,,,,,,,2.7096500396728516,,,,,
16,,,23499,,,,,,,,4.747842788696289,,,,,
16,,,23519,,,,,,,,1.0234493017196655,,,,,
16,,,23539,,,,,,,,2.7167410850524902,,,,,
16,,,23559,,,,,,,,1.4740735292434692,,,,,
16,,,23579,,,,,,,,3.903397560119629,,,,,
16,,,23599,,,,,,,,4.107088088989258,,,,,
16,,,23619,,,,,,,,1.952131986618042,,,,,
16,,,23639,,,,,,,,3.238163471221924,,,,,
16,,,23659,,,,,,,,1.5452635288238525,,,,,
16,,,23679,,,,,,,,1.4233170747756958,,,,,
16,,,23699,,,,,,,,4.473571300506592,,,,,
16,,,23719,,,,,,,,3.50846004486084,,,,,
16,,,23739,,,,,,,,3.733837604522705,,,,,
16,,,23759,,,,,,,,4.337657928466797,,,,,
16,,,23779,,,,,,,,3.2554831504821777,,,,,
16,,,23799,,,,,,,,2.1681740283966064,,,,,
16,,,23819,,,,,,,,1.886901617050171,,,,,
16,,,23839,,,,,,,,4.589474201202393,,,,,
16,,,23859,,,,,,,,3.650754690170288,,,,,
16,,,23879,,,,,,,,1.6371030807495117,,,,,
16,,,23899,,,,,,,,2.2533152103424072,,,,,
16,,,23919,,,,,,,,4.679417133331299,,,,,
16,,,23939,,,,,,,,2.244981527328491,,,,,
16,,,23959,,,,,,,,4.981273174285889,,,,,
16,,,23979,,,,,,,,3.574692964553833,,,,,
16,,,23999,,,,,,,,4.720892429351807,,,,,
16,,,24019,,,,,,,,1.405819058418274,,,,,
16,,,24039,,,,,,,,1.1506415605545044,,,,,
16,,,24059,,,,,,,,1.7529973983764648,,,,,
16,,,24079,,,,,,,,1.6885261535644531,,,,,
16,,,24099,,,,,,,,2.0773205757141113,,,,,
16,,,24119,,,,,,,,1.2909883260726929,,,,,
16,,,24139,,,,,,,,1.5478662252426147,,,,,
16,,,24159,,,,,,,,3.94295597076416,,,,,
16,,,24179,,,,,,,,2.401498794555664,,,,,
16,,,24199,,,,,,,,1.7984644174575806,,,,,
16,,,24219,,,,,,,,4.060120582580566,,,,,
16,,,24239,,,,,,,,1.6231803894042969,,,,,
16,,,24259,,,,,,,,1.768007516860962,,,,,
16,,,24279,,,,,,,,1.4809883832931519,,,,,
16,,,24299,,,,,,,,1.7214536666870117,,,,,
16,,,24319,,,,,,,,1.8129284381866455,,,,,
16,,,24339,,,,,,,,2.857907295227051,,,,,
16,,,24359,,,,,,,,2.1641123294830322,,,,,
16,,,24379,,,,,,,,3.033222198486328,,,,,
16,,,24394,,,,,,,,,0.24922604858875275,0.11176204681396484,7.2080397605896,0.00232875719666481,0.38087883591651917
16,,,24394,,,,,,0.3254573345184326,2.747267007827759,,,,,,
,0.0003903025587754308,0.0003903025587754308,24395,,,,,,,,,,,,,
17,,,24399,,,,,,,,4.940128326416016,,,,,
17,,,24419,,,,,,,,4.51093864440918,,,,,
17,,,24439,,,,,,,,4.502662658691406,,,,,
17,,,24459,,,,,,,,2.792980909347534,,,,,
17,,,24479,,,,,,,,2.414170265197754,,,,,
17,,,24499,,,,,,,,3.2569003105163574,,,,,
17,,,24519,,,,,,,,3.7594618797302246,,,,,
17,,,24539,,,,,,,,3.602742910385132,,,,,
17,,,24559,,,,,,,,1.9926490783691406,,,,,
17,,,24579,,,,,,,,2.302248001098633,,,,,
17,,,24599,,,,,,,,3.7147819995880127,,,,,
17,,,24619,,,,,,,,3.8276591300964355,,,,,
17,,,24639,,,,,,,,1.5161099433898926,,,,,
17,,,24659,,,,,,,,4.617955207824707,,,,,
17,,,24679,,,,,,,,1.8419418334960938,,,,,
17,,,24699,,,,,,,,1.9574592113494873,,,,,
17,,,24719,,,,,,,,3.090944290161133,,,,,
17,,,24739,,,,,,,,1.9822790622711182,,,,,
17,,,24759,,,,,,,,2.4069881439208984,,,,,
17,,,24779,,,,,,,,3.403134822845459,,,,,
17,,,24799,,,,,,,,1.7240253686904907,,,,,
17,,,24819,,,,,,,,3.301124095916748,,,,,
17,,,24839,,,,,,,,2.9851317405700684,,,,,
17,,,24859,,,,,,,,1.409510850906372,,,,,
17,,,24879,,,,,,,,1.8734959363937378,,,,,
17,,,24899,,,,,,,,6.493016242980957,,,,,
17,,,24919,,,,,,,,4.90647029876709,,,,,
17,,,24939,,,,,,,,1.8175625801086426,,,,,
17,,,24959,,,,,,,,3.194517135620117,,,,,
17,,,24979,,,,,,,,1.5059494972229004,,,,,
17,,,24999,,,,,,,,3.802309989929199,,,,,
17,,,25019,,,,,,,,1.5664865970611572,,,,,
17,,,25039,,,,,,,,2.4706172943115234,,,,,
17,,,25059,,,,,,,,2.66201114654541,,,,,
17,,,25079,,,,,,,,2.96035099029541,,,,,
17,,,25099,,,,,,,,4.693070411682129,,,,,
17,,,25119,,,,,,,,3.4818005561828613,,,,,
17,,,25139,,,,,,,,4.968184471130371,,,,,
17,,,25159,,,,,,,,1.634905219078064,,,,,
17,,,25179,,,,,,,,1.8714711666107178,,,,,
17,,,25199,,,,,,,,2.0697641372680664,,,,,
17,,,25219,,,,,,,,3.374192714691162,,,,,
17,,,25239,,,,,,,,1.8694813251495361,,,,,
17,,,25259,,,,,,,,2.324082136154175,,,,,
17,,,25279,,,,,,,,1.5718679428100586,,,,,
17,,,25299,,,,,,,,1.5663408041000366,,,,,
17,,,25319,,,,,,,,3.9053635597229004,,,,,
17,,,25339,,,,,,,,1.6372010707855225,,,,,
17,,,25359,,,,,,,,3.68050479888916,,,,,
17,,,25379,,,,,,,,2.3025732040405273,,,,,
17,,,25399,,,,,,,,1.473755121231079,,,,,
17,,,25419,,,,,,,,2.0248727798461914,,,,,
17,,,25439,,,,,,,,2.8138256072998047,,,,,
17,,,25459,,,,,,,,3.2747180461883545,,,,,
17,,,25479,,,,,,,,1.6599715948104858,,,,,
17,,,25499,,,,,,,,1.621633768081665,,,,,
17,,,25519,,,,,,,,1.9690501689910889,,,,,
17,,,25539,,,,,,,,1.5307800769805908,,,,,
17,,,25559,,,,,,,,1.7061383724212646,,,,,
17,,,25579,,,,,,,,1.1967393159866333,,,,,
17,,,25599,,,,,,,,6.203079700469971,,,,,
17,,,25619,,,,,,,,1.49899160861969,,,,,
17,,,25639,,,,,,,,3.6000518798828125,,,,,
17,,,25659,,,,,,,,2.117769956588745,,,,,
17,,,25679,,,,,,,,1.8748215436935425,,,,,
17,,,25699,,,,,,,,5.14984130859375,,,,,
17,,,25719,,,,,,,,4.143474102020264,,,,,
17,,,25739,,,,,,,,3.486949920654297,,,,,
17,,,25759,,,,,,,,1.4142916202545166,,,,,
17,,,25779,,,,,,,,1.394204020500183,,,,,
17,,,25799,,,,,,,,4.592545509338379,,,,,
17,,,25819,,,,,,,,3.443666934967041,,,,,
17,,,25829,,,,,,,,,0.34599441289901733,0.22594532370567322,6.743339538574219,0.2043967992067337,0.33612897992134094
17,,,25829,,,,,,0.3237147033214569,2.740805149078369,,,,,,
,0.00038851297708481083,0.00038851297708481083,25830,,,,,,,,,,,,,
18,,,25839,,,,,,,,3.3024978637695312,,,,,
18,,,25859,,,,,,,,3.5843305587768555,,,,,
18,,,25879,,,,,,,,1.94910728931427,,,,,
18,,,25899,,,,,,,,6.2930450439453125,,,,,
18,,,25919,,,,,,,,1.4977017641067505,,,,,
18,,,25939,,,,,,,,2.8044724464416504,,,,,
18,,,25959,,,,,,,,4.996328353881836,,,,,
18,,,25979,,,,,,,,7.079378128051758,,,,,
18,,,25999,,,,,,,,3.982940196990967,,,,,
18,,,26019,,,,,,,,3.9576475620269775,,,,,
18,,,26039,,,,,,,,1.7421698570251465,,,,,
18,,,26059,,,,,,,,1.8631603717803955,,,,,
18,,,26079,,,,,,,,1.5737972259521484,,,,,
18,,,26099,,,,,,,,2.837803840637207,,,,,
18,,,26119,,,,,,,,2.874910354614258,,,,,
18,,,26139,,,,,,,,4.331433296203613,,,,,
18,,,26159,,,,,,,,2.6714534759521484,,,,,
18,,,26179,,,,,,,,2.8076295852661133,,,,,
18,,,26199,,,,,,,,2.33113956451416,,,,,
18,,,26219,,,,,,,,1.6794265508651733,,,,,
18,,,26239,,,,,,,,5.20235538482666,,,,,
18,,,26259,,,,,,,,1.5416667461395264,,,,,
18,,,26279,,,,,,,,2.8873825073242188,,,,,
18,,,26299,,,,,,,,2.243217945098877,,,,,
18,,,26319,,,,,,,,1.2339165210723877,,,,,
18,,,26339,,,,,,,,2.934642791748047,,,,,
18,,,26359,,,,,,,,2.220716714859009,,,,,
18,,,26379,,,,,,,,1.6914935111999512,,,,,
18,,,26399,,,,,,,,3.877837657928467,,,,,
18,,,26419,,,,,,,,5.7044477462768555,,,,,
18,,,26439,,,,,,,,2.685676336288452,,,,,
18,,,26459,,,,,,,,5.067352294921875,,,,,
18,,,26479,,,,,,,,1.5967568159103394,,,,,
18,,,26499,,,,,,,,2.3130292892456055,,,,,
18,,,26519,,,,,,,,1.9584299325942993,,,,,
18,,,26539,,,,,,,,1.7400290966033936,,,,,
18,,,26559,,,,,,,,3.3823421001434326,,,,,
18,,,26579,,,,,,,,3.2496349811553955,,,,,
18,,,26599,,,,,,,,1.9998133182525635,,,,,
18,,,26619,,,,,,,,3.573021650314331,,,,,
18,,,26639,,,,,,,,3.1738734245300293,,,,,
18,,,26659,,,,,,,,3.5726962089538574,,,,,
18,,,26679,,,,,,,,5.102287292480469,,,,,
18,,,26699,,,,,,,,4.815068244934082,,,,,
18,,,26719,,,,,,,,1.3870089054107666,,,,,
18,,,26739,,,,,,,,2.0598201751708984,,,,,
18,,,26759,,,,,,,,3.0337061882019043,,,,,
18,,,26779,,,,,,,,2.1391687393188477,,,,,
18,,,26799,,,,,,,,2.0537660121917725,,,,,
18,,,26819,,,,,,,,1.287692666053772,,,,,
18,,,26839,,,,,,,,3.703359365463257,,,,,
18,,,26859,,,,,,,,4.241757392883301,,,,,
18,,,26879,,,,,,,,1.9666557312011719,,,,,
18,,,26899,,,,,,,,2.0202033519744873,,,,,
18,,,26919,,,,,,,,1.9745055437088013,,,,,
18,,,26939,,,,,,,,3.126129627227783,,,,,
18,,,26959,,,,,,,,1.135496735572815,,,,,
18,,,26979,,,,,,,,3.0477054119110107,,,,,
18,,,26999,,,,,,,,5.116518974304199,,,,,
18,,,27019,,,,,,,,1.5006746053695679,,,,,
18,,,27039,,,,,,,,1.2798757553100586,,,,,
18,,,27059,,,,,,,,4.974287986755371,,,,,
18,,,27079,,,,,,,,1.4173283576965332,,,,,
18,,,27099,,,,,,,,4.3881988525390625,,,,,
18,,,27119,,,,,,,,2.326000452041626,,,,,
18,,,27139,,,,,,,,2.988696575164795,,,,,
18,,,27159,,,,,,,,3.0793709754943848,,,,,
18,,,27179,,,,,,,,5.145461082458496,,,,,
18,,,27199,,,,,,,,1.4751757383346558,,,,,
18,,,27219,,,,,,,,1.3418549299240112,,,,,
18,,,27239,,,,,,,,3.379985809326172,,,,,
18,,,27259,,,,,,,,1.4658302068710327,,,,,
18,,,27264,,,,,,,,,0.34530526399612427,0.23523646593093872,8.554010391235352,0.18663835525512695,0.37622225284576416
18,,,27264,,,,,,0.3255077600479126,2.7363367080688477,,,,,,
,0.00038649139845863234,0.00038649139845863234,27265,,,,,,,,,,,,,
19,,,27279,,,,,,,,1.438293218612671,,,,,
19,,,27299,,,,,,,,3.026333808898926,,,,,
19,,,27319,,,,,,,,2.7521557807922363,,,,,
19,,,27339,,,,,,,,1.3586002588272095,,,,,
19,,,27359,,,,,,,,5.807958126068115,,,,,
19,,,27379,,,,,,,,1.500726580619812,,,,,
19,,,27399,,,,,,,,3.0330934524536133,,,,,
19,,,27419,,,,,,,,5.885574817657471,,,,,
19,,,27439,,,,,,,,2.6375184059143066,,,,,
19,,,27459,,,,,,,,1.6280343532562256,,,,,
19,,,27479,,,,,,,,4.073304176330566,,,,,
19,,,27499,,,,,,,,3.8010034561157227,,,,,
19,,,27519,,,,,,,,2.4069108963012695,,,,,
19,,,27539,,,,,,,,1.7233407497406006,,,,,
19,,,27559,,,,,,,,2.861442804336548,,,,,
19,,,27579,,,,,,,,1.2646279335021973,,,,,
19,,,27599,,,,,,,,7.272158145904541,,,,,
19,,,27619,,,,,,,,1.7736514806747437,,,,,
19,,,27639,,,,,,,,2.27085018157959,,,,,
19,,,27659,,,,,,,,2.049852132797241,,,,,
19,,,27679,,,,,,,,4.010217666625977,,,,,
19,,,27699,,,,,,,,3.314124584197998,,,,,
19,,,27719,,,,,,,,1.8716189861297607,,,,,
19,,,27739,,,,,,,,1.5710206031799316,,,,,
19,,,27759,,,,,,,,1.7506346702575684,,,,,
19,,,27779,,,,,,,,1.6469364166259766,,,,,
19,,,27799,,,,,,,,3.0153956413269043,,,,,
19,,,27819,,,,,,,,1.863181710243225,,,,,
19,,,27839,,,,,,,,4.606721878051758,,,,,
19,,,27859,,,,,,,,1.622840166091919,,,,,
19,,,27879,,,,,,,,3.022717237472534,,,,,
19,,,27899,,,,,,,,1.6026027202606201,,,,,
19,,,27919,,,,,,,,2.166440486907959,,,,,
19,,,27939,,,,,,,,1.21603524684906,,,,,
19,,,27959,,,,,,,,1.4121854305267334,,,,,
19,,,27979,,,,,,,,1.8946949243545532,,,,,
19,,,27999,,,,,,,,1.4963265657424927,,,,,
19,,,28019,,,,,,,,1.7441442012786865,,,,,
19,,,28039,,,,,,,,1.769377589225769,,,,,
19,,,28059,,,,,,,,3.8982057571411133,,,,,
19,,,28079,,,,,,,,1.5127296447753906,,,,,
19,,,28099,,,,,,,,1.935882329940796,,,,,
19,,,28119,,,,,,,,1.7251871824264526,,,,,
19,,,28139,,,,,,,,3.7699713706970215,,,,,
19,,,28159,,,,,,,,2.2937052249908447,,,,,
19,,,28179,,,,,,,,4.152294158935547,,,,,
19,,,28199,,,,,,,,4.414029121398926,,,,,
19,,,28219,,,,,,,,2.9942097663879395,,,,,
19,,,28239,,,,,,,,2.6541504859924316,,,,,
19,,,28259,,,,,,,,2.4501423835754395,,,,,
19,,,28279,,,,,,,,2.390700578689575,,,,,
19,,,28299,,,,,,,,1.4138765335083008,,,,,
19,,,28319,,,,,,,,2.14247465133667,,,,,
19,,,28339,,,,,,,,1.3536217212677002,,,,,
19,,,28359,,,,,,,,3.1805520057678223,,,,,
19,,,28379,,,,,,,,1.2583438158035278,,,,,
19,,,28399,,,,,,,,1.228700041770935,,,,,
19,,,28419,,,,,,,,1.787643551826477,,,,,
19,,,28439,,,,,,,,2.244872570037842,,,,,
19,,,28459,,,,,,,,1.9546546936035156,,,,,
19,,,28479,,,,,,,,1.597793698310852,,,,,
19,,,28499,,,,,,,,2.1090574264526367,,,,,
19,,,28519,,,,,,,,1.727860450744629,,,,,
19,,,28539,,,,,,,,1.833571434020996,,,,,
19,,,28559,,,,,,,,1.5397893190383911,,,,,
19,,,28579,,,,,,,,2.944180965423584,,,,,
19,,,28599,,,,,,,,1.7857029438018799,,,,,
19,,,28619,,,,,,,,3.590142011642456,,,,,
19,,,28639,,,,,,,,2.0618784427642822,,,,,
19,,,28659,,,,,,,,1.7669070959091187,,,,,
19,,,28679,,,,,,,,5.261160850524902,,,,,
19,,,28699,,,,,,,,3.117222547531128,,,,,
19,,,28699,,,,,,,,,0.35930001735687256,0.2429502010345459,7.9147796630859375,0.21234960854053497,0.3391924798488617
19,,,28699,,,,,,0.3335171937942505,2.680509328842163,,,,,,
,0.0003842402858790511,0.0003842402858790511,28700,,,,,,,,,,,,,
20,,,28719,,,,,,,,4.348599433898926,,,,,
20,,,28739,,,,,,,,2.520305633544922,,,,,
20,,,28759,,,,,,,,1.6960386037826538,,,,,
20,,,28779,,,,,,,,1.6927169561386108,,,,,
20,,,28799,,,,,,,,3.3811872005462646,,,,,
20,,,28819,,,,,,,,4.597562789916992,,,,,
20,,,28839,,,,,,,,4.304966449737549,,,,,
20,,,28859,,,,,,,,4.303402900695801,,,,,
20,,,28879,,,,,,,,1.5920660495758057,,,,,
20,,,28899,,,,,,,,6.603829860687256,,,,,
20,,,28919,,,,,,,,2.105379343032837,,,,,
20,,,28939,,,,,,,,1.523826241493225,,,,,
20,,,28959,,,,,,,,1.4336389303207397,,,,,
20,,,28979,,,,,,,,2.8785862922668457,,,,,
20,,,28999,,,,,,,,1.8803038597106934,,,,,
20,,,29019,,,,,,,,5.526419639587402,,,,,
20,,,29039,,,,,,,,1.4492995738983154,,,,,
20,,,29059,,,,,,,,6.331301212310791,,,,,
20,,,29079,,,,,,,,6.617949485778809,,,,,
20,,,29099,,,,,,,,2.9996564388275146,,,,,
20,,,29119,,,,,,,,2.8673348426818848,,,,,
20,,,29139,,,,,,,,2.743835687637329,,,,,
20,,,29159,,,,,,,,1.4037182331085205,,,,,
20,,,29179,,,,,,,,1.4118348360061646,,,,,
20,,,29199,,,,,,,,3.8797903060913086,,,,,
20,,,29219,,,,,,,,2.6039223670959473,,,,,
20,,,29239,,,,,,,,3.6550137996673584,,,,,
20,,,29259,,,,,,,,2.352599620819092,,,,,
20,,,29279,,,,,,,,2.180708885192871,,,,,
20,,,29299,,,,,,,,1.9817438125610352,,,,,
20,,,29319,,,,,,,,1.533398151397705,,,,,
20,,,29339,,,,,,,,2.1434261798858643,,,,,
20,,,29359,,,,,,,,3.1721463203430176,,,,,
20,,,29379,,,,,,,,4.074252128601074,,,,,
20,,,29399,,,,,,,,3.5654327869415283,,,,,
20,,,29419,,,,,,,,2.469390392303467,,,,,
20,,,29439,,,,,,,,3.665024757385254,,,,,
20,,,29459,,,,,,,,1.2835612297058105,,,,,
20,,,29479,,,,,,,,1.5227364301681519,,,,,
20,,,29499,,,,,,,,1.680562973022461,,,,,
20,,,29519,,,,,,,,2.366856813430786,,,,,
20,,,29539,,,,,,,,1.6518903970718384,,,,,
20,,,29559,,,,,,,,1.340606689453125,,,,,
20,,,29579,,,,,,,,1.3538001775741577,,,,,
20,,,29599,,,,,,,,1.5125172138214111,,,,,
20,,,29619,,,,,,,,2.2063286304473877,,,,,
20,,,29639,,,,,,,,3.056015968322754,,,,,
20,,,29659,,,,,,,,1.4357939958572388,,,,,
20,,,29679,,,,,,,,2.7546567916870117,,,,,
20,,,29699,,,,,,,,4.607100486755371,,,,,
20,,,29719,,,,,,,,4.405180931091309,,,,,
20,,,29739,,,,,,,,2.183598756790161,,,,,
20,,,29759,,,,,,,,4.0475053787231445,,,,,
20,,,29779,,,,,,,,1.3819772005081177,,,,,
20,,,29799,,,,,,,,1.2428860664367676,,,,,
20,,,29819,,,,,,,,1.538731575012207,,,,,
20,,,29839,,,,,,,,3.6453282833099365,,,,,
20,,,29859,,,,,,,,1.7961392402648926,,,,,
20,,,29879,,,,,,,,1.979083776473999,,,,,
20,,,29899,,,,,,,,1.90028977394104,,,,,
20,,,29919,,,,,,,,2.4697065353393555,,,,,
20,,,29939,,,,,,,,1.2758266925811768,,,,,
20,,,29959,,,,,,,,1.208117961883545,,,,,
20,,,29979,,,,,,,,5.756036758422852,,,,,
20,,,29999,,,,,,,,1.8184560537338257,,,,,
20,,,30019,,,,,,,,4.947267532348633,,,,,
20,,,30039,,,,,,,,5.826213359832764,,,,,
20,,,30059,,,,,,,,3.7753872871398926,,,,,
20,,,30079,,,,,,,,4.633553504943848,,,,,
20,,,30099,,,,,,,,4.467922210693359,,,,,
20,,,30119,,,,,,,,2.2258834838867188,,,,,
20,,,30134,,,,,,,,,0.3615996837615967,0.24853864312171936,7.966306209564209,0.21360176801681519,0.4094430208206177
20,,,30134,,,,,,0.3343968987464905,2.696135997772217,,,,,,
,0.000381762381979988,0.000381762381979988,30135,,,,,,,,,,,,,
21,,,30139,,,,,,,,1.3671388626098633,,,,,
21,,,30159,,,,,,,,1.5306283235549927,,,,,
21,,,30179,,,,,,,,1.3145791292190552,,,,,
21,,,30199,,,,,,,,2.4968013763427734,,,,,
21,,,30219,,,,,,,,3.0253005027770996,,,,,
21,,,30239,,,,,,,,1.669416069984436,,,,,
21,,,30259,,,,,,,,1.8673336505889893,,,,,
21,,,30279,,,,,,,,0.9518458247184753,,,,,
21,,,30299,,,,,,,,6.135802268981934,,,,,
21,,,30319,,,,,,,,3.7231903076171875,,,,,
21,,,30339,,,,,,,,2.368513822555542,,,,,
21,,,30359,,,,,,,,0.9823311567306519,,,,,
21,,,30379,,,,,,,,3.520505905151367,,,,,
21,,,30399,,,,,,,,1.4084802865982056,,,,,
21,,,30419,,,,,,,,2.9151079654693604,,,,,
21,,,30439,,,,,,,,4.365053653717041,,,,,
21,,,30459,,,,,,,,1.7965419292449951,,,,,
21,,,30479,,,,,,,,4.986839294433594,,,,,
21,,,30499,,,,,,,,1.6209824085235596,,,,,
21,,,30519,,,,,,,,1.6364723443984985,,,,,
21,,,30539,,,,,,,,2.515286922454834,,,,,
21,,,30559,,,,,,,,3.8418784141540527,,,,,
21,,,30579,,,,,,,,1.5384504795074463,,,,,
21,,,30599,,,,,,,,1.6786779165267944,,,,,
21,,,30619,,,,,,,,1.5636279582977295,,,,,
21,,,30639,,,,,,,,1.77169668674469,,,,,
21,,,30659,,,,,,,,1.4430315494537354,,,,,
21,,,30679,,,,,,,,1.8183866739273071,,,,,
21,,,30699,,,,,,,,1.5051850080490112,,,,,
21,,,30719,,,,,,,,3.431878089904785,,,,,
21,,,30739,,,,,,,,2.229360342025757,,,,,
21,,,30759,,,,,,,,1.5742682218551636,,,,,
21,,,30779,,,,,,,,1.1860755681991577,,,,,
21,,,30799,,,,,,,,4.146560192108154,,,,,
21,,,30819,,,,,,,,3.533083200454712,,,,,
21,,,30839,,,,,,,,6.568636894226074,,,,,
21,,,30859,,,,,,,,4.208888530731201,,,,,
21,,,30879,,,,,,,,2.2346391677856445,,,,,
21,,,30899,,,,,,,,1.5075641870498657,,,,,
21,,,30919,,,,,,,,1.1367888450622559,,,,,
21,,,30939,,,,,,,,1.5743712186813354,,,,,
21,,,30959,,,,,,,,3.4428915977478027,,,,,
21,,,30979,,,,,,,,1.5146808624267578,,,,,
21,,,30999,,,,,,,,1.6369837522506714,,,,,
21,,,31019,,,,,,,,2.0032460689544678,,,,,
21,,,31039,,,,,,,,1.2457035779953003,,,,,
21,,,31059,,,,,,,,2.8908438682556152,,,,,
21,,,31079,,,,,,,,2.2813241481781006,,,,,
21,,,31099,,,,,,,,2.9486184120178223,,,,,
21,,,31119,,,,,,,,5.004383087158203,,,,,
21,,,31139,,,,,,,,3.3546810150146484,,,,,
21,,,31159,,,,,,,,3.4979119300842285,,,,,
21,,,31179,,,,,,,,1.2307368516921997,,,,,
21,,,31199,,,,,,,,2.916229724884033,,,,,
21,,,31219,,,,,,,,1.3251358270645142,,,,,
21,,,31239,,,,,,,,3.861626148223877,,,,,
21,,,31259,,,,,,,,1.4819685220718384,,,,,
21,,,31279,,,,,,,,2.8904478549957275,,,,,
21,,,31299,,,,,,,,1.0926704406738281,,,,,
21,,,31319,,,,,,,,2.95668363571167,,,,,
21,,,31339,,,,,,,,1.3865911960601807,,,,,
21,,,31359,,,,,,,,1.6715331077575684,,,,,
21,,,31379,,,,,,,,1.5740342140197754,,,,,
21,,,31399,,,,,,,,1.2532011270523071,,,,,
21,,,31419,,,,,,,,1.3358625173568726,,,,,
21,,,31439,,,,,,,,1.5736579895019531,,,,,
21,,,31459,,,,,,,,5.223637580871582,,,,,
21,,,31479,,,,,,,,1.308746099472046,,,,,
21,,,31499,,,,,,,,1.3832988739013672,,,,,
21,,,31519,,,,,,,,3.0197973251342773,,,,,
21,,,31539,,,,,,,,2.9971413612365723,,,,,
21,,,31559,,,,,,,,4.32474422454834,,,,,
21,,,31569,,,,,,,,,0.37382644414901733,0.2528783082962036,8.321595191955566,0.2305903285741806,0.33936455845832825
21,,,31569,,,,,,0.3297119438648224,2.636422634124756,,,,,,
22,,,31570,0.3974098861217499,0.7213008999824524,0.2645019292831421,8.686985969543457,0.2524549067020416,,,,,,,,
